filename,text,source
img_1.jpg,cefiget 40mg,89
img_2.jpg,tab azimax,89
img_3.jpg,tab toniflex,89
img_4.jpg,nims,89
img_5.jpg,dicloran,89
img_6.jpg,breeky,89
img_7.jpg,pronaz,89
img_8.jpg,movax,89
img_9.jpg,cap caricef,89
img_10.jpg,bisleri,89
img_11.jpg,tab novidat,89
img_12.jpg,tab azitma 500mg,89
img_13.jpg,tab tonoflex p,89
img_14.jpg,tab nims 100mg,89
img_15.jpg,tab dicloran,89
img_16.jpg,tab breaky,89
img_17.jpg,tab provas,89
img_18.jpg,cap caricef 40mg,89
img_19.jpg,tab bisleri,89
img_20.jpg,tab novidat,89
img_21.jpg,tab distalgesic,89
img_22.jpg,tab atcomid,89
img_23.jpg,tab atconate,89
img_25.jpg,tab mesulid,89
img_26.jpg,movelate,89
img_27.jpg,uriguard,89
img_28.jpg,na dard,89
img_30.jpg,tab atcam,89
img_31.jpg,tab my d,89
img_32.jpg,tab ostium,89
img_33.jpg,tab distalgasic,89
img_34.jpg,tab atcomid,89
img_35.jpg,tab atconate,89
img_36.jpg,tab mesulid,89
img_37.jpg,tab movalate,89
img_38.jpg,tab uriguard,89
img_39.jpg,tab na dard,89
img_40.jpg,tab atcam,89
img_41.jpg,tab my d,89
img_42.jpg,tab ostium,89
img_43.jpg,tab getryl 1mg,89
img_44.jpg,tab covam 5-80mg,89
img_45.jpg,tab fexet 60mg,89
img_46.jpg,starcox 90,89
img_47.jpg,leflox 200mg,89
img_48.jpg,cefiget 40mg,89
img_49.jpg,tab lipiget 10mg,89
img_50.jpg,cap risek 20mg,89
img_51.jpg,nebil ,89
img_52.jpg,tab montiget 10mg,89
img_53.jpg,montiget,89
img_54.jpg,getryl,89
img_55.jpg,covam,89
img_56.jpg,fexet,89
img_57.jpg,starcox 90,89
img_58.jpg,leflox,89
img_59.jpg,risek,89
img_60.jpg,lipiget,89
img_61.jpg,azitma,89
img_62.jpg,tonoflox,89
img_63.jpg,novidate,89
img_64.jpg,getryl,89
img_65.jpg,covam,89
img_66.jpg,fixit,89
img_67.jpg,starcox,89
img_68.jpg,leflox,89
img_69.jpg,cefeget,89
img_70.jpg,risek,89
img_71.jpg,lipiget,89
img_72.jpg,montiget,89
img_73.jpg,distalgesic,89
img_74.jpg,tab atcomid,89
img_75.jpg,tab atconate,89
img_76.jpg,tab mesulid,89
img_77.jpg,tab movelate,89
img_78.jpg,tab uriguard,89
img_79.jpg,tab na dard,89
img_80.jpg,tab atcam,89
img_81.jpg,my-d,89
img_82.jpg,ostium,89
img_83.jpg,nims,89
img_84.jpg,dicloran,89
img_85.jpg,breeky,89
img_86.jpg,provas,89
img_87.jpg,movax,89
img_88.jpg,caricef,89
img_89.jpg,bisleri,89
img_90.jpg,5% dns,RxHand Original
img_91.jpg,5% dns,RxHand Original
img_92.jpg,5% dns,RxHand Original
img_93.jpg,5% dns,RxHand Original
img_94.jpg,5% dns,RxHand Original
img_95.jpg,5% dns,RxHand Original
img_96.jpg,5% dns,RxHand Original
img_97.jpg,5% dns,RxHand Original
img_98.jpg,5% dns,RxHand Original
img_99.jpg,Aaxius,RxHand Original
img_100.jpg,Abasaglar,RxHand Original
img_101.jpg,Abasaglar,RxHand Original
img_102.jpg,abasaglar,RxHand Original
img_103.jpg,abasaglar,RxHand Original
img_104.jpg,Abicon,RxHand Original
img_105.jpg,abicon max,RxHand Original
img_106.jpg,AC PR,RxHand Original
img_107.jpg,Ace,RxHand Original
img_108.jpg,Ace,RxHand Original
img_109.jpg,Ace,RxHand Original
img_110.jpg,Ace,RxHand Original
img_111.jpg,Ace Power,RxHand Original
img_112.jpg,Ace power,RxHand Original
img_113.jpg,Ace XR,RxHand Original
img_114.jpg,Acemox,RxHand Original
img_115.jpg,acliz plus,RxHand Original
img_116.jpg,acliz plus,RxHand Original
img_117.jpg,Acliz Plus,RxHand Original
img_118.jpg,Acliz Plus,RxHand Original
img_119.jpg,Acliz Plus,RxHand Original
img_120.jpg,acron,RxHand Original
img_121.jpg,Actilac,RxHand Original
img_122.jpg,Actilac,RxHand Original
img_123.jpg,Actilac,RxHand Original
img_124.jpg,actilac,RxHand Original
img_125.jpg,Actrafid,RxHand Original
img_126.jpg,Actrafid,RxHand Original
img_127.jpg,Actrafid,RxHand Original
img_128.jpg,Actrafid,RxHand Original
img_129.jpg,Actrapid,RxHand Original
img_130.jpg,Actrapid,RxHand Original
img_131.jpg,Actrapid,RxHand Original
img_132.jpg,Actrapid,RxHand Original
img_133.jpg,Actrapid,RxHand Original
img_134.jpg,Actrapid,RxHand Original
img_135.jpg,Actrapid,RxHand Original
img_136.jpg,Actrapid,RxHand Original
img_137.jpg,Actrapid,RxHand Original
img_138.jpg,Actrapid,RxHand Original
img_139.jpg,Actrapid,RxHand Original
img_140.jpg,Actrapid,RxHand Original
img_141.jpg,actrapid,RxHand Original
img_142.jpg,actrapid,RxHand Original
img_143.jpg,actrapid,RxHand Original
img_144.jpg,Adora,RxHand Original
img_145.jpg,Adovas,RxHand Original
img_146.jpg,Adovas,RxHand Original
img_147.jpg,Alcet,RxHand Original
img_148.jpg,aeropen,RxHand Original
img_149.jpg,Afix,RxHand Original
img_150.jpg,afix,RxHand Original
img_151.jpg,afix,RxHand Original
img_152.jpg,afix,RxHand Original
img_153.jpg,A-Flux,RxHand Original
img_154.jpg,A-flux,RxHand Original
img_155.jpg,Afrin,RxHand Original
img_156.jpg,A-fun,RxHand Original
img_157.jpg,Airmont,RxHand Original
img_158.jpg,Aislof max,RxHand Original
img_159.jpg,alafix,RxHand Original
img_160.jpg,alafix,RxHand Original
img_161.jpg,alafix,RxHand Original
img_162.jpg,alafix,RxHand Original
img_163.jpg,alafix,RxHand Original
img_164.jpg,alafix,RxHand Original
img_165.jpg,alafix,RxHand Original
img_166.jpg,alafix,RxHand Original
img_167.jpg,alafix,RxHand Original
img_168.jpg,alafix,RxHand Original
img_169.jpg,alafix,RxHand Original
img_170.jpg,alafix,RxHand Original
img_171.jpg,Alanol,RxHand Original
img_172.jpg,Alatol,RxHand Original
img_173.jpg,Alatrof,RxHand Original
img_174.jpg,Alatrol,RxHand Original
img_175.jpg,Alben,RxHand Original
img_176.jpg,Albumin,RxHand Original
img_177.jpg,albutein,RxHand Original
img_178.jpg,Alc,RxHand Original
img_179.jpg,Alcef,RxHand Original
img_180.jpg,Alcef,RxHand Original
img_181.jpg,Alcef,RxHand Original
img_182.jpg,Alcet,RxHand Original
img_183.jpg,Alcet,RxHand Original
img_184.jpg,Alcet,RxHand Original
img_185.jpg,Alcet,RxHand Original
img_186.jpg,Alcet,RxHand Original
img_187.jpg,Alcet,RxHand Original
img_188.jpg,Alcet,RxHand Original
img_189.jpg,Alcet,RxHand Original
img_190.jpg,Alcet,RxHand Original
img_191.jpg,Alcet,RxHand Original
img_192.jpg,Alcet,RxHand Original
img_193.jpg,alcet,RxHand Original
img_194.jpg,alcet,RxHand Original
img_195.jpg,Alect,RxHand Original
img_196.jpg,Alfane,RxHand Original
img_197.jpg,Alfane,RxHand Original
img_198.jpg,Alfane,RxHand Original
img_199.jpg,Alfane,RxHand Original
img_200.jpg,Alfane,RxHand Original
img_201.jpg,Alfix,RxHand Original
img_202.jpg,algecal,RxHand Original
img_203.jpg,Algend,RxHand Original
img_204.jpg,Algin,RxHand Original
img_205.jpg,Algin,RxHand Original
img_206.jpg,Algin,RxHand Original
img_207.jpg,Algin,RxHand Original
img_208.jpg,Algin,RxHand Original
img_209.jpg,Algin,RxHand Original
img_210.jpg,Algin,RxHand Original
img_211.jpg,Algin,RxHand Original
img_212.jpg,Algin,RxHand Original
img_213.jpg,Algin,RxHand Original
img_214.jpg,Algin,RxHand Original
img_215.jpg,algin,RxHand Original
img_216.jpg,algin,RxHand Original
img_217.jpg,Algin,RxHand Original
img_218.jpg,algin,RxHand Original
img_219.jpg,algin,RxHand Original
img_220.jpg,Algin,RxHand Original
img_221.jpg,Algin,RxHand Original
img_222.jpg,Algin,RxHand Original
img_223.jpg,Algin,RxHand Original
img_224.jpg,Algin,RxHand Original
img_225.jpg,Algin,RxHand Original
img_226.jpg,Algin,RxHand Original
img_227.jpg,Algin,RxHand Original
img_228.jpg,Algin,RxHand Original
img_229.jpg,Algin,RxHand Original
img_230.jpg,Algin,RxHand Original
img_231.jpg,Algin,RxHand Original
img_232.jpg,Algin,RxHand Original
img_233.jpg,Algin,RxHand Original
img_234.jpg,Algin,RxHand Original
img_235.jpg,Algin,RxHand Original
img_236.jpg,Algin,RxHand Original
img_237.jpg,Algin,RxHand Original
img_238.jpg,Algin,RxHand Original
img_239.jpg,Algin,RxHand Original
img_240.jpg,Algin,RxHand Original
img_241.jpg,Algin,RxHand Original
img_242.jpg,Algin,RxHand Original
img_243.jpg,Algin,RxHand Original
img_244.jpg,Algin,RxHand Original
img_245.jpg,Algin,RxHand Original
img_246.jpg,Algin,RxHand Original
img_247.jpg,Algin,RxHand Original
img_248.jpg,Algin,RxHand Original
img_249.jpg,Algin,RxHand Original
img_250.jpg,Algin,RxHand Original
img_251.jpg,Algin,RxHand Original
img_252.jpg,Algin,RxHand Original
img_253.jpg,Algin,RxHand Original
img_254.jpg,Algin,RxHand Original
img_255.jpg,Algin,RxHand Original
img_256.jpg,Algin,RxHand Original
img_257.jpg,Algin,RxHand Original
img_258.jpg,Algin,RxHand Original
img_259.jpg,Algin,RxHand Original
img_260.jpg,Algin,RxHand Original
img_261.jpg,Algin,RxHand Original
img_262.jpg,Algin,RxHand Original
img_263.jpg,Algin,RxHand Original
img_264.jpg,Algin,RxHand Original
img_265.jpg,Algin,RxHand Original
img_266.jpg,Algin,RxHand Original
img_267.jpg,Algin,RxHand Original
img_268.jpg,Algin,RxHand Original
img_269.jpg,Algin,RxHand Original
img_270.jpg,Algin,RxHand Original
img_271.jpg,Algin,RxHand Original
img_272.jpg,Algin,RxHand Original
img_273.jpg,Algin,RxHand Original
img_274.jpg,Algin,RxHand Original
img_275.jpg,Algin,RxHand Original
img_276.jpg,Algin,RxHand Original
img_277.jpg,algin,RxHand Original
img_278.jpg,algin,RxHand Original
img_279.jpg,algin,RxHand Original
img_280.jpg,algin,RxHand Original
img_281.jpg,algin,RxHand Original
img_282.jpg,Algin Plus,RxHand Original
img_283.jpg,Algin Sorg,RxHand Original
img_284.jpg,alix,RxHand Original
img_285.jpg,Allcaron,RxHand Original
img_286.jpg,Allyglot,RxHand Original
img_287.jpg,Almex tab,RxHand Original
img_288.jpg,Alolrol,RxHand Original
img_289.jpg,ALOS,RxHand Original
img_290.jpg,Alrin,RxHand Original
img_291.jpg,Ambrox,RxHand Original
img_292.jpg,Ambrox,RxHand Original
img_293.jpg,Ambrox,RxHand Original
img_294.jpg,Ambrox,RxHand Original
img_295.jpg,Ambrox,RxHand Original
img_296.jpg,Ambrox,RxHand Original
img_297.jpg,ambrox,RxHand Original
img_298.jpg,ambrox,RxHand Original
img_299.jpg,Ambroy,RxHand Original
img_300.jpg,amdocal,RxHand Original
img_301.jpg,amdocal,RxHand Original
img_302.jpg,amdoral,RxHand Original
img_303.jpg,Amikacin,RxHand Original
img_304.jpg,Amikacin,RxHand Original
img_305.jpg,Amilin,RxHand Original
img_306.jpg,Amilin,RxHand Original
img_307.jpg,amilin,RxHand Original
img_308.jpg,Amlip,RxHand Original
img_309.jpg,Amino Plm,RxHand Original
img_310.jpg,Aminosol,RxHand Original
img_311.jpg,Aminosol,RxHand Original
img_312.jpg,Aminosol,RxHand Original
img_313.jpg,Amitip,RxHand Original
img_314.jpg,Amitip,RxHand Original
img_315.jpg,Amitip,RxHand Original
img_316.jpg,Amitip,RxHand Original
img_317.jpg,Amitip,RxHand Original
img_318.jpg,Amitip,RxHand Original
img_319.jpg,Amitip,RxHand Original
img_320.jpg,Amitip,RxHand Original
img_321.jpg,Amitip,RxHand Original
img_322.jpg,Amitip,RxHand Original
img_323.jpg,Amitip,RxHand Original
img_324.jpg,Amitip,RxHand Original
img_325.jpg,Amitip,RxHand Original
img_326.jpg,Amlip,RxHand Original
img_327.jpg,Amlip,RxHand Original
img_328.jpg,Amlocal,RxHand Original
img_329.jpg,Amlrocaf,RxHand Original
img_330.jpg,Anadol,RxHand Original
img_331.jpg,Anadol,RxHand Original
img_332.jpg,Anadol,RxHand Original
img_333.jpg,Anadol,RxHand Original
img_334.jpg,Anadol,RxHand Original
img_335.jpg,Anadol,RxHand Original
img_336.jpg,Anadol,RxHand Original
img_337.jpg,Anadol,RxHand Original
img_338.jpg,Anadol,RxHand Original
img_339.jpg,Anadol,RxHand Original
img_340.jpg,Anadol,RxHand Original
img_341.jpg,Anadol,RxHand Original
img_342.jpg,Anadol,RxHand Original
img_343.jpg,anadol,RxHand Original
img_344.jpg,anadol,RxHand Original
img_345.jpg,Analac,RxHand Original
img_346.jpg,Anadol,RxHand Original
img_347.jpg,Ancor 5,RxHand Original
img_348.jpg,aneobex,RxHand Original
img_349.jpg,Anfree,RxHand Original
img_350.jpg,Anfrocef,RxHand Original
img_351.jpg,Anfuye,RxHand Original
img_352.jpg,Angilock,RxHand Original
img_353.jpg,Anitip,RxHand Original
img_354.jpg,Anitip,RxHand Original
img_355.jpg,Anitip,RxHand Original
img_356.jpg,Anitip,RxHand Original
img_357.jpg,Anitip,RxHand Original
img_358.jpg,Anitip,RxHand Original
img_359.jpg,Anlin,RxHand Original
img_360.jpg,Anodof,RxHand Original
img_361.jpg,Anodol,RxHand Original
img_362.jpg,ansef,RxHand Original
img_363.jpg,Anset,RxHand Original
img_364.jpg,Ansilou,RxHand Original
img_365.jpg,Anstouit,RxHand Original
img_366.jpg,Ansulin,RxHand Original
img_367.jpg,Ansulin  ,RxHand Original
img_368.jpg,Insulin R,RxHand Original
img_369.jpg,Insulin R,RxHand Original
img_370.jpg,Insulin R,RxHand Original
img_371.jpg,Insulin R,RxHand Original
img_372.jpg,Antazol,RxHand Original
img_373.jpg,Antazol,RxHand Original
img_374.jpg,antazol,RxHand Original
img_375.jpg,Anustat,RxHand Original
img_376.jpg,Anustat,RxHand Original
img_377.jpg,anustat,RxHand Original
img_378.jpg,Amitip,RxHand Original
img_379.jpg,Amitip,RxHand Original
img_380.jpg,Amitip,RxHand Original
img_381.jpg,Amitip,RxHand Original
img_382.jpg,Aorifip,RxHand Original
img_383.jpg,Aorifip,RxHand Original
img_384.jpg,Apeclo,RxHand Original
img_385.jpg,Apeclo,RxHand Original
img_386.jpg,Apeclo,RxHand Original
img_387.jpg,Apeclo,RxHand Original
img_388.jpg,Apeclo,RxHand Original
img_389.jpg,Apeclo,RxHand Original
img_390.jpg,Apeclo,RxHand Original
img_391.jpg,apedra sr,RxHand Original
img_392.jpg,Apeelo,RxHand Original
img_393.jpg,Apeelo,RxHand Original
img_394.jpg,Apeelo,RxHand Original
img_395.jpg,Apeelo,RxHand Original
img_396.jpg,Apeelo,RxHand Original
img_397.jpg,Apeelo,RxHand Original
img_398.jpg,Apeelo,RxHand Original
img_399.jpg,apuldon,RxHand Original
img_400.jpg,apuldon,RxHand Original
img_401.jpg,Arth-A Max,RxHand Original
img_402.jpg,Aristovil-B,RxHand Original
img_403.jpg,Aristovit,RxHand Original
img_405.jpg,Aristovit,RxHand Original
img_406.jpg,Aristovit -B,RxHand Original
img_407.jpg,Aristovit-B,RxHand Original
img_408.jpg,Arlila,RxHand Original
img_409.jpg,Arlin,RxHand Original
img_410.jpg,Arlin,RxHand Original
img_411.jpg,Arlin,RxHand Original
img_412.jpg,Arlin,RxHand Original
img_413.jpg,Arlin,RxHand Original
img_414.jpg,Arlin,RxHand Original
img_415.jpg,Arlin,RxHand Original
img_416.jpg,arlin,RxHand Original
img_417.jpg,Arnitip,RxHand Original
img_418.jpg,Aropen,RxHand Original
img_419.jpg,Aropen,RxHand Original
img_420.jpg,Aropen,RxHand Original
img_421.jpg,Aropens,RxHand Original
img_422.jpg,Arsiloca,RxHand Original
img_423.jpg,arth,RxHand Original
img_424.jpg,arth,RxHand Original
img_425.jpg,arth,RxHand Original
img_426.jpg,arth,RxHand Original
img_427.jpg,Arth  ,RxHand Original
img_428.jpg,Arth A Max,RxHand Original
img_429.jpg,Arth A Max,RxHand Original
img_430.jpg,Arth A max,RxHand Original
img_431.jpg,Arth A max,RxHand Original
img_432.jpg,Arth An,RxHand Original
img_433.jpg,Arth ATS,RxHand Original
img_434.jpg,artica,RxHand Original
img_435.jpg,Ascobex,RxHand Original
img_436.jpg,Ascoson,RxHand Original
img_437.jpg,ascoson,RxHand Original
img_438.jpg,Asthma,RxHand Original
img_439.jpg,Asynta,RxHand Original
img_440.jpg,Asynta,RxHand Original
img_441.jpg,Asynta,RxHand Original
img_442.jpg,Asynta,RxHand Original
img_443.jpg,Asynta,RxHand Original
img_444.jpg,asynta,RxHand Original
img_445.jpg,Asynta max,RxHand Original
img_446.jpg,Asynta max,RxHand Original
img_447.jpg,Asynta max,RxHand Original
img_448.jpg,Asynta max,RxHand Original
img_449.jpg,atlin,RxHand Original
img_450.jpg,Atoz,RxHand Original
img_451.jpg,Atoz,RxHand Original
img_452.jpg,Atozen,RxHand Original
img_453.jpg,Auolac,RxHand Original
img_454.jpg,Auolac,RxHand Original
img_455.jpg,Autazol,RxHand Original
img_456.jpg,Avloclav,RxHand Original
img_457.jpg,Avloclav,RxHand Original
img_458.jpg,Avloclav,RxHand Original
img_459.jpg,Avolac,RxHand Original
img_460.jpg,Avolac,RxHand Original
img_461.jpg,Avolac,RxHand Original
img_462.jpg,Avolac,RxHand Original
img_463.jpg,Avolac,RxHand Original
img_464.jpg,Avolac,RxHand Original
img_465.jpg,Avolac,RxHand Original
img_466.jpg,Avolac,RxHand Original
img_467.jpg,Avolac,RxHand Original
img_468.jpg,Avolac,RxHand Original
img_469.jpg,Avolac,RxHand Original
img_470.jpg,Avolac,RxHand Original
img_471.jpg,avolu,RxHand Original
img_472.jpg,Axim,RxHand Original
img_473.jpg,Axim,RxHand Original
img_474.jpg,axim,RxHand Original
img_475.jpg,Axim CV,RxHand Original
img_476.jpg,Axim CV,RxHand Original
img_477.jpg,axim cv,RxHand Original
img_478.jpg,Aximcy,RxHand Original
img_479.jpg,axon,RxHand Original
img_480.jpg,axon,RxHand Original
img_481.jpg,axon,RxHand Original
img_482.jpg,Ayim,RxHand Original
img_483.jpg,Azibact,RxHand Original
img_484.jpg,Azinel,RxHand Original
img_485.jpg,Azinil,RxHand Original
img_486.jpg,Azosite,RxHand Original
img_487.jpg,B. 50 forte,RxHand Original
img_488.jpg,B126,RxHand Original
img_489.jpg,bactrocin,RxHand Original
img_490.jpg,Bactrosin ,RxHand Original
img_491.jpg,Baemax,RxHand Original
img_492.jpg,Baemax,RxHand Original
img_493.jpg,Barbit,RxHand Original
img_494.jpg,Barbit,RxHand Original
img_495.jpg,Barbit,RxHand Original
img_496.jpg,Barbit,RxHand Original
img_497.jpg,Barbit,RxHand Original
img_498.jpg,Barbit,RxHand Original
img_499.jpg,Barbit,RxHand Original
img_500.jpg,Barbit,RxHand Original
img_501.jpg,Barbit,RxHand Original
img_502.jpg,Barbit,RxHand Original
img_503.jpg,Barmax,RxHand Original
img_504.jpg,Barbit,RxHand Original
img_505.jpg,Bartrocin,RxHand Original
img_506.jpg,Baumax,RxHand Original
img_507.jpg,Becobion,RxHand Original
img_508.jpg,Becobion,RxHand Original
img_509.jpg,becobion,RxHand Original
img_510.jpg,becobion,RxHand Original
img_511.jpg,becobion,RxHand Original
img_512.jpg,Beconal,RxHand Original
img_513.jpg,Beconal,RxHand Original
img_514.jpg,Beklo,RxHand Original
img_515.jpg,Beklo,RxHand Original
img_516.jpg,Beklo,RxHand Original
img_517.jpg,Beklo,RxHand Original
img_518.jpg,Beklo,RxHand Original
img_519.jpg,Beklo,RxHand Original
img_520.jpg,Beklo,RxHand Original
img_521.jpg,Beklo,RxHand Original
img_522.jpg,BEKLO,RxHand Original
img_523.jpg,Beklo,RxHand Original
img_524.jpg,Beklo,RxHand Original
img_525.jpg,beklo,RxHand Original
img_526.jpg,Beklo 10,RxHand Original
img_527.jpg,Ben A,RxHand Original
img_528.jpg,bengel,RxHand Original
img_529.jpg,Best Fresh,RxHand Original
img_530.jpg,betaloc,RxHand Original
img_531.jpg,Bex 10,RxHand Original
img_532.jpg,Bex 10,RxHand Original
img_533.jpg,Bexitrol,RxHand Original
img_534.jpg,Bexitrol,RxHand Original
img_535.jpg,Bexter,RxHand Original
img_536.jpg,Bextwfiluy,RxHand Original
img_537.jpg,Bicozin,RxHand Original
img_538.jpg,Bicozin,RxHand Original
img_539.jpg,Bilan,RxHand Original
img_540.jpg,Bilan,RxHand Original
img_541.jpg,Bilan,RxHand Original
img_542.jpg,Bilan,RxHand Original
img_543.jpg,Bilan,RxHand Original
img_544.jpg,Bilan,RxHand Original
img_545.jpg,Bilau,RxHand Original
img_546.jpg,Bilau,RxHand Original
img_547.jpg,Bilau,RxHand Original
img_548.jpg,Bilau 20,RxHand Original
img_549.jpg,Bilax,RxHand Original
img_550.jpg,Bilaxe,RxHand Original
img_551.jpg,Bilaxe,RxHand Original
img_552.jpg,Bilaxe,RxHand Original
img_553.jpg,Bilaxe,RxHand Original
img_554.jpg,Bilaxe,RxHand Original
img_555.jpg,Bilaxe,RxHand Original
img_556.jpg,Bilaxe,RxHand Original
img_557.jpg,Bilaxe,RxHand Original
img_558.jpg,Bilaxe,RxHand Original
img_559.jpg,Bilaxe,RxHand Original
img_560.jpg,Bilaxe,RxHand Original
img_561.jpg,Bilaxe,RxHand Original
img_562.jpg,Bilaxe,RxHand Original
img_563.jpg,Bilaxe,RxHand Original
img_564.jpg,Bilaxe,RxHand Original
img_565.jpg,Bilaxe,RxHand Original
img_566.jpg,Bilaxe,RxHand Original
img_567.jpg,Bilaxe,RxHand Original
img_568.jpg,Bilaxe,RxHand Original
img_569.jpg,Bilaxe,RxHand Original
img_570.jpg,bilaxe,RxHand Original
img_571.jpg,bilaxe,RxHand Original
img_572.jpg,bilaxe,RxHand Original
img_573.jpg,bilaxe,RxHand Original
img_574.jpg,bilaxe,RxHand Original
img_575.jpg,Bildent,RxHand Original
img_576.jpg,Bilfast,RxHand Original
img_577.jpg,Bilfast,RxHand Original
img_578.jpg,Bilfastl,RxHand Original
img_579.jpg,Bilista,RxHand Original
img_580.jpg,Bilista,RxHand Original
img_581.jpg,Billi,RxHand Original
img_582.jpg,Bilon,RxHand Original
img_583.jpg,Biloxe,RxHand Original
img_584.jpg,Bilozin,RxHand Original
img_585.jpg,Biltant,RxHand Original
img_586.jpg,Biltin,RxHand Original
img_587.jpg,Biltin,RxHand Original
img_588.jpg,Biltin,RxHand Original
img_589.jpg,Biltin,RxHand Original
img_590.jpg,Biltin,RxHand Original
img_591.jpg,Biltin 20,RxHand Original
img_592.jpg,Biocal-Dx,RxHand Original
img_593.jpg,Bionic,RxHand Original
img_594.jpg,Biscor,RxHand Original
img_595.jpg,Biscor,RxHand Original
img_596.jpg,Biscor,RxHand Original
img_597.jpg,Biscor,RxHand Original
img_598.jpg,Biscor,RxHand Original
img_599.jpg,Biscor,RxHand Original
img_600.jpg,Biscor,RxHand Original
img_601.jpg,Biscor 5,RxHand Original
img_602.jpg,Biscor 5,RxHand Original
img_603.jpg,Biscor 5,RxHand Original
img_604.jpg,Biscor 5,RxHand Original
img_605.jpg,Biscor 5,RxHand Original
img_606.jpg,Biscor max,RxHand Original
img_607.jpg,Biscor max,RxHand Original
img_608.jpg,Biscor,RxHand Original
img_609.jpg,Biscor,RxHand Original
img_610.jpg,Biscor,RxHand Original
img_611.jpg,Bislol,RxHand Original
img_612.jpg,Bislol,RxHand Original
img_613.jpg,Bislol,RxHand Original
img_614.jpg,Bislol,RxHand Original
img_615.jpg,Bislol,RxHand Original
img_616.jpg,Bislol,RxHand Original
img_617.jpg,Bislol,RxHand Original
img_618.jpg,Bislol,RxHand Original
img_619.jpg,Bislol,RxHand Original
img_620.jpg,Bislol,RxHand Original
img_621.jpg,Bislol,RxHand Original
img_622.jpg,Bislol,RxHand Original
img_623.jpg,Bislol,RxHand Original
img_624.jpg,Bislol 5,RxHand Original
img_625.jpg,Bislol 5,RxHand Original
img_626.jpg,Biscor,RxHand Original
img_627.jpg,Bisnen2.5,RxHand Original
img_628.jpg,Bisoren,RxHand Original
img_629.jpg,Bisoren,RxHand Original
img_630.jpg,Bisoren,RxHand Original
img_631.jpg,Bisoren,RxHand Original
img_632.jpg,Bisoren,RxHand Original
img_633.jpg,Bisoren,RxHand Original
img_634.jpg,Bisoren 5,RxHand Original
img_635.jpg,Bisoren 5,RxHand Original
img_636.jpg,Bizoran,RxHand Original
img_637.jpg,Bizoran,RxHand Original
img_638.jpg,Bizoran,RxHand Original
img_639.jpg,Bizoran,RxHand Original
img_640.jpg,Bizoran,RxHand Original
img_641.jpg,Bizoran,RxHand Original
img_642.jpg,Bizoran,RxHand Original
img_643.jpg,blomen,RxHand Original
img_644.jpg,Blood,RxHand Original
img_645.jpg,BONID,RxHand Original
img_646.jpg,Brain.V,RxHand Original
img_647.jpg,Brain.V,RxHand Original
img_648.jpg,Bredicon,RxHand Original
img_649.jpg,Brezofil,RxHand Original
img_650.jpg,Brezofil,RxHand Original
img_651.jpg,Brezofil,RxHand Original
img_652.jpg,Brezofil 200,RxHand Original
img_653.jpg,Brodil,RxHand Original
img_654.jpg,Brodin,RxHand Original
img_655.jpg,Bromen,RxHand Original
img_656.jpg,Bron Gel,RxHand Original
img_657.jpg,BRON GVEL,RxHand Original
img_658.jpg,BRON WASFI,RxHand Original
img_659.jpg,Bron Wash,RxHand Original
img_660.jpg,Broxolite,RxHand Original
img_661.jpg,Broxolite,RxHand Original
img_662.jpg,budicort,RxHand Original
img_663.jpg,budicort,RxHand Original
img_664.jpg,budicort,RxHand Original
img_665.jpg,budicort,RxHand Original
img_666.jpg,budicort,RxHand Original
img_667.jpg,budicort,RxHand Original
img_668.jpg,budicort,RxHand Original
img_669.jpg,budicort,RxHand Original
img_670.jpg,budicort,RxHand Original
img_671.jpg,budicort,RxHand Original
img_672.jpg,Bukof,RxHand Original
img_673.jpg,cabergol,RxHand Original
img_674.jpg,cabetool,RxHand Original
img_675.jpg,cabretol cr,RxHand Original
img_676.jpg,cabretol cr,RxHand Original
img_677.jpg,Caficid,RxHand Original
img_678.jpg,Cafixim,RxHand Original
img_679.jpg,calacef,RxHand Original
img_680.jpg,Calamine,RxHand Original
img_681.jpg,Calbo,RxHand Original
img_682.jpg,Calbo  ,RxHand Original
img_683.jpg,Calbo D,RxHand Original
img_684.jpg,Calbo D,RxHand Original
img_685.jpg,Calbo-D,RxHand Original
img_686.jpg,Calbo-D,RxHand Original
img_687.jpg,Calbo-D,RxHand Original
img_688.jpg,Calbo-D,RxHand Original
img_689.jpg,Calbo-D,RxHand Original
img_692.jpg,Calbo-D,RxHand Original
img_693.jpg,Calbo-D,RxHand Original
img_694.jpg,Calbo-D,RxHand Original
img_695.jpg,Calbo-D,RxHand Original
img_696.jpg,Calbon,RxHand Original
img_697.jpg,Calboral,RxHand Original
img_698.jpg,Calboral,RxHand Original
img_699.jpg,Calboral,RxHand Original
img_700.jpg,Calboral,RxHand Original
img_701.jpg,Calboral,RxHand Original
img_702.jpg,calboral,RxHand Original
img_703.jpg,Calboral,RxHand Original
img_704.jpg,calboral,RxHand Original
img_705.jpg,Calboral,RxHand Original
img_706.jpg,Calboral,RxHand Original
img_707.jpg,calboral,RxHand Original
img_708.jpg,Calboral,RxHand Original
img_709.jpg,Calboral,RxHand Original
img_710.jpg,Calboral,RxHand Original
img_711.jpg,Calboral,RxHand Original
img_712.jpg,Calboral,RxHand Original
img_713.jpg,Calboral,RxHand Original
img_714.jpg,Calboral,RxHand Original
img_715.jpg,Calboral,RxHand Original
img_716.jpg,Calboral,RxHand Original
img_717.jpg,Calboral,RxHand Original
img_718.jpg,Calboral,RxHand Original
img_719.jpg,Calboral,RxHand Original
img_720.jpg,calboral,RxHand Original
img_721.jpg,calboral,RxHand Original
img_722.jpg,calboral,RxHand Original
img_723.jpg,Calboral,RxHand Original
img_724.jpg,Calboral,RxHand Original
img_725.jpg,Calboral,RxHand Original
img_726.jpg,Calboral,RxHand Original
img_727.jpg,calboral,RxHand Original
img_728.jpg,Calboral,RxHand Original
img_729.jpg,Calboral,RxHand Original
img_730.jpg,Calboral,RxHand Original
img_731.jpg,Calboral,RxHand Original
img_732.jpg,calboral,RxHand Original
img_733.jpg,calboral,RxHand Original
img_734.jpg,calboral,RxHand Original
img_735.jpg,calboral,RxHand Original
img_736.jpg,Calboral D,RxHand Original
img_737.jpg,Calboral D,RxHand Original
img_738.jpg,Calboral D,RxHand Original
img_739.jpg,Calboral D,RxHand Original
img_740.jpg,Calboral D,RxHand Original
img_741.jpg,Calboral D,RxHand Original
img_742.jpg,Calboral D,RxHand Original
img_743.jpg,Calboral D,RxHand Original
img_744.jpg,Calboral D,RxHand Original
img_745.jpg,Calboral D,RxHand Original
img_746.jpg,Calboral D,RxHand Original
img_747.jpg,Calboral D,RxHand Original
img_748.jpg,Calboral dx,RxHand Original
img_749.jpg,Calboral DX,RxHand Original
img_750.jpg,Calboral Dx,RxHand Original
img_751.jpg,Calboral Dx,RxHand Original
img_752.jpg,Calboral Dx,RxHand Original
img_753.jpg,Calboral Dx,RxHand Original
img_754.jpg,Calboral Dx,RxHand Original
img_755.jpg,Calboral Dx,RxHand Original
img_756.jpg,Calboral Dx,RxHand Original
img_757.jpg,Calboral Dx,RxHand Original
img_758.jpg,Calboral Dx,RxHand Original
img_759.jpg,Calboral Dx,RxHand Original
img_760.jpg,Calboral Dx,RxHand Original
img_761.jpg,Calboral Dx,RxHand Original
img_762.jpg,Calboral-D,RxHand Original
img_763.jpg,Calboral-D,RxHand Original
img_764.jpg,Calboral-D,RxHand Original
img_765.jpg,Calboral-DX,RxHand Original
img_766.jpg,Calboral-DX,RxHand Original
img_767.jpg,Calboral-DX,RxHand Original
img_768.jpg,Calboral-DX,RxHand Original
img_769.jpg,Calboral-Dx,RxHand Original
img_770.jpg,Calborul-D,RxHand Original
img_771.jpg,calcor,RxHand Original
img_772.jpg,Calcor-D,RxHand Original
img_773.jpg,Calcor-D,RxHand Original
img_774.jpg,Calcor-D,RxHand Original
img_775.jpg,Calcor-D,RxHand Original
img_776.jpg,Calcor-D,RxHand Original
img_777.jpg,Calcor-D,RxHand Original
img_778.jpg,Calcor-D,RxHand Original
img_779.jpg,Calcor-D,RxHand Original
img_780.jpg,Calcor-D,RxHand Original
img_781.jpg,Calcor-D,RxHand Original
img_782.jpg,Calcor-D,RxHand Original
img_783.jpg,Calcor-D,RxHand Original
img_784.jpg,Calcor-D,RxHand Original
img_785.jpg,Calcor-D,RxHand Original
img_786.jpg,Calcor-D,RxHand Original
img_787.jpg,Calcor-D,RxHand Original
img_788.jpg,Calcor-D,RxHand Original
img_789.jpg,Calcor-D,RxHand Original
img_790.jpg,Calcor-D,RxHand Original
img_791.jpg,Calcor-D,RxHand Original
img_792.jpg,Calcor-D,RxHand Original
img_793.jpg,Calcor-D,RxHand Original
img_794.jpg,Calcor-D,RxHand Original
img_795.jpg,Calcor-D,RxHand Original
img_796.jpg,Calcor-D,RxHand Original
img_797.jpg,Calcor-D,RxHand Original
img_798.jpg,Calcor-D,RxHand Original
img_799.jpg,Calcor-D,RxHand Original
img_800.jpg,Calcor-D,RxHand Original
img_801.jpg,Calcor-D,RxHand Original
img_804.jpg,Calcor-D,RxHand Original
img_805.jpg,Calcor-D,RxHand Original
img_806.jpg,Calcor-D,RxHand Original
img_808.jpg,Calcor-D,RxHand Original
img_809.jpg,Calcor-D,RxHand Original
img_810.jpg,Calcor-D,RxHand Original
img_811.jpg,Calcor-Dx,RxHand Original
img_812.jpg,Calcor-Dx,RxHand Original
img_813.jpg,Calcor-Dx,RxHand Original
img_814.jpg,Callin,RxHand Original
img_815.jpg,Calnor,RxHand Original
img_816.jpg,Clavutil,RxHand Original
img_817.jpg,Clavutil,RxHand Original
img_818.jpg,Clavutil,RxHand Original
img_819.jpg,candifast,RxHand Original
img_820.jpg,Canficid,RxHand Original
img_821.jpg,Cantilid,RxHand Original
img_822.jpg,cap,RxHand Original
img_823.jpg,cap,RxHand Original
img_824.jpg,cap,RxHand Original
img_825.jpg,cap,RxHand Original
img_826.jpg,cap,RxHand Original
img_827.jpg,cap. Dexilend,RxHand Original
img_828.jpg,Cap. ESONEX,RxHand Original
img_829.jpg,cap. Esprazo,RxHand Original
img_830.jpg,cap. Esprazo,RxHand Original
img_831.jpg,cap. Ferix-v,RxHand Original
img_832.jpg,cap. Flugal,RxHand Original
img_833.jpg,Cap. Foldin,RxHand Original
img_834.jpg,cap. Folzim,RxHand Original
img_835.jpg,cap. Folzin,RxHand Original
img_836.jpg,cap. Fzsprazo,RxHand Original
img_837.jpg,cap. Maxpro,RxHand Original
img_838.jpg,cap. Maxpro,RxHand Original
img_839.jpg,Cap. zif,RxHand Original
img_840.jpg,Cap.Fusprazo,RxHand Original
img_841.jpg,Caprodycin,RxHand Original
img_842.jpg,Capsule,RxHand Original
img_843.jpg,Capsule,RxHand Original
img_844.jpg,Capsule,RxHand Original
img_845.jpg,Capsule,RxHand Original
img_846.jpg,Capsule,RxHand Original
img_847.jpg,Capsule,RxHand Original
img_848.jpg,Capsule,RxHand Original
img_849.jpg,Capsule,RxHand Original
img_850.jpg,Capsule,RxHand Original
img_851.jpg,Capsule,RxHand Original
img_852.jpg,Capsule,RxHand Original
img_853.jpg,Capsule,RxHand Original
img_854.jpg,Capsule,RxHand Original
img_855.jpg,Capsule,RxHand Original
img_856.jpg,Capsule,RxHand Original
img_857.jpg,Capsule,RxHand Original
img_858.jpg,Capsule,RxHand Original
img_859.jpg,Capsule,RxHand Original
img_860.jpg,Capsule,RxHand Original
img_861.jpg,Capsule,RxHand Original
img_862.jpg,Capsule,RxHand Original
img_863.jpg,Capsule,RxHand Original
img_864.jpg,Capsule,RxHand Original
img_865.jpg,Capsule,RxHand Original
img_866.jpg,Capsule,RxHand Original
img_867.jpg,Capsule,RxHand Original
img_868.jpg,Capsule,RxHand Original
img_869.jpg,Capsule,RxHand Original
img_870.jpg,Capsule,RxHand Original
img_871.jpg,Capsule,RxHand Original
img_872.jpg,Capsule,RxHand Original
img_873.jpg,Capsule,RxHand Original
img_874.jpg,Capsule,RxHand Original
img_875.jpg,Capsule,RxHand Original
img_876.jpg,Capsule,RxHand Original
img_877.jpg,Capsule,RxHand Original
img_878.jpg,Capsule,RxHand Original
img_879.jpg,Capsule,RxHand Original
img_880.jpg,Capsule,RxHand Original
img_881.jpg,Capsule,RxHand Original
img_882.jpg,Capsule,RxHand Original
img_883.jpg,Capsule,RxHand Original
img_884.jpg,Capsule,RxHand Original
img_885.jpg,Capsule,RxHand Original
img_886.jpg,Capsule,RxHand Original
img_887.jpg,Carbimazofe,RxHand Original
img_888.jpg,Carticare,RxHand Original
img_890.jpg,Carva,RxHand Original
img_891.jpg,Cavinton,RxHand Original
img_892.jpg,CBC,RxHand Original
img_893.jpg,CBC,RxHand Original
img_894.jpg,CBC,RxHand Original
img_895.jpg,CBC,RxHand Original
img_896.jpg,CBC,RxHand Original
img_897.jpg,CBC,RxHand Original
img_898.jpg,CBC,RxHand Original
img_899.jpg,CBC,RxHand Original
img_900.jpg,CBC,RxHand Original
img_901.jpg,cbc,RxHand Original
img_902.jpg,Ceevit,RxHand Original
img_903.jpg,Ceevit,RxHand Original
img_904.jpg,Ceevit,RxHand Original
img_905.jpg,Ceevit,RxHand Original
img_906.jpg,Ceevit,RxHand Original
img_907.jpg,Ceevit,RxHand Original
img_908.jpg,Ceevit,RxHand Original
img_909.jpg,Ceevit,RxHand Original
img_910.jpg,Ceevit,RxHand Original
img_911.jpg,Ceevit,RxHand Original
img_912.jpg,Ceevit,RxHand Original
img_913.jpg,Ceevit,RxHand Original
img_914.jpg,Ceevit,RxHand Original
img_915.jpg,Ceevit,RxHand Original
img_916.jpg,Ceevit,RxHand Original
img_917.jpg,Ceevit,RxHand Original
img_918.jpg,Ceevit,RxHand Original
img_919.jpg,Ceevit,RxHand Original
img_920.jpg,Ceevit,RxHand Original
img_921.jpg,Ceevit,RxHand Original
img_922.jpg,Ceevit,RxHand Original
img_923.jpg,Ceevit,RxHand Original
img_924.jpg,ceevit,RxHand Original
img_925.jpg,ceevit,RxHand Original
img_926.jpg,ceevit,RxHand Original
img_927.jpg,ceevit,RxHand Original
img_928.jpg,ceevit,RxHand Original
img_929.jpg,ceevit,RxHand Original
img_930.jpg,ceevit,RxHand Original
img_931.jpg,ceevit,RxHand Original
img_932.jpg,ceevit,RxHand Original
img_933.jpg,ceevit,RxHand Original
img_934.jpg,ceevit,RxHand Original
img_935.jpg,ceevit,RxHand Original
img_936.jpg,ceevit,RxHand Original
img_937.jpg,ceevit,RxHand Original
img_938.jpg,ceevit,RxHand Original
img_939.jpg,ceevit,RxHand Original
img_940.jpg,ceevit,RxHand Original
img_941.jpg,ceevit,RxHand Original
img_942.jpg,ceevit,RxHand Original
img_943.jpg,ceevit,RxHand Original
img_944.jpg,ceevit,RxHand Original
img_945.jpg,ceevit,RxHand Original
img_946.jpg,ceevit,RxHand Original
img_947.jpg,ceevit,RxHand Original
img_948.jpg,ceevit,RxHand Original
img_949.jpg,ceevit,RxHand Original
img_950.jpg,ceevit,RxHand Original
img_951.jpg,ceevit,RxHand Original
img_952.jpg,ceevit,RxHand Original
img_953.jpg,Cef-3,RxHand Original
img_954.jpg,Cef-3,RxHand Original
img_955.jpg,Cefaclav,RxHand Original
img_956.jpg,Cefaclav,RxHand Original
img_957.jpg,Cefaclav,RxHand Original
img_958.jpg,Cefaclav,RxHand Original
img_959.jpg,cefaclav,RxHand Original
img_960.jpg,cefaclav,RxHand Original
img_961.jpg,Cefaxine,RxHand Original
img_962.jpg,cefazid,RxHand Original
img_963.jpg,Cef-B,RxHand Original
img_964.jpg,Cefim,RxHand Original
img_965.jpg,Cefin-B,RxHand Original
img_966.jpg,Ceftriaxone,RxHand Original
img_967.jpg,Cefixim,RxHand Original
img_968.jpg,Cefixime,RxHand Original
img_969.jpg,Cefixime,RxHand Original
img_970.jpg,Cefixime,RxHand Original
img_971.jpg,Cefofi Plus Sw,RxHand Original
img_972.jpg,Cefotil,RxHand Original
img_973.jpg,cefotil,RxHand Original
img_974.jpg,cefotil,RxHand Original
img_975.jpg,cefotil plus,RxHand Original
img_976.jpg,Cefotil Plus,RxHand Original
img_977.jpg,Cefotil Plus,RxHand Original
img_978.jpg,Cefotil Plus,RxHand Original
img_979.jpg,Cefotil Plus,RxHand Original
img_980.jpg,cefotil plus,RxHand Original
img_981.jpg,Cefrid,RxHand Original
img_982.jpg,Ceftadixime,RxHand Original
img_983.jpg,ceftazidime,RxHand Original
img_984.jpg,ceftazidime,RxHand Original
img_985.jpg,ceftazidime,RxHand Original
img_986.jpg,ceftazidime,RxHand Original
img_987.jpg,ceftazidime,RxHand Original
img_988.jpg,ceftazidime,RxHand Original
img_989.jpg,ceftazidime,RxHand Original
img_990.jpg,Ceftriaxone,RxHand Original
img_991.jpg,Ceftriaxone,RxHand Original
img_992.jpg,Ceftriaxone,RxHand Original
img_993.jpg,Ceftriaxone,RxHand Original
img_994.jpg,Ceftriaxone,RxHand Original
img_995.jpg,Ceftriaxone,RxHand Original
img_996.jpg,Ceftriaxone,RxHand Original
img_997.jpg,Ceftriaxone,RxHand Original
img_998.jpg,Ceftriaxone,RxHand Original
img_999.jpg,Ceftriaxone,RxHand Original
img_1000.jpg,Ceftriaxone,RxHand Original
img_1001.jpg,Ceftriaxone,RxHand Original
img_1002.jpg,Ceftriaxone,RxHand Original
img_1003.jpg,Ceftriaxone,RxHand Original
img_1004.jpg,Ceftriaxone,RxHand Original
img_1005.jpg,Ceftriaxone,RxHand Original
img_1006.jpg,Ceftriaxone,RxHand Original
img_1007.jpg,Ceftriaxone,RxHand Original
img_1008.jpg,Ceftriaxone,RxHand Original
img_1009.jpg,Ceftriaxone,RxHand Original
img_1010.jpg,Ceftriaxone,RxHand Original
img_1011.jpg,Ceftriaxone,RxHand Original
img_1012.jpg,Ceftriaxone,RxHand Original
img_1013.jpg,Ceftriaxone,RxHand Original
img_1014.jpg,Ceftriaxone,RxHand Original
img_1015.jpg,Ceftriaxone,RxHand Original
img_1016.jpg,Ceftriaxone,RxHand Original
img_1017.jpg,Ceftriaxone,RxHand Original
img_1018.jpg,Ceftriaxone,RxHand Original
img_1019.jpg,Ceftriaxone,RxHand Original
img_1020.jpg,Ceftriaxone,RxHand Original
img_1021.jpg,Ceftriaxone,RxHand Original
img_1022.jpg,Ceftriaxone,RxHand Original
img_1023.jpg,Ceftriaxone,RxHand Original
img_1024.jpg,Ceftriaxone,RxHand Original
img_1025.jpg,Ceftriaxone,RxHand Original
img_1026.jpg,Ceftriaxone,RxHand Original
img_1027.jpg,Ceftriaxone,RxHand Original
img_1028.jpg,Ceftriaxone,RxHand Original
img_1029.jpg,Ceftriaxone,RxHand Original
img_1030.jpg,Ceftriaxone,RxHand Original
img_1031.jpg,Ceftriaxone,RxHand Original
img_1032.jpg,Ceftriaxone,RxHand Original
img_1033.jpg,Ceftriaxone,RxHand Original
img_1034.jpg,Ceftriaxone,RxHand Original
img_1035.jpg,Ceftriaxone,RxHand Original
img_1036.jpg,Ceftriaxone,RxHand Original
img_1037.jpg,Ceftriaxone,RxHand Original
img_1038.jpg,Ceftriaxone,RxHand Original
img_1039.jpg,ceftriaxone,RxHand Original
img_1040.jpg,ceftriaxone,RxHand Original
img_1041.jpg,ceftriaxone,RxHand Original
img_1042.jpg,ceftriaxone,RxHand Original
img_1043.jpg,Ceftriaxone,RxHand Original
img_1044.jpg,Ceftron,RxHand Original
img_1045.jpg,Ceftron,RxHand Original
img_1046.jpg,Cefuroxime,RxHand Original
img_1047.jpg,Cefuroxime,RxHand Original
img_1048.jpg,Cefuroximee,RxHand Original
img_1049.jpg,Cefuroximee,RxHand Original
img_1050.jpg,Cefuroximee,RxHand Original
img_1051.jpg,Cefuroximee,RxHand Original
img_1052.jpg,Cefuroximee,RxHand Original
img_1053.jpg,Cefuroxime,RxHand Original
img_1054.jpg,Cefuroxime,RxHand Original
img_1055.jpg,Cefuroxime,RxHand Original
img_1056.jpg,celebrex,RxHand Original
img_1057.jpg,Cetaclav,RxHand Original
img_1058.jpg,cetaclav,RxHand Original
img_1059.jpg,Cetinol forte,RxHand Original
img_1060.jpg,Cewfilid,RxHand Original
img_1061.jpg,Cfe Maxfee,RxHand Original
img_1062.jpg,Cheort-Dx,RxHand Original
img_1063.jpg,Cidex,RxHand Original
img_1064.jpg,Cidex,RxHand Original
img_1065.jpg,Cifaclav,RxHand Original
img_1066.jpg,cildip,RxHand Original
img_1067.jpg,cildip,RxHand Original
img_1068.jpg,Cildip,RxHand Original
img_1069.jpg,Cildip,RxHand Original
img_1070.jpg,Cildip,RxHand Original
img_1071.jpg,Cildip,RxHand Original
img_1072.jpg,Cildip,RxHand Original
img_1073.jpg,Cildip,RxHand Original
img_1074.jpg,Cildip,RxHand Original
img_1075.jpg,Cildip,RxHand Original
img_1076.jpg,Cildip,RxHand Original
img_1077.jpg,Cildip,RxHand Original
img_1078.jpg,Cildip 10,RxHand Original
img_1079.jpg,Cildip 10,RxHand Original
img_1080.jpg,Cildip 5,RxHand Original
img_1081.jpg,Cildip 5,RxHand Original
img_1082.jpg,Cildnp,RxHand Original
img_1083.jpg,Cinamycin,RxHand Original
img_1084.jpg,Cinaron,RxHand Original
img_1085.jpg,Cinaron Plus,RxHand Original
img_1086.jpg,Ciponaal,RxHand Original
img_1087.jpg,ciprox,RxHand Original
img_1088.jpg,clacef,RxHand Original
img_1089.jpg,Clacef,RxHand Original
img_1090.jpg,Clacef,RxHand Original
img_1091.jpg,Clacef,RxHand Original
img_1092.jpg,Clacef,RxHand Original
img_1093.jpg,clacef,RxHand Original
img_1094.jpg,clarin,RxHand Original
img_1095.jpg,Clavutil,RxHand Original
img_1096.jpg,clavusef,RxHand Original
img_1097.jpg,clavusef,RxHand Original
img_1098.jpg,Clavusef ,RxHand Original
img_1099.jpg,Clavusef sw,RxHand Original
img_1100.jpg,Clavutil,RxHand Original
img_1101.jpg,Clavutil,RxHand Original
img_1102.jpg,Clavutil,RxHand Original
img_1103.jpg,Clavutil,RxHand Original
img_1104.jpg,Clavutil,RxHand Original
img_1105.jpg,Clavutil,RxHand Original
img_1106.jpg,Clavutil,RxHand Original
img_1107.jpg,clavutil,RxHand Original
img_1108.jpg,clavutil,RxHand Original
img_1109.jpg,Clavutil,RxHand Original
img_1110.jpg,clavutil,RxHand Original
img_1111.jpg,Clavutil,RxHand Original
img_1112.jpg,Clavutil,RxHand Original
img_1114.jpg,Clavutil,RxHand Original
img_1115.jpg,Clavutil,RxHand Original
img_1116.jpg,Clavutil,RxHand Original
img_1117.jpg,clavutil,RxHand Original
img_1118.jpg,clavutil,RxHand Original
img_1119.jpg,Clavutil,RxHand Original
img_1120.jpg,clexane,RxHand Original
img_1121.jpg,clexane,RxHand Original
img_1122.jpg,clindacin,RxHand Original
img_1123.jpg,clindacin,RxHand Original
img_1124.jpg,clindacin,RxHand Original
img_1125.jpg,clindacin,RxHand Original
img_1126.jpg,clindacin,RxHand Original
img_1127.jpg,clindacin,RxHand Original
img_1128.jpg,clindamycin,RxHand Original
img_1129.jpg,clindamycin,RxHand Original
img_1130.jpg,Clofenal,RxHand Original
img_1131.jpg,Clofenal,RxHand Original
img_1132.jpg,Clonapex,RxHand Original
img_1133.jpg,Clonapex,RxHand Original
img_1134.jpg,Clonapex,RxHand Original
img_1135.jpg,Clonapex,RxHand Original
img_1136.jpg,Clonapex,RxHand Original
img_1137.jpg,Clonapex,RxHand Original
img_1138.jpg,Clonapex,RxHand Original
img_1139.jpg,Clonapex,RxHand Original
img_1140.jpg,clonapex,RxHand Original
img_1141.jpg,clonapex,RxHand Original
img_1142.jpg,clonapex,RxHand Original
img_1143.jpg,clonapex,RxHand Original
img_1144.jpg,clonapex,RxHand Original
img_1145.jpg,clonapex,RxHand Original
img_1146.jpg,clonapex,RxHand Original
img_1147.jpg,clonapex,RxHand Original
img_1148.jpg,clonapex,RxHand Original
img_1149.jpg,clonapex,RxHand Original
img_1150.jpg,clonapex,RxHand Original
img_1151.jpg,clonapex,RxHand Original
img_1152.jpg,Clopid,RxHand Original
img_1153.jpg,Clopid,RxHand Original
img_1154.jpg,Colistin,RxHand Original
img_1155.jpg,collagen-d,RxHand Original
img_1156.jpg,Combicid,RxHand Original
img_1157.jpg,Combicid,RxHand Original
img_1158.jpg,Combicid,RxHand Original
img_1159.jpg,combicid,RxHand Original
img_1160.jpg,Comet,RxHand Original
img_1161.jpg,Comet,RxHand Original
img_1162.jpg,Comficid,RxHand Original
img_1163.jpg,Comlricid,RxHand Original
img_1164.jpg,Comprid,RxHand Original
img_1165.jpg,Conit XR,RxHand Original
img_1167.jpg,Cor algen-D,RxHand Original
img_1168.jpg,Cora DX,RxHand Original
img_1169.jpg,Cora Dx vitr,RxHand Original
img_1170.jpg,Coragen-D,RxHand Original
img_1171.jpg,Coragen-D,RxHand Original
img_1172.jpg,Coragen-D,RxHand Original
img_1173.jpg,Coragen-D,RxHand Original
img_1174.jpg,Coragu-D,RxHand Original
img_1175.jpg,coral,RxHand Original
img_1176.jpg,coral cal,RxHand Original
img_1177.jpg,coral cal d,RxHand Original
img_1178.jpg,coral rd,RxHand Original
img_1179.jpg,Coralcal,RxHand Original
img_1180.jpg,Coralcal,RxHand Original
img_1181.jpg,Coralcal,RxHand Original
img_1182.jpg,Coralcal,RxHand Original
img_1183.jpg,Coralcalry,RxHand Original
img_1184.jpg,coral-dx,RxHand Original
img_1185.jpg,Coraleal,RxHand Original
img_1186.jpg,Coralex DX,RxHand Original
img_1187.jpg,Coralgue D,RxHand Original
img_1188.jpg,Coralgue D,RxHand Original
img_1189.jpg,corox,RxHand Original
img_1190.jpg,CORTAN,RxHand Original
img_1191.jpg,Cortan,RxHand Original
img_1192.jpg,Cortan,RxHand Original
img_1193.jpg,Cortan,RxHand Original
img_1194.jpg,Cortan,RxHand Original
img_1195.jpg,Cortan,RxHand Original
img_1196.jpg,Cortan,RxHand Original
img_1197.jpg,Cortan,RxHand Original
img_1199.jpg,Cosec,RxHand Original
img_1200.jpg,cosec,RxHand Original
img_1201.jpg,cosec,RxHand Original
img_1202.jpg,Costan,RxHand Original
img_1203.jpg,Cotnim,RxHand Original
img_1204.jpg,Cotnim,RxHand Original
img_1205.jpg,Cotrim,RxHand Original
img_1206.jpg,Cotrim,RxHand Original
img_1207.jpg,Cotrim,RxHand Original
img_1208.jpg,Cotrim,RxHand Original
img_1209.jpg,Cotson,RxHand Original
img_1210.jpg,Cotson,RxHand Original
img_1211.jpg,cotson,RxHand Original
img_1212.jpg,Cowficid,RxHand Original
img_1213.jpg,coxe,RxHand Original
img_1214.jpg,Cp Dexter,RxHand Original
img_1215.jpg,Cratuftzr,RxHand Original
img_1216.jpg,Creston,RxHand Original
img_1217.jpg,Ceftriaxone,RxHand Original
img_1218.jpg,Cridip 10,RxHand Original
img_1219.jpg,criptin,RxHand Original
img_1220.jpg,criptin,RxHand Original
img_1221.jpg,CRP,RxHand Original
img_1222.jpg,CRP,RxHand Original
img_1223.jpg,CRP,RxHand Original
img_1224.jpg,CRP,RxHand Original
img_1225.jpg,CRP,RxHand Original
img_1226.jpg,Cyclorox,RxHand Original
img_1227.jpg,Cyclorox,RxHand Original
img_1228.jpg,D Cap,RxHand Original
img_1229.jpg,D-cap,RxHand Original
img_1230.jpg,D-cop,RxHand Original
img_1231.jpg,D-cop,RxHand Original
img_1232.jpg,DDR,RxHand Original
img_1233.jpg,DDR,RxHand Original
img_1234.jpg,DDR 30,RxHand Original
img_1235.jpg,DDR 30,RxHand Original
img_1236.jpg,DDR-Bomg,RxHand Original
img_1237.jpg,Decoral,RxHand Original
img_1238.jpg,Defalin,RxHand Original
img_1240.jpg,Defcalivo,RxHand Original
img_1241.jpg,Deflacort,RxHand Original
img_1242.jpg,deflaxen,RxHand Original
img_1243.jpg,deflaxen,RxHand Original
img_1244.jpg,Defzacort 6,RxHand Original
img_1245.jpg,Deixil,RxHand Original
img_1246.jpg,Deixil,RxHand Original
img_1247.jpg,Deixil,RxHand Original
img_1248.jpg,Deixil,RxHand Original
img_1249.jpg,Deixl,RxHand Original
img_1250.jpg,Dekalin,RxHand Original
img_1251.jpg,Dekalin,RxHand Original
img_1252.jpg,Dekalin,RxHand Original
img_1253.jpg,Dekalin,RxHand Original
img_1254.jpg,Dekalin,RxHand Original
img_1255.jpg,Delanix,RxHand Original
img_1256.jpg,Delcalen,RxHand Original
img_1257.jpg,Delfian,RxHand Original
img_1258.jpg,Delfmz,RxHand Original
img_1259.jpg,Delfmz,RxHand Original
img_1260.jpg,Delfmz ,RxHand Original
img_1261.jpg,Delfmz 30,RxHand Original
img_1262.jpg,Delfnj,RxHand Original
img_1263.jpg,Delfraf,RxHand Original
img_1264.jpg,Delfrnz,RxHand Original
img_1265.jpg,Delfroz,RxHand Original
img_1266.jpg,Delfrz,RxHand Original
img_1267.jpg,Delfrz,RxHand Original
img_1268.jpg,Delfxz,RxHand Original
img_1269.jpg,demelon,RxHand Original
img_1270.jpg,demelon,RxHand Original
img_1271.jpg,demelon,RxHand Original
img_1272.jpg,Demoxiclav,RxHand Original
img_1273.jpg,Denixil,RxHand Original
img_1274.jpg,denixil,RxHand Original
img_1275.jpg,denixil,RxHand Original
img_1276.jpg,Denixil,RxHand Original
img_1277.jpg,Denixil,RxHand Original
img_1278.jpg,Denixil,RxHand Original
img_1279.jpg,Denixil,RxHand Original
img_1280.jpg,Denixil,RxHand Original
img_1281.jpg,Denixil,RxHand Original
img_1282.jpg,Denixil,RxHand Original
img_1283.jpg,Denixil,RxHand Original
img_1284.jpg,Denoxidov,RxHand Original
img_1285.jpg,Denvar,RxHand Original
img_1286.jpg,denvar,RxHand Original
img_1287.jpg,denvar,RxHand Original
img_1288.jpg,Derolon,RxHand Original
img_1289.jpg,Derolon,RxHand Original
img_1290.jpg,Derolon,RxHand Original
img_1291.jpg,Derolon,RxHand Original
img_1292.jpg,Deromax estam,RxHand Original
img_1293.jpg,Desfviz,RxHand Original
img_1294.jpg,Deslong,RxHand Original
img_1295.jpg,Deslor,RxHand Original
img_1296.jpg,Desolon,RxHand Original
img_1297.jpg,Desolon,RxHand Original
img_1298.jpg,Desolon,RxHand Original
img_1299.jpg,Desolon,RxHand Original
img_1300.jpg,Desolon,RxHand Original
img_1301.jpg,Desolon,RxHand Original
img_1302.jpg,Desolon,RxHand Original
img_1303.jpg,Detfacavt,RxHand Original
img_1304.jpg,Detfacf,RxHand Original
img_1305.jpg,Detfacf,RxHand Original
img_1306.jpg,Detfacf,RxHand Original
img_1307.jpg,Detfacf,RxHand Original
img_1308.jpg,Detfacf,RxHand Original
img_1309.jpg,Detfacf,RxHand Original
img_1310.jpg,Detfacf,RxHand Original
img_1311.jpg,Deuxil,RxHand Original
img_1312.jpg,deviry,RxHand Original
img_1313.jpg,Devixi,RxHand Original
img_1314.jpg,Devixil,RxHand Original
img_1315.jpg,Devixil,RxHand Original
img_1316.jpg,Devixil,RxHand Original
img_1317.jpg,Devixil,RxHand Original
img_1318.jpg,Devixil,RxHand Original
img_1319.jpg,Devixil,RxHand Original
img_1320.jpg,Devixil,RxHand Original
img_1321.jpg,Devixil,RxHand Original
img_1322.jpg,Devixil,RxHand Original
img_1323.jpg,Devixil,RxHand Original
img_1324.jpg,Devixil,RxHand Original
img_1325.jpg,Devixil,RxHand Original
img_1326.jpg,Devixil,RxHand Original
img_1327.jpg,Devixil,RxHand Original
img_1328.jpg,Devixil,RxHand Original
img_1329.jpg,Devixil,RxHand Original
img_1330.jpg,Devixil 0.5,RxHand Original
img_1331.jpg,Devixil 0.5,RxHand Original
img_1332.jpg,Devoci(uer),RxHand Original
img_1333.jpg,Dexa,RxHand Original
img_1334.jpg,Dexa,RxHand Original
img_1335.jpg,Dexamethason,RxHand Original
img_1336.jpg,Dexcin,RxHand Original
img_1337.jpg,Dexfacar,RxHand Original
img_1338.jpg,Dexter,RxHand Original
img_1339.jpg,Dexter 60,RxHand Original
img_1340.jpg,Dexila,RxHand Original
img_1341.jpg,Dexila,RxHand Original
img_1342.jpg,Dexilend,RxHand Original
img_1343.jpg,Dexilend,RxHand Original
img_1344.jpg,Dexilend,RxHand Original
img_1345.jpg,Dexilend,RxHand Original
img_1346.jpg,Dexilend,RxHand Original
img_1347.jpg,Dexilend,RxHand Original
img_1348.jpg,Dexilend,RxHand Original
img_1349.jpg,Dexin,RxHand Original
img_1350.jpg,Dexlor,RxHand Original
img_1351.jpg,Dexlor,RxHand Original
img_1352.jpg,Dexnaaf,RxHand Original
img_1353.jpg,Dexnaaf,RxHand Original
img_1354.jpg,Dexnaaf,RxHand Original
img_1355.jpg,Dexnaaf,RxHand Original
img_1356.jpg,Dexnaaf,RxHand Original
img_1357.jpg,Dexnaaf,RxHand Original
img_1358.jpg,Dexnaaf,RxHand Original
img_1359.jpg,Dexnaaf,RxHand Original
img_1360.jpg,Dexnaaf,RxHand Original
img_1361.jpg,Dexnaaf,RxHand Original
img_1362.jpg,dexnaaf,RxHand Original
img_1363.jpg,Dexnaat,RxHand Original
img_1364.jpg,Dexnaof,RxHand Original
img_1365.jpg,Dextac,RxHand Original
img_1366.jpg,dextac,RxHand Original
img_1367.jpg,dextac,RxHand Original
img_1368.jpg,dextac,RxHand Original
img_1369.jpg,Dextal,RxHand Original
img_1370.jpg,Dexter,RxHand Original
img_1371.jpg,Dexter,RxHand Original
img_1372.jpg,Dexter,RxHand Original
img_1373.jpg,Dexter,RxHand Original
img_1374.jpg,Dexter,RxHand Original
img_1375.jpg,Dexter,RxHand Original
img_1376.jpg,Dexter,RxHand Original
img_1377.jpg,Dexter,RxHand Original
img_1378.jpg,Dexter,RxHand Original
img_1379.jpg,Dexter,RxHand Original
img_1380.jpg,Dexter,RxHand Original
img_1381.jpg,Dexter,RxHand Original
img_1382.jpg,Dexter,RxHand Original
img_1383.jpg,Dexter,RxHand Original
img_1384.jpg,Dexter,RxHand Original
img_1385.jpg,Dexter,RxHand Original
img_1386.jpg,Dexter,RxHand Original
img_1387.jpg,Dexter,RxHand Original
img_1388.jpg,Dexter,RxHand Original
img_1389.jpg,Dexter,RxHand Original
img_1390.jpg,Dexter,RxHand Original
img_1391.jpg,Dexter,RxHand Original
img_1392.jpg,Dexter,RxHand Original
img_1393.jpg,Dexter,RxHand Original
img_1394.jpg,Dexter,RxHand Original
img_1395.jpg,Dexter,RxHand Original
img_1396.jpg,Dexter 60,RxHand Original
img_1397.jpg,Dexter,RxHand Original
img_1398.jpg,Dexter,RxHand Original
img_1399.jpg,Dexter,RxHand Original
img_1400.jpg,Dexter,RxHand Original
img_1401.jpg,Dexter,RxHand Original
img_1402.jpg,Dexter,RxHand Original
img_1403.jpg,Dexter,RxHand Original
img_1404.jpg,Dexter,RxHand Original
img_1405.jpg,Dexter,RxHand Original
img_1406.jpg,Dexter,RxHand Original
img_1407.jpg,Dexter,RxHand Original
img_1408.jpg,Dexter,RxHand Original
img_1409.jpg,Dexter,RxHand Original
img_1410.jpg,Dexter,RxHand Original
img_1411.jpg,Dexter,RxHand Original
img_1412.jpg,Dexter,RxHand Original
img_1413.jpg,Dexter,RxHand Original
img_1414.jpg,Dexter,RxHand Original
img_1415.jpg,Dexter,RxHand Original
img_1416.jpg,Dexter,RxHand Original
img_1417.jpg,Dexter,RxHand Original
img_1418.jpg,Dexter,RxHand Original
img_1419.jpg,Dexter,RxHand Original
img_1420.jpg,Dexter,RxHand Original
img_1421.jpg,Dexter,RxHand Original
img_1422.jpg,Dexter,RxHand Original
img_1423.jpg,Dexter,RxHand Original
img_1424.jpg,Dexter,RxHand Original
img_1425.jpg,Dexter,RxHand Original
img_1426.jpg,Dexter,RxHand Original
img_1427.jpg,Dexter,RxHand Original
img_1428.jpg,Dexter,RxHand Original
img_1429.jpg,Dexter,RxHand Original
img_1430.jpg,Dexter,RxHand Original
img_1431.jpg,Dexter,RxHand Original
img_1432.jpg,Dexter,RxHand Original
img_1433.jpg,Dexter,RxHand Original
img_1434.jpg,Dexter,RxHand Original
img_1435.jpg,Dexter,RxHand Original
img_1436.jpg,Dexter,RxHand Original
img_1437.jpg,Dexter,RxHand Original
img_1438.jpg,Dexter,RxHand Original
img_1439.jpg,Dexter,RxHand Original
img_1440.jpg,Dexter,RxHand Original
img_1441.jpg,Dexter,RxHand Original
img_1442.jpg,Dexter,RxHand Original
img_1443.jpg,Dexter,RxHand Original
img_1444.jpg,Dexter,RxHand Original
img_1445.jpg,Dexter,RxHand Original
img_1446.jpg,Dexter,RxHand Original
img_1447.jpg,Dexter,RxHand Original
img_1448.jpg,Dexter,RxHand Original
img_1449.jpg,Dexter,RxHand Original
img_1450.jpg,Dexter,RxHand Original
img_1451.jpg,Dexter,RxHand Original
img_1452.jpg,Dexter,RxHand Original
img_1453.jpg,Dexter,RxHand Original
img_1454.jpg,Dexter,RxHand Original
img_1455.jpg,Dexter,RxHand Original
img_1456.jpg,Dexter,RxHand Original
img_1457.jpg,Dexter,RxHand Original
img_1458.jpg,Dexter,RxHand Original
img_1459.jpg,Dexter,RxHand Original
img_1460.jpg,Dexter,RxHand Original
img_1461.jpg,Dexter,RxHand Original
img_1462.jpg,Dexter,RxHand Original
img_1463.jpg,Dexter,RxHand Original
img_1464.jpg,Dexter,RxHand Original
img_1465.jpg,Dexter,RxHand Original
img_1466.jpg,Dexter,RxHand Original
img_1467.jpg,Dexter,RxHand Original
img_1468.jpg,Dexter,RxHand Original
img_1469.jpg,Dexter 30,RxHand Original
img_1470.jpg,Dexter 60,RxHand Original
img_1471.jpg,Dexter 60,RxHand Original
img_1472.jpg,Dexter 60,RxHand Original
img_1473.jpg,Dexter 60,RxHand Original
img_1474.jpg,Dexter 60,RxHand Original
img_1475.jpg,Dexter 60,RxHand Original
img_1476.jpg,Dexter 60,RxHand Original
img_1477.jpg,Dexter 60,RxHand Original
img_1478.jpg,Dexter 60,RxHand Original
img_1479.jpg,Dexter 60,RxHand Original
img_1480.jpg,Dexter 60,RxHand Original
img_1481.jpg,Dexter 60,RxHand Original
img_1482.jpg,Dexter.60,RxHand Original
img_1483.jpg,Dexter,RxHand Original
img_1484.jpg,Dezlo,RxHand Original
img_1485.jpg,Diabetic,RxHand Original
img_1486.jpg,Diabetic,RxHand Original
img_1487.jpg,Diabetic,RxHand Original
img_1488.jpg,Diabetic,RxHand Original
img_1489.jpg,Diabetic,RxHand Original
img_1490.jpg,Diabetic,RxHand Original
img_1491.jpg,Diabetic,RxHand Original
img_1492.jpg,Diabetic,RxHand Original
img_1493.jpg,Diabetic,RxHand Original
img_1494.jpg,Diabetic,RxHand Original
img_1495.jpg,diabetic,RxHand Original
img_1496.jpg,diabetic,RxHand Original
img_1497.jpg,diabetic,RxHand Original
img_1498.jpg,diabetic,RxHand Original
img_1499.jpg,diabetic,RxHand Original
img_1500.jpg,Dia-K,RxHand Original
img_1501.jpg,Diaryl,RxHand Original
img_1502.jpg,Diaryl,RxHand Original
img_1503.jpg,diaryl,RxHand Original
img_1504.jpg,dicaltrol,RxHand Original
img_1505.jpg,Diet,RxHand Original
img_1506.jpg,Diet,RxHand Original
img_1507.jpg,Diet,RxHand Original
img_1508.jpg,Diet,RxHand Original
img_1509.jpg,Diet,RxHand Original
img_1510.jpg,Diet,RxHand Original
img_1511.jpg,Diet,RxHand Original
img_1512.jpg,Diet,RxHand Original
img_1513.jpg,Diet,RxHand Original
img_1514.jpg,Diet,RxHand Original
img_1515.jpg,Diet,RxHand Original
img_1516.jpg,Diet,RxHand Original
img_1517.jpg,Diet,RxHand Original
img_1518.jpg,Diet,RxHand Original
img_1519.jpg,Diet,RxHand Original
img_1520.jpg,Diet,RxHand Original
img_1521.jpg,Diet,RxHand Original
img_1522.jpg,Diet,RxHand Original
img_1523.jpg,Diet,RxHand Original
img_1524.jpg,Diet,RxHand Original
img_1525.jpg,Diet,RxHand Original
img_1526.jpg,Diet,RxHand Original
img_1527.jpg,Diet,RxHand Original
img_1528.jpg,Diet,RxHand Original
img_1529.jpg,Diet,RxHand Original
img_1530.jpg,Diet,RxHand Original
img_1531.jpg,Diet,RxHand Original
img_1532.jpg,Diet,RxHand Original
img_1533.jpg,Diet,RxHand Original
img_1534.jpg,Diet,RxHand Original
img_1535.jpg,Diet,RxHand Original
img_1536.jpg,Diet,RxHand Original
img_1537.jpg,Diet,RxHand Original
img_1538.jpg,Diet,RxHand Original
img_1539.jpg,Diet,RxHand Original
img_1540.jpg,Diet,RxHand Original
img_1541.jpg,Diet,RxHand Original
img_1542.jpg,Diet,RxHand Original
img_1543.jpg,Diet,RxHand Original
img_1544.jpg,Diet,RxHand Original
img_1545.jpg,Diet,RxHand Original
img_1546.jpg,Diet,RxHand Original
img_1547.jpg,Diet,RxHand Original
img_1548.jpg,Diet,RxHand Original
img_1549.jpg,Diet,RxHand Original
img_1550.jpg,Diet,RxHand Original
img_1551.jpg,Diet,RxHand Original
img_1552.jpg,Diet,RxHand Original
img_1553.jpg,Diet,RxHand Original
img_1554.jpg,Diet,RxHand Original
img_1555.jpg,Diet,RxHand Original
img_1556.jpg,Diet,RxHand Original
img_1557.jpg,Diet,RxHand Original
img_1558.jpg,Diet,RxHand Original
img_1559.jpg,Diet,RxHand Original
img_1560.jpg,Diet,RxHand Original
img_1561.jpg,Diet,RxHand Original
img_1562.jpg,Diet,RxHand Original
img_1563.jpg,Diet,RxHand Original
img_1564.jpg,diet,RxHand Original
img_1565.jpg,diet,RxHand Original
img_1566.jpg,diet,RxHand Original
img_1567.jpg,diet,RxHand Original
img_1568.jpg,diet,RxHand Original
img_1569.jpg,diet,RxHand Original
img_1570.jpg,diet,RxHand Original
img_1571.jpg,diet,RxHand Original
img_1572.jpg,diet,RxHand Original
img_1573.jpg,diet,RxHand Original
img_1574.jpg,diet,RxHand Original
img_1575.jpg,diet,RxHand Original
img_1576.jpg,diet,RxHand Original
img_1577.jpg,diet,RxHand Original
img_1578.jpg,diet,RxHand Original
img_1579.jpg,diet,RxHand Original
img_1580.jpg,diet,RxHand Original
img_1581.jpg,diet,RxHand Original
img_1582.jpg,diet,RxHand Original
img_1583.jpg,diet,RxHand Original
img_1584.jpg,diet,RxHand Original
img_1585.jpg,diet,RxHand Original
img_1586.jpg,diet,RxHand Original
img_1587.jpg,diet,RxHand Original
img_1588.jpg,diet,RxHand Original
img_1589.jpg,diet,RxHand Original
img_1590.jpg,diet,RxHand Original
img_1591.jpg,diet,RxHand Original
img_1592.jpg,diet,RxHand Original
img_1593.jpg,diet,RxHand Original
img_1594.jpg,diet,RxHand Original
img_1595.jpg,diet,RxHand Original
img_1596.jpg,diet,RxHand Original
img_1597.jpg,diet,RxHand Original
img_1598.jpg,diet,RxHand Original
img_1599.jpg,Diet ,RxHand Original
img_1600.jpg,Dilalyof,RxHand Original
img_1601.jpg,Dimex,RxHand Original
img_1602.jpg,Dinovo,RxHand Original
img_1603.jpg,Dinovo,RxHand Original
img_1604.jpg,DINOVO,RxHand Original
img_1605.jpg,Disopan,RxHand Original
img_1606.jpg,Disopan,RxHand Original
img_1607.jpg,dmiden,RxHand Original
img_1608.jpg,docopa,RxHand Original
img_1609.jpg,Docopc,RxHand Original
img_1610.jpg,Domin,RxHand Original
img_1611.jpg,Domin,RxHand Original
img_1612.jpg,Domin,RxHand Original
img_1613.jpg,domin,RxHand Original
img_1614.jpg,domin,RxHand Original
img_1615.jpg,domin,RxHand Original
img_1616.jpg,Dominos,RxHand Original
img_1617.jpg,DON A,RxHand Original
img_1618.jpg,DON A,RxHand Original
img_1619.jpg,DON A,RxHand Original
img_1620.jpg,DON A,RxHand Original
img_1621.jpg,DON A,RxHand Original
img_1622.jpg,Don A,RxHand Original
img_1623.jpg,don A,RxHand Original
img_1624.jpg,don A,RxHand Original
img_1625.jpg,Don A,RxHand Original
img_1626.jpg,Don A,RxHand Original
img_1627.jpg,Don A,RxHand Original
img_1628.jpg,Don A,RxHand Original
img_1629.jpg,Don A,RxHand Original
img_1630.jpg,Don A,RxHand Original
img_1631.jpg,Don A,RxHand Original
img_1632.jpg,Don A,RxHand Original
img_1633.jpg,Don A,RxHand Original
img_1634.jpg,Don A,RxHand Original
img_1635.jpg,Don A,RxHand Original
img_1636.jpg,Don A,RxHand Original
img_1637.jpg,Don A,RxHand Original
img_1638.jpg,Don A,RxHand Original
img_1639.jpg,Don A,RxHand Original
img_1640.jpg,Don A,RxHand Original
img_1641.jpg,Don- A,RxHand Original
img_1642.jpg,Don-A,RxHand Original
img_1643.jpg,Don-A,RxHand Original
img_1644.jpg,Don-A,RxHand Original
img_1645.jpg,Don-A,RxHand Original
img_1646.jpg,Don-A,RxHand Original
img_1647.jpg,Don-A,RxHand Original
img_1648.jpg,Don-A,RxHand Original
img_1649.jpg,don-a,RxHand Original
img_1650.jpg,don-a,RxHand Original
img_1651.jpg,don-a,RxHand Original
img_1652.jpg,Dopecgut,RxHand Original
img_1653.jpg,Dophylin,RxHand Original
img_1654.jpg,Dophyllin,RxHand Original
img_1655.jpg,Dophyllin,RxHand Original
img_1656.jpg,Dophyllin,RxHand Original
img_1657.jpg,Dophyllinc,RxHand Original
img_1658.jpg,Doxicap,RxHand Original
img_1659.jpg,Doxicap,RxHand Original
img_1660.jpg,Doxicap,RxHand Original
img_1661.jpg,Doxicap,RxHand Original
img_1662.jpg,Doximax,RxHand Original
img_1663.jpg,Doximev,RxHand Original
img_1664.jpg,Doxiva,RxHand Original
img_1665.jpg,Doxiva,RxHand Original
img_1666.jpg,doxiva,RxHand Original
img_1667.jpg,doxoven,RxHand Original
img_1668.jpg,doxoven,RxHand Original
img_1669.jpg,Doxoven,RxHand Original
img_1670.jpg,Doxoven,RxHand Original
img_1671.jpg,Doxoven,RxHand Original
img_1672.jpg,Doxoven,RxHand Original
img_1673.jpg,Doxoven,RxHand Original
img_1674.jpg,Doxoven,RxHand Original
img_1675.jpg,Doxoven,RxHand Original
img_1676.jpg,doxva,RxHand Original
img_1677.jpg,Doxycap,RxHand Original
img_1678.jpg,Doxycap,RxHand Original
img_1679.jpg,Doxycap,RxHand Original
img_1680.jpg,Drexy,RxHand Original
img_1681.jpg,drise,RxHand Original
img_1682.jpg,D-Rise,RxHand Original
img_1683.jpg,D-Rise,RxHand Original
img_1684.jpg,Drop,RxHand Original
img_1685.jpg,Drop,RxHand Original
img_1686.jpg,Drop,RxHand Original
img_1687.jpg,Drop,RxHand Original
img_1688.jpg,Drop,RxHand Original
img_1689.jpg,Drop,RxHand Original
img_1690.jpg,Drop,RxHand Original
img_1691.jpg,Drop,RxHand Original
img_1692.jpg,drop,RxHand Original
img_1693.jpg,drop,RxHand Original
img_1694.jpg,Dueblock 5,RxHand Original
img_1695.jpg,dulox,RxHand Original
img_1696.jpg,Duloxen,RxHand Original
img_1697.jpg,Duoblock,RxHand Original
img_1698.jpg,Duoblock,RxHand Original
img_1699.jpg,Duracef,RxHand Original
img_1700.jpg,Duracef,RxHand Original
img_1701.jpg,Duracef,RxHand Original
img_1702.jpg,Duracef,RxHand Original
img_1703.jpg,Duralax,RxHand Original
img_1704.jpg,E-cap,RxHand Original
img_1705.jpg,Ecerhimu,RxHand Original
img_1706.jpg,ECG,RxHand Original
img_1707.jpg,Econate,RxHand Original
img_1708.jpg,Ecosprin Plus,RxHand Original
img_1709.jpg,Ecosprin,RxHand Original
img_1710.jpg,Ecosprin,RxHand Original
img_1711.jpg,Ecosprin,RxHand Original
img_1712.jpg,Ecosprin,RxHand Original
img_1713.jpg,Ecosprin,RxHand Original
img_1714.jpg,Ecosprin,RxHand Original
img_1715.jpg,Ecosprin,RxHand Original
img_1716.jpg,Ecosprin,RxHand Original
img_1717.jpg,Ecosprin,RxHand Original
img_1718.jpg,Ecosprin,RxHand Original
img_1719.jpg,ecosprin,RxHand Original
img_1720.jpg,Ecosprin Plus,RxHand Original
img_1721.jpg,Ecosprin Plus,RxHand Original
img_1722.jpg,Ecosprin Plus,RxHand Original
img_1723.jpg,Ecoxib,RxHand Original
img_1724.jpg,Edeloss,RxHand Original
img_1725.jpg,Efedio,RxHand Original
img_1726.jpg,Efodio,RxHand Original
img_1727.jpg,efodio,RxHand Original
img_1728.jpg,E-gel,RxHand Original
img_1729.jpg,E-gel 200Iu,RxHand Original
img_1730.jpg,Eggcal,RxHand Original
img_1731.jpg,Eggcot,RxHand Original
img_1732.jpg,Elija,RxHand Original
img_1733.jpg,Elodep,RxHand Original
img_1734.jpg,Elodep 5,RxHand Original
img_1735.jpg,Elodep 5,RxHand Original
img_1736.jpg,Elodep 5,RxHand Original
img_1737.jpg,Elosfiv plus,RxHand Original
img_1738.jpg,Emazid,RxHand Original
img_1739.jpg,Emep,RxHand Original
img_1740.jpg,Emep,RxHand Original
img_1741.jpg,Emep,RxHand Original
img_1742.jpg,Emep,RxHand Original
img_1743.jpg,Emep,RxHand Original
img_1744.jpg,Emep,RxHand Original
img_1745.jpg,Emep,RxHand Original
img_1746.jpg,Emep,RxHand Original
img_1747.jpg,Emep,RxHand Original
img_1748.jpg,Emep,RxHand Original
img_1749.jpg,emep,RxHand Original
img_1750.jpg,emep,RxHand Original
img_1751.jpg,emep,RxHand Original
img_1752.jpg,emep,RxHand Original
img_1753.jpg,emep,RxHand Original
img_1754.jpg,emep,RxHand Original
img_1755.jpg,Emetid,RxHand Original
img_1756.jpg,Emezrd,RxHand Original
img_1757.jpg,Emistat,RxHand Original
img_1758.jpg,Emistat,RxHand Original
img_1759.jpg,Emistat,RxHand Original
img_1760.jpg,Emistat,RxHand Original
img_1761.jpg,Emistat,RxHand Original
img_1762.jpg,Emistat,RxHand Original
img_1763.jpg,Emistat,RxHand Original
img_1764.jpg,Emistat,RxHand Original
img_1765.jpg,Emistat,RxHand Original
img_1766.jpg,Emistat,RxHand Original
img_1767.jpg,Emistat,RxHand Original
img_1768.jpg,Emistat,RxHand Original
img_1769.jpg,Emistat,RxHand Original
img_1770.jpg,Emistat,RxHand Original
img_1771.jpg,Emistat,RxHand Original
img_1772.jpg,Emistat,RxHand Original
img_1773.jpg,Emistat,RxHand Original
img_1774.jpg,Emistat,RxHand Original
img_1775.jpg,Emistat,RxHand Original
img_1776.jpg,Emistat,RxHand Original
img_1777.jpg,Emistat,RxHand Original
img_1778.jpg,Emistat,RxHand Original
img_1779.jpg,Emistat,RxHand Original
img_1780.jpg,Emistat,RxHand Original
img_1781.jpg,Emistat,RxHand Original
img_1782.jpg,Emistat,RxHand Original
img_1783.jpg,Emistat,RxHand Original
img_1784.jpg,Emistat,RxHand Original
img_1785.jpg,Emistat,RxHand Original
img_1786.jpg,Emistat,RxHand Original
img_1787.jpg,Emistat,RxHand Original
img_1788.jpg,Emistat,RxHand Original
img_1789.jpg,Emistat,RxHand Original
img_1790.jpg,Emistat,RxHand Original
img_1791.jpg,Emistat,RxHand Original
img_1792.jpg,Emistat,RxHand Original
img_1793.jpg,Emistat,RxHand Original
img_1794.jpg,Emistat,RxHand Original
img_1795.jpg,Emistat,RxHand Original
img_1796.jpg,emistat,RxHand Original
img_1797.jpg,emistat,RxHand Original
img_1798.jpg,emistat,RxHand Original
img_1799.jpg,emistat,RxHand Original
img_1800.jpg,emistat,RxHand Original
img_1801.jpg,emistat,RxHand Original
img_1802.jpg,emistat,RxHand Original
img_1803.jpg,emistat,RxHand Original
img_1804.jpg,emistat,RxHand Original
img_1805.jpg,emistat,RxHand Original
img_1806.jpg,emistat,RxHand Original
img_1807.jpg,emistat,RxHand Original
img_1808.jpg,emistat,RxHand Original
img_1809.jpg,emistat,RxHand Original
img_1810.jpg,emistat,RxHand Original
img_1811.jpg,emistat,RxHand Original
img_1812.jpg,emistat,RxHand Original
img_1813.jpg,emistat,RxHand Original
img_1814.jpg,emistat,RxHand Original
img_1815.jpg,emistat,RxHand Original
img_1816.jpg,emistat,RxHand Original
img_1817.jpg,emistat,RxHand Original
img_1818.jpg,emistat,RxHand Original
img_1819.jpg,emistat,RxHand Original
img_1820.jpg,emistat,RxHand Original
img_1821.jpg,emistat,RxHand Original
img_1822.jpg,emistat,RxHand Original
img_1823.jpg,emistat,RxHand Original
img_1824.jpg,emixef,RxHand Original
img_1825.jpg,emi-xit,RxHand Original
img_1826.jpg,Emjard,RxHand Original
img_1827.jpg,Emjard,RxHand Original
img_1828.jpg,Emjard,RxHand Original
img_1829.jpg,Emlidus,RxHand Original
img_1830.jpg,Emlidus,RxHand Original
img_1831.jpg,Emlidus,RxHand Original
img_1832.jpg,Emlidus,RxHand Original
img_1833.jpg,Empofi,RxHand Original
img_1834.jpg,Empofi,RxHand Original
img_1835.jpg,Empofi,RxHand Original
img_1836.jpg,Empofi,RxHand Original
img_1837.jpg,Empofi,RxHand Original
img_1838.jpg,Emprelina,RxHand Original
img_1839.jpg,Endever,RxHand Original
img_1840.jpg,Endurex,RxHand Original
img_1841.jpg,Endurex,RxHand Original
img_1842.jpg,Endurex,RxHand Original
img_1843.jpg,Enjard,RxHand Original
img_1844.jpg,ENQ,RxHand Original
img_1845.jpg,Entecavir,RxHand Original
img_1846.jpg,epitra,RxHand Original
img_1847.jpg,epitra,RxHand Original
img_1848.jpg,epitra,RxHand Original
img_1849.jpg,epitra,RxHand Original
img_1850.jpg,epitra,RxHand Original
img_1851.jpg,Epitra,RxHand Original
img_1852.jpg,Epitra,RxHand Original
img_1853.jpg,ERP,RxHand Original
img_1854.jpg,Es,RxHand Original
img_1855.jpg,Esahil,RxHand Original
img_1856.jpg,Escilex,RxHand Original
img_1857.jpg,escilex,RxHand Original
img_1858.jpg,escilex,RxHand Original
img_1859.jpg,Escilex,RxHand Original
img_1860.jpg,ESCilex,RxHand Original
img_1861.jpg,Escilex,RxHand Original
img_1862.jpg,Escilex,RxHand Original
img_1863.jpg,Escilex,RxHand Original
img_1864.jpg,Escilex,RxHand Original
img_1865.jpg,Escilex,RxHand Original
img_1866.jpg,Escilex,RxHand Original
img_1867.jpg,Escolex,RxHand Original
img_1868.jpg,Esipram,RxHand Original
img_1869.jpg,Eslilex,RxHand Original
img_1870.jpg,Eslilex,RxHand Original
img_1871.jpg,Eslilex,RxHand Original
img_1872.jpg,Eslilex,RxHand Original
img_1873.jpg,Eslilex,RxHand Original
img_1874.jpg,Eslilex,RxHand Original
img_1875.jpg,Eslilex,RxHand Original
img_1876.jpg,Eslilex,RxHand Original
img_1877.jpg,Eslilex,RxHand Original
img_1878.jpg,Eslilex,RxHand Original
img_1879.jpg,Eslilex,RxHand Original
img_1880.jpg,Eslilex,RxHand Original
img_1881.jpg,Eslilex,RxHand Original
img_1882.jpg,Eslilex 5,RxHand Original
img_1883.jpg,Eslilex 5,RxHand Original
img_1884.jpg,Eslilex 5,RxHand Original
img_1885.jpg,Eslilex 5,RxHand Original
img_1886.jpg,Eslilex 5,RxHand Original
img_1887.jpg,Eslilex 5,RxHand Original
img_1888.jpg,Eslilex 5,RxHand Original
img_1889.jpg,Esmax,RxHand Original
img_1890.jpg,Esmax,RxHand Original
img_1891.jpg,Esmax,RxHand Original
img_1892.jpg,Esmax,RxHand Original
img_1893.jpg,esmax,RxHand Original
img_1894.jpg,esmax,RxHand Original
img_1895.jpg,esmax,RxHand Original
img_1896.jpg,esmax,RxHand Original
img_1897.jpg,esmax,RxHand Original
img_1898.jpg,esmax,RxHand Original
img_1899.jpg,esmax,RxHand Original
img_1900.jpg,esmax,RxHand Original
img_1901.jpg,esmax,RxHand Original
img_1902.jpg,esmax,RxHand Original
img_1903.jpg,Esobest Mups,RxHand Original
img_1904.jpg,Esohil,RxHand Original
img_1905.jpg,Esohil,RxHand Original
img_1906.jpg,Esohil,RxHand Original
img_1907.jpg,Esohil,RxHand Original
img_1908.jpg,Esohil,RxHand Original
img_1909.jpg,Esohil,RxHand Original
img_1910.jpg,Esohil,RxHand Original
img_1911.jpg,esohil,RxHand Original
img_1912.jpg,Esomand,RxHand Original
img_1913.jpg,Esomax,RxHand Original
img_1914.jpg,Esomax,RxHand Original
img_1915.jpg,esomix,RxHand Original
img_1916.jpg,Esonix,RxHand Original
img_1917.jpg,esonix,RxHand Original
img_1918.jpg,Esoral,RxHand Original
img_1919.jpg,esoral,RxHand Original
img_1920.jpg,Esotid,RxHand Original
img_1921.jpg,Esotid,RxHand Original
img_1922.jpg,Esotid,RxHand Original
img_1923.jpg,Esotid,RxHand Original
img_1924.jpg,Esotid Mups(zx),RxHand Original
img_1925.jpg,Esotil,RxHand Original
img_1926.jpg,Esover,RxHand Original
img_1927.jpg,Esover,RxHand Original
img_1928.jpg,esprazo,RxHand Original
img_1929.jpg,esprazo,RxHand Original
img_1930.jpg,Esprazo,RxHand Original
img_1931.jpg,Esprazo,RxHand Original
img_1932.jpg,Esprazo,RxHand Original
img_1933.jpg,Esprazo,RxHand Original
img_1934.jpg,Esprazo,RxHand Original
img_1935.jpg,Esprazo,RxHand Original
img_1936.jpg,Esprazo,RxHand Original
img_1937.jpg,Esprazo,RxHand Original
img_1938.jpg,Esprazo,RxHand Original
img_1939.jpg,Esprazo,RxHand Original
img_1940.jpg,Esprazo,RxHand Original
img_1941.jpg,Esprazo,RxHand Original
img_1942.jpg,Esprazo,RxHand Original
img_1943.jpg,Esprazo,RxHand Original
img_1945.jpg,Esprazo,RxHand Original
img_1946.jpg,Esprazo,RxHand Original
img_1947.jpg,Esprazo,RxHand Original
img_1948.jpg,Esprazo,RxHand Original
img_1949.jpg,Esprazo,RxHand Original
img_1950.jpg,Esprazo,RxHand Original
img_1951.jpg,Esprazo,RxHand Original
img_1952.jpg,Esprozo,RxHand Original
img_1953.jpg,Esprozo,RxHand Original
img_1954.jpg,Esprozo,RxHand Original
img_1955.jpg,Estes,RxHand Original
img_1956.jpg,Estes,RxHand Original
img_1957.jpg,Estes,RxHand Original
img_1958.jpg,Estes,RxHand Original
img_1959.jpg,Estes,RxHand Original
img_1960.jpg,Estes,RxHand Original
img_1961.jpg,Estes,RxHand Original
img_1962.jpg,Estes,RxHand Original
img_1963.jpg,Estes 300,RxHand Original
img_1964.jpg,Estes 300,RxHand Original
img_1965.jpg,etorac,RxHand Original
img_1966.jpg,etorac,RxHand Original
img_1967.jpg,etorac,RxHand Original
img_1968.jpg,Etorix,RxHand Original
img_1969.jpg,Etorix,RxHand Original
img_1970.jpg,Etorix,RxHand Original
img_1971.jpg,Etorix,RxHand Original
img_1972.jpg,Etorix,RxHand Original
img_1973.jpg,Etorix,RxHand Original
img_1974.jpg,Etorix,RxHand Original
img_1975.jpg,Etorix,RxHand Original
img_1976.jpg,Etorix,RxHand Original
img_1977.jpg,Etorix,RxHand Original
img_1978.jpg,Etorix,RxHand Original
img_1979.jpg,Etorix,RxHand Original
img_1980.jpg,Etorix,RxHand Original
img_1981.jpg,Etorix,RxHand Original
img_1982.jpg,Etorix,RxHand Original
img_1983.jpg,Etorix,RxHand Original
img_1984.jpg,etorix,RxHand Original
img_1985.jpg,E-vit,RxHand Original
img_1986.jpg,E-vit,RxHand Original
img_1987.jpg,E-vit,RxHand Original
img_1988.jpg,Exeptim,RxHand Original
img_1989.jpg,exium,RxHand Original
img_1990.jpg,exium,RxHand Original
img_1991.jpg,exium,RxHand Original
img_1992.jpg,Exium Mups,RxHand Original
img_1993.jpg,Exlilex 5,RxHand Original
img_1994.jpg,Eyium,RxHand Original
img_1995.jpg,Eylox,RxHand Original
img_1996.jpg,Ezylife,RxHand Original
img_1997.jpg,Ezytake,RxHand Original
img_1998.jpg,Ezytake,RxHand Original
img_1999.jpg,Ezytake,RxHand Original
img_2000.jpg,f lubre,RxHand Original
img_2001.jpg,Faenor,RxHand Original
img_2002.jpg,Famolack,RxHand Original
img_2003.jpg,Farofew,RxHand Original
img_2004.jpg,faropen,RxHand Original
img_2005.jpg,Faropew,RxHand Original
img_2006.jpg,Farpev,RxHand Original
img_2007.jpg,Fasid Plus,RxHand Original
img_2008.jpg,Fasopen,RxHand Original
img_2009.jpg,Fatisol,RxHand Original
img_2010.jpg,Febun,RxHand Original
img_2011.jpg,Febusful,RxHand Original
img_2012.jpg,Febustat,RxHand Original
img_2013.jpg,Febustat,RxHand Original
img_2014.jpg,febustat,RxHand Original
img_2015.jpg,feeviu,RxHand Original
img_2016.jpg,femotol,RxHand Original
img_2017.jpg,femotol,RxHand Original
img_2018.jpg,femotol,RxHand Original
img_2019.jpg,Fenadin,RxHand Original
img_2020.jpg,Fenadin,RxHand Original
img_2021.jpg,Fenadin,RxHand Original
img_2022.jpg,Fenadin,RxHand Original
img_2023.jpg,Fenadin,RxHand Original
img_2024.jpg,Fenadin,RxHand Original
img_2025.jpg,Fenadin,RxHand Original
img_2026.jpg,Fenadin,RxHand Original
img_2027.jpg,fenadin,RxHand Original
img_2028.jpg,fenadin,RxHand Original
img_2029.jpg,fenadin,RxHand Original
img_2030.jpg,Fenafir,RxHand Original
img_2031.jpg,Fenafir,RxHand Original
img_2032.jpg,fenisen,RxHand Original
img_2033.jpg,Fenix,RxHand Original
img_2034.jpg,Fenix-v,RxHand Original
img_2035.jpg,fenix-v,RxHand Original
img_2036.jpg,Fenix-v,RxHand Original
img_2037.jpg,Fenix-V,RxHand Original
img_2038.jpg,Fenix-V,RxHand Original
img_2039.jpg,Fenix-V,RxHand Original
img_2040.jpg,Fenix-V,RxHand Original
img_2041.jpg,Fenix-V,RxHand Original
img_2042.jpg,Fenix-V,RxHand Original
img_2043.jpg,Fenix-V,RxHand Original
img_2044.jpg,Fenix-V,RxHand Original
img_2045.jpg,Fenix-V,RxHand Original
img_2046.jpg,Fenix-V,RxHand Original
img_2047.jpg,Fenix-V,RxHand Original
img_2048.jpg,Fenix-V,RxHand Original
img_2049.jpg,Fenix-V,RxHand Original
img_2050.jpg,Fenix-V,RxHand Original
img_2051.jpg,Fenix-V,RxHand Original
img_2052.jpg,Fenix-V,RxHand Original
img_2053.jpg,Fenix-V,RxHand Original
img_2054.jpg,Fenix-V,RxHand Original
img_2055.jpg,Fenodin,RxHand Original
img_2056.jpg,Fensiv,RxHand Original
img_2057.jpg,Fentizol,RxHand Original
img_2058.jpg,Fentizol,RxHand Original
img_2059.jpg,Ferix-V,RxHand Original
img_2060.jpg,ferix-v,RxHand Original
img_2061.jpg,ferix-v,RxHand Original
img_2062.jpg,ferix-v,RxHand Original
img_2063.jpg,Ferix-V,RxHand Original
img_2064.jpg,Ferix-V,RxHand Original
img_2065.jpg,Ferix-V,RxHand Original
img_2066.jpg,Ferix-v,RxHand Original
img_2067.jpg,Ferix-v,RxHand Original
img_2068.jpg,Feropen,RxHand Original
img_2069.jpg,Ferti-Q,RxHand Original
img_2070.jpg,Ferti-Q,RxHand Original
img_2071.jpg,Feryx,RxHand Original
img_2072.jpg,Festam gel,RxHand Original
img_2073.jpg,Feufiv,RxHand Original
img_2074.jpg,Feup,RxHand Original
img_2075.jpg,Feup,RxHand Original
img_2076.jpg,Feursilal,RxHand Original
img_2077.jpg,Feusiv,RxHand Original
img_2078.jpg,fevaliv,RxHand Original
img_2079.jpg,Fexofast,RxHand Original
img_2080.jpg,Fexofast,RxHand Original
img_2081.jpg,Fexofast,RxHand Original
img_2082.jpg,Fexofast,RxHand Original
img_2083.jpg,Fexit,RxHand Original
img_2084.jpg,Fexit,RxHand Original
img_2085.jpg,Fexit,RxHand Original
img_2086.jpg,FEXO,RxHand Original
img_2087.jpg,fexo,RxHand Original
img_2088.jpg,Fexo,RxHand Original
img_2089.jpg,Fexo,RxHand Original
img_2090.jpg,Fexo,RxHand Original
img_2091.jpg,Fexo,RxHand Original
img_2092.jpg,Fexo,RxHand Original
img_2093.jpg,Fexo,RxHand Original
img_2094.jpg,Fexo,RxHand Original
img_2095.jpg,Fexo,RxHand Original
img_2096.jpg,Fexo,RxHand Original
img_2097.jpg,Fexo,RxHand Original
img_2098.jpg,Fexo,RxHand Original
img_2099.jpg,Fexo,RxHand Original
img_2100.jpg,Fexo,RxHand Original
img_2101.jpg,fexo,RxHand Original
img_2102.jpg,fexo,RxHand Original
img_2103.jpg,Fexo 120,RxHand Original
img_2104.jpg,fexocon,RxHand Original
img_2105.jpg,Fexofast,RxHand Original
img_2106.jpg,Fexofast,RxHand Original
img_2107.jpg,Fexofenadine,RxHand Original
img_2108.jpg,Fexofenadine,RxHand Original
img_2109.jpg,Fexofenadine,RxHand Original
img_2110.jpg,Fexofenadine,RxHand Original
img_2111.jpg,Fexofenadinee,RxHand Original
img_2112.jpg,Fexofenadinee,RxHand Original
img_2113.jpg,Fexofenadinee,RxHand Original
img_2114.jpg,Fexofenadinee,RxHand Original
img_2115.jpg,Fexofenadinee,RxHand Original
img_2116.jpg,Fexofenadinee,RxHand Original
img_2117.jpg,Fexofenadinee,RxHand Original
img_2118.jpg,Fexofast,RxHand Original
img_2119.jpg,Fexofast,RxHand Original
img_2120.jpg,Fexofast,RxHand Original
img_2121.jpg,Fexolet M,RxHand Original
img_2122.jpg,figfimef,RxHand Original
img_2123.jpg,filmef,RxHand Original
img_2124.jpg,Filmet,RxHand Original
img_2125.jpg,Filmet,RxHand Original
img_2126.jpg,Filmet,RxHand Original
img_2127.jpg,Filmet,RxHand Original
img_2128.jpg,Filmet,RxHand Original
img_2129.jpg,Filmet,RxHand Original
img_2130.jpg,Filmet,RxHand Original
img_2131.jpg,filmet,RxHand Original
img_2132.jpg,filmet,RxHand Original
img_2133.jpg,filmet,RxHand Original
img_2134.jpg,filmet,RxHand Original
img_2135.jpg,filmet,RxHand Original
img_2136.jpg,filnet,RxHand Original
img_2137.jpg,Filofer,RxHand Original
img_2138.jpg,Filofer,RxHand Original
img_2139.jpg,Filoter,RxHand Original
img_2140.jpg,Filwef,RxHand Original
img_2141.jpg,Filwef,RxHand Original
img_2142.jpg,Filwef Gold,RxHand Original
img_2143.jpg,fimix,RxHand Original
img_2144.jpg,Fimoxyclav,RxHand Original
img_2145.jpg,Fimoxyclav,RxHand Original
img_2146.jpg,Fimoxyl,RxHand Original
img_2147.jpg,Finix,RxHand Original
img_2148.jpg,finix,RxHand Original
img_2149.jpg,Finix,RxHand Original
img_2150.jpg,finix,RxHand Original
img_2151.jpg,finix,RxHand Original
img_2152.jpg,Fixal,RxHand Original
img_2153.jpg,Fixal,RxHand Original
img_2154.jpg,fixalrt,RxHand Original
img_2155.jpg,Fixcef,RxHand Original
img_2156.jpg,Fixcef Plus,RxHand Original
img_2157.jpg,Fixcel,RxHand Original
img_2158.jpg,Fixgul,RxHand Original
img_2159.jpg,Fixgut,RxHand Original
img_2160.jpg,Fixgut,RxHand Original
img_2161.jpg,Fixgut,RxHand Original
img_2162.jpg,Fixgut,RxHand Original
img_2163.jpg,Fixgut,RxHand Original
img_2164.jpg,Fixgut,RxHand Original
img_2165.jpg,Fixgut,RxHand Original
img_2166.jpg,Fixgut,RxHand Original
img_2167.jpg,fixgut,RxHand Original
img_2168.jpg,fixgut,RxHand Original
img_2169.jpg,fixgut,RxHand Original
img_2170.jpg,fixgut,RxHand Original
img_2171.jpg,fixgut,RxHand Original
img_2172.jpg,fixgut,RxHand Original
img_2173.jpg,fixgut,RxHand Original
img_2174.jpg,fixgut,RxHand Original
img_2175.jpg,fixgut,RxHand Original
img_2176.jpg,fixgut,RxHand Original
img_2177.jpg,Fixgut 10,RxHand Original
img_2178.jpg,Fixocard,RxHand Original
img_2179.jpg,Fixocard,RxHand Original
img_2180.jpg,fixocard,RxHand Original
img_2181.jpg,flacol,RxHand Original
img_2182.jpg,Flamex,RxHand Original
img_2183.jpg,FLAMEX,RxHand Original
img_2184.jpg,Flamex,RxHand Original
img_2185.jpg,Flamex,RxHand Original
img_2186.jpg,Flamex,RxHand Original
img_2187.jpg,Flamex,RxHand Original
img_2188.jpg,Flamex,RxHand Original
img_2189.jpg,Flamex,RxHand Original
img_2190.jpg,flamex,RxHand Original
img_2191.jpg,flamex,RxHand Original
img_2192.jpg,flamex,RxHand Original
img_2193.jpg,Flamfix,RxHand Original
img_2194.jpg,Flamyd,RxHand Original
img_2195.jpg,Flamyd,RxHand Original
img_2196.jpg,flamyd,RxHand Original
img_2197.jpg,flamyd,RxHand Original
img_2198.jpg,flamyd,RxHand Original
img_2199.jpg,flamyd,RxHand Original
img_2200.jpg,flamyd,RxHand Original
img_2201.jpg,Flayd,RxHand Original
img_2202.jpg,Fleme max,RxHand Original
img_2203.jpg,flemex,RxHand Original
img_2204.jpg,Flemex Plus,RxHand Original
img_2205.jpg,Flemorif,RxHand Original
img_2206.jpg,Flenex Dew,RxHand Original
img_2207.jpg,Flexi,RxHand Original
img_2208.jpg,Flexi,RxHand Original
img_2209.jpg,Flexibac,RxHand Original
img_2210.jpg,Flexinor,RxHand Original
img_2211.jpg,Flubex,RxHand Original
img_2212.jpg,Flubex,RxHand Original
img_2213.jpg,Fluclox,RxHand Original
img_2214.jpg,Fluclox,RxHand Original
img_2215.jpg,Fluclox,RxHand Original
img_2216.jpg,Fluclox,RxHand Original
img_2217.jpg,Fluclox,RxHand Original
img_2218.jpg,Fluclox,RxHand Original
img_2219.jpg,Fluclox,RxHand Original
img_2220.jpg,Fluclox,RxHand Original
img_2221.jpg,Fluclox,RxHand Original
img_2222.jpg,Fluclox,RxHand Original
img_2223.jpg,Fluclox,RxHand Original
img_2224.jpg,Fluclox,RxHand Original
img_2225.jpg,fluclox,RxHand Original
img_2226.jpg,Fluclox,RxHand Original
img_2227.jpg,Flucloxacillin,RxHand Original
img_2228.jpg,Flucloxacillin,RxHand Original
img_2229.jpg,flucloxacillin,RxHand Original
img_2230.jpg,Flucloxin,RxHand Original
img_2231.jpg,Flucloxin,RxHand Original
img_2232.jpg,Fluelox,RxHand Original
img_2233.jpg,Flugal,RxHand Original
img_2234.jpg,Flugal,RxHand Original
img_2235.jpg,Flugal,RxHand Original
img_2236.jpg,Flugal,RxHand Original
img_2237.jpg,Flugal,RxHand Original
img_2238.jpg,Flugal,RxHand Original
img_2239.jpg,Flugal,RxHand Original
img_2240.jpg,Flugal,RxHand Original
img_2241.jpg,Flugal,RxHand Original
img_2242.jpg,Flugal,RxHand Original
img_2243.jpg,Flugal,RxHand Original
img_2244.jpg,Flugal,RxHand Original
img_2245.jpg,Flugal,RxHand Original
img_2246.jpg,Flugal,RxHand Original
img_2247.jpg,Flugal,RxHand Original
img_2248.jpg,Flugal,RxHand Original
img_2249.jpg,Flugat,RxHand Original
img_2250.jpg,Flugat,RxHand Original
img_2251.jpg,Flugat,RxHand Original
img_2252.jpg,Flugal,RxHand Original
img_2253.jpg,Flugal,RxHand Original
img_2254.jpg,Flugal,RxHand Original
img_2255.jpg,Fluma,RxHand Original
img_2256.jpg,flurif,RxHand Original
img_2257.jpg,Flux,RxHand Original
img_2258.jpg,Flux,RxHand Original
img_2259.jpg,Flux,RxHand Original
img_2260.jpg,Flux,RxHand Original
img_2261.jpg,Flux,RxHand Original
img_2262.jpg,Flux,RxHand Original
img_2263.jpg,Flux,RxHand Original
img_2264.jpg,Flux,RxHand Original
img_2265.jpg,Flux,RxHand Original
img_2266.jpg,Flux,RxHand Original
img_2267.jpg,Flux,RxHand Original
img_2268.jpg,flux,RxHand Original
img_2269.jpg,flux,RxHand Original
img_2270.jpg,flux,RxHand Original
img_2271.jpg,flux,RxHand Original
img_2272.jpg,flux,RxHand Original
img_2273.jpg,flux,RxHand Original
img_2274.jpg,Flv,RxHand Original
img_2275.jpg,Folison,RxHand Original
img_2276.jpg,Folison,RxHand Original
img_2277.jpg,Folison,RxHand Original
img_2278.jpg,Folita 5,RxHand Original
img_2279.jpg,folive,RxHand Original
img_2280.jpg,Follison,RxHand Original
img_2281.jpg,Follison,RxHand Original
img_2282.jpg,folzin,RxHand Original
img_2283.jpg,folzin,RxHand Original
img_2284.jpg,folzin,RxHand Original
img_2285.jpg,Folzin,RxHand Original
img_2286.jpg,Folzin,RxHand Original
img_2287.jpg,Folzin,RxHand Original
img_2288.jpg,Folzin,RxHand Original
img_2289.jpg,Folzin,RxHand Original
img_2290.jpg,Folzin,RxHand Original
img_2291.jpg,Folzin,RxHand Original
img_2292.jpg,Folzin,RxHand Original
img_2293.jpg,Folzin,RxHand Original
img_2294.jpg,Folzin,RxHand Original
img_2295.jpg,Folzin,RxHand Original
img_2296.jpg,Folzin,RxHand Original
img_2297.jpg,Folzin,RxHand Original
img_2298.jpg,Folzin-Cl,RxHand Original
img_2299.jpg,Folzin-Cl,RxHand Original
img_2300.jpg,Folzin-Cl,RxHand Original
img_2301.jpg,FONA,RxHand Original
img_2302.jpg,Fossical D,RxHand Original
img_2303.jpg,Fossical D,RxHand Original
img_2304.jpg,Fossical D,RxHand Original
img_2305.jpg,Fougest,RxHand Original
img_2306.jpg,fpeimcore,RxHand Original
img_2307.jpg,Frabex,RxHand Original
img_2308.jpg,Fremit,RxHand Original
img_2309.jpg,Frenxil,RxHand Original
img_2310.jpg,Frenxit,RxHand Original
img_2311.jpg,Frenxit,RxHand Original
img_2312.jpg,Frenxit,RxHand Original
img_2313.jpg,frframf 40,RxHand Original
img_2314.jpg,Frulac,RxHand Original
img_2315.jpg,Frulac,RxHand Original
img_2316.jpg,Frulac,RxHand Original
img_2317.jpg,Frulac,RxHand Original
img_2318.jpg,Frulac,RxHand Original
img_2319.jpg,Frulae,RxHand Original
img_2320.jpg,Fuclav,RxHand Original
img_2321.jpg,Fuclav,RxHand Original
img_2322.jpg,Fuclav,RxHand Original
img_2323.jpg,Fuclav,RxHand Original
img_2324.jpg,fuclav,RxHand Original
img_2325.jpg,Flugal,RxHand Original
img_2326.jpg,fun cream,RxHand Original
img_2327.jpg,Fungidal,RxHand Original
img_2328.jpg,Furocef,RxHand Original
img_2329.jpg,Furocef,RxHand Original
img_2330.jpg,Furocef,RxHand Original
img_2331.jpg,Furocef,RxHand Original
img_2332.jpg,Furoclav,RxHand Original
img_2333.jpg,furoclav,RxHand Original
img_2334.jpg,furonaaf,RxHand Original
img_2335.jpg,Furotil,RxHand Original
img_2336.jpg,Furotil Plus,RxHand Original
img_2337.jpg,Furotil Plus,RxHand Original
img_2338.jpg,fusid,RxHand Original
img_2339.jpg,Fusid,RxHand Original
img_2340.jpg,Fusid,RxHand Original
img_2341.jpg,Fusil Plm,RxHand Original
img_2342.jpg,Fxsid Plus,RxHand Original
img_2343.jpg,Fylox,RxHand Original
img_2344.jpg,Fylox,RxHand Original
img_2345.jpg,Fylox,RxHand Original
img_2346.jpg,Fylox,RxHand Original
img_2347.jpg,Fylox,RxHand Original
img_2348.jpg,fzsprazo,RxHand Original
img_2349.jpg,gaba p,RxHand Original
img_2350.jpg,Gagwol,RxHand Original
img_2351.jpg,Garcon,RxHand Original
img_2352.jpg,Garcon,RxHand Original
img_2353.jpg,gascon,RxHand Original
img_2354.jpg,gascon,RxHand Original
img_2355.jpg,gascon,RxHand Original
img_2356.jpg,gasnil,RxHand Original
img_2357.jpg,gasnil,RxHand Original
img_2358.jpg,gaviflux,RxHand Original
img_2359.jpg,gaviflux,RxHand Original
img_2360.jpg,gaviflux,RxHand Original
img_2361.jpg,gavilac,RxHand Original
img_2362.jpg,Gavinaaf,RxHand Original
img_2363.jpg,Gavinaaf,RxHand Original
img_2364.jpg,Gavisus,RxHand Original
img_2365.jpg,Gavisus,RxHand Original
img_2366.jpg,Gavitfep,RxHand Original
img_2367.jpg,Gavitfx,RxHand Original
img_2368.jpg,Gefapix,RxHand Original
img_2369.jpg,Gel,RxHand Original
img_2370.jpg,geolan,RxHand Original
img_2371.jpg,geolan,RxHand Original
img_2372.jpg,geolan,RxHand Original
img_2373.jpg,geolan,RxHand Original
img_2374.jpg,Geotoenol,RxHand Original
img_2375.jpg,Geoton,RxHand Original
img_2376.jpg,Geoton,RxHand Original
img_2377.jpg,Geoton,RxHand Original
img_2379.jpg,Geotrenol,RxHand Original
img_2380.jpg,Geotrenol,RxHand Original
img_2381.jpg,Gerfon,RxHand Original
img_2382.jpg,Gerfon,RxHand Original
img_2383.jpg,Gerhinal,RxHand Original
img_2384.jpg,Gerlon,RxHand Original
img_2385.jpg,Germicord,RxHand Original
img_2386.jpg,Geslon,RxHand Original
img_2387.jpg,Gestin,RxHand Original
img_2388.jpg,Gestirenol,RxHand Original
img_2389.jpg,Geston,RxHand Original
img_2390.jpg,Gestrenol,RxHand Original
img_2391.jpg,Gestrenol,RxHand Original
img_2392.jpg,Gestrenol,RxHand Original
img_2393.jpg,Gestrenol,RxHand Original
img_2394.jpg,Gestrenol,RxHand Original
img_2395.jpg,Gestrenol,RxHand Original
img_2396.jpg,Gestrenol,RxHand Original
img_2397.jpg,Gestrenol,RxHand Original
img_2398.jpg,gestrenol,RxHand Original
img_2399.jpg,ginoba,RxHand Original
img_2400.jpg,Ginoba,RxHand Original
img_2401.jpg,Gintabac,RxHand Original
img_2402.jpg,Gintex,RxHand Original
img_2403.jpg,Gintex,RxHand Original
img_2404.jpg,Gintex,RxHand Original
img_2405.jpg,Gintex,RxHand Original
img_2406.jpg,glanine,RxHand Original
img_2407.jpg,Glarine,RxHand Original
img_2408.jpg,Glarine,RxHand Original
img_2409.jpg,Glasin,RxHand Original
img_2410.jpg,Glicid,RxHand Original
img_2411.jpg,glinta,RxHand Original
img_2412.jpg,Glymed,RxHand Original
img_2413.jpg,Glymfa,RxHand Original
img_2414.jpg,Glymfa,RxHand Original
img_2415.jpg,Glymfa,RxHand Original
img_2416.jpg,Glyset vita,RxHand Original
img_2417.jpg,Glysup,RxHand Original
img_2418.jpg,glysup,RxHand Original
img_2419.jpg,Glyxan,RxHand Original
img_2420.jpg,G-pethidne,RxHand Original
img_2421.jpg,Greemox,RxHand Original
img_2422.jpg,Greemox,RxHand Original
img_2423.jpg,Greenox,RxHand Original
img_2424.jpg,Greenox,RxHand Original
img_2425.jpg,Greenox,RxHand Original
img_2426.jpg,GTN,RxHand Original
img_2427.jpg,halconf,RxHand Original
img_2428.jpg,halconl Dx,RxHand Original
img_2429.jpg,halcorl,RxHand Original
img_2430.jpg,hallornl Dx,RxHand Original
img_2431.jpg,hansol,RxHand Original
img_2432.jpg,hansol,RxHand Original
img_2433.jpg,Hartman,RxHand Original
img_2434.jpg,Hastaol,RxHand Original
img_2435.jpg,Hemofir FZ,RxHand Original
img_2436.jpg,hemofix,RxHand Original
img_2437.jpg,Hemofix,RxHand Original
img_2438.jpg,hepamore,RxHand Original
img_2439.jpg,Hepanor,RxHand Original
img_2440.jpg,Hepeximin,RxHand Original
img_2441.jpg,Heranor,RxHand Original
img_2442.jpg,Hermoquf,RxHand Original
img_2443.jpg,herpex,RxHand Original
img_2444.jpg,Hexinor,RxHand Original
img_2445.jpg,hici,RxHand Original
img_2446.jpg,high,RxHand Original
img_2447.jpg,high,RxHand Original
img_2448.jpg,high,RxHand Original
img_2449.jpg,high,RxHand Original
img_2450.jpg,high,RxHand Original
img_2451.jpg,high,RxHand Original
img_2452.jpg,high,RxHand Original
img_2453.jpg,high,RxHand Original
img_2454.jpg,high,RxHand Original
img_2455.jpg,high,RxHand Original
img_2456.jpg,high,RxHand Original
img_2457.jpg,Histacin,RxHand Original
img_2458.jpg,Histacin,RxHand Original
img_2459.jpg,Histacin,RxHand Original
img_2460.jpg,Histacin,RxHand Original
img_2461.jpg,Histacin,RxHand Original
img_2462.jpg,Histacin,RxHand Original
img_2463.jpg,Histacin,RxHand Original
img_2464.jpg,Histacin,RxHand Original
img_2465.jpg,Histacin,RxHand Original
img_2466.jpg,Histacin,RxHand Original
img_2467.jpg,Histacin,RxHand Original
img_2468.jpg,Histacin,RxHand Original
img_2469.jpg,Histacin,RxHand Original
img_2470.jpg,Histacin,RxHand Original
img_2471.jpg,Histacin,RxHand Original
img_2472.jpg,histacin,RxHand Original
img_2473.jpg,histacin,RxHand Original
img_2474.jpg,histacin,RxHand Original
img_2475.jpg,histacin,RxHand Original
img_2476.jpg,histacin,RxHand Original
img_2477.jpg,histacin,RxHand Original
img_2478.jpg,histacin,RxHand Original
img_2479.jpg,histacin,RxHand Original
img_2480.jpg,histacin,RxHand Original
img_2481.jpg,histacin,RxHand Original
img_2482.jpg,histacin,RxHand Original
img_2483.jpg,histacin,RxHand Original
img_2484.jpg,histacin,RxHand Original
img_2485.jpg,histacin,RxHand Original
img_2486.jpg,histacin,RxHand Original
img_2487.jpg,histacin,RxHand Original
img_2488.jpg,histacin,RxHand Original
img_2489.jpg,histacin,RxHand Original
img_2490.jpg,histacin,RxHand Original
img_2491.jpg,histacin,RxHand Original
img_2492.jpg,Histal,RxHand Original
img_2493.jpg,Histal,RxHand Original
img_2494.jpg,histal,RxHand Original
img_2495.jpg,histal,RxHand Original
img_2496.jpg,histal,RxHand Original
img_2497.jpg,histal,RxHand Original
img_2498.jpg,histal,RxHand Original
img_2499.jpg,histal,RxHand Original
img_2500.jpg,histal,RxHand Original
img_2501.jpg,histal,RxHand Original
img_2502.jpg,Histat,RxHand Original
img_2503.jpg,Histat,RxHand Original
img_2504.jpg,Histol,RxHand Original
img_2505.jpg,Hot Compression,RxHand Original
img_2506.jpg,HPR DS,RxHand Original
img_2507.jpg,HPR DS,RxHand Original
img_2508.jpg,HPR DS,RxHand Original
img_2509.jpg,HPR DS,RxHand Original
img_2510.jpg,hpr ds,RxHand Original
img_2511.jpg,hulilax 24,RxHand Original
img_2512.jpg,hutilax,RxHand Original
img_2513.jpg,Hydronix,RxHand Original
img_2514.jpg,Ibuprofen,RxHand Original
img_2515.jpg,Imipenem,RxHand Original
img_2516.jpg,Imipenem,RxHand Original
img_2517.jpg,Inderal,RxHand Original
img_2518.jpg,Inderen,RxHand Original
img_2519.jpg,Indever,RxHand Original
img_2520.jpg,Indever,RxHand Original
img_2521.jpg,Indever,RxHand Original
img_2522.jpg,Indever,RxHand Original
img_2523.jpg,Indever,RxHand Original
img_2524.jpg,Indever,RxHand Original
img_2525.jpg,Indever,RxHand Original
img_2526.jpg,Indever 10,RxHand Original
img_2527.jpg,Indever 20,RxHand Original
img_2528.jpg,Indever f,RxHand Original
img_2529.jpg,Indevex,RxHand Original
img_2530.jpg,Indiver,RxHand Original
img_2531.jpg,Indo,RxHand Original
img_2532.jpg,Indo,RxHand Original
img_2533.jpg,Indo,RxHand Original
img_2534.jpg,Indo,RxHand Original
img_2535.jpg,Indo,RxHand Original
img_2536.jpg,Indo,RxHand Original
img_2537.jpg,indo,RxHand Original
img_2538.jpg,Indooref,RxHand Original
img_2539.jpg,Indover 10,RxHand Original
img_2540.jpg,inj,RxHand Original
img_2541.jpg,inj,RxHand Original
img_2542.jpg,inj,RxHand Original
img_2543.jpg,inj,RxHand Original
img_2544.jpg,inj,RxHand Original
img_2545.jpg,inj,RxHand Original
img_2546.jpg,inj,RxHand Original
img_2547.jpg,inj,RxHand Original
img_2548.jpg,inj,RxHand Original
img_2549.jpg,inj,RxHand Original
img_2550.jpg,inj,RxHand Original
img_2551.jpg,inj,RxHand Original
img_2552.jpg,inj,RxHand Original
img_2553.jpg,inj,RxHand Original
img_2554.jpg,inj,RxHand Original
img_2555.jpg,inj,RxHand Original
img_2556.jpg,inj,RxHand Original
img_2557.jpg,inj,RxHand Original
img_2558.jpg,inj,RxHand Original
img_2559.jpg,inj,RxHand Original
img_2560.jpg,inj,RxHand Original
img_2561.jpg,inj,RxHand Original
img_2562.jpg,inj,RxHand Original
img_2563.jpg,inj,RxHand Original
img_2564.jpg,inj,RxHand Original
img_2565.jpg,Injection,RxHand Original
img_2566.jpg,Injection,RxHand Original
img_2567.jpg,Injection,RxHand Original
img_2568.jpg,Injection,RxHand Original
img_2569.jpg,Injection,RxHand Original
img_2570.jpg,Injection,RxHand Original
img_2571.jpg,Injection,RxHand Original
img_2572.jpg,Injection,RxHand Original
img_2573.jpg,Injection,RxHand Original
img_2574.jpg,Injection,RxHand Original
img_2575.jpg,Injection,RxHand Original
img_2576.jpg,Injection,RxHand Original
img_2577.jpg,Injection,RxHand Original
img_2578.jpg,Injection,RxHand Original
img_2579.jpg,Injection,RxHand Original
img_2580.jpg,Injection,RxHand Original
img_2581.jpg,Injection,RxHand Original
img_2582.jpg,Injection,RxHand Original
img_2583.jpg,Injection,RxHand Original
img_2584.jpg,Injection,RxHand Original
img_2585.jpg,Injection,RxHand Original
img_2586.jpg,Injection,RxHand Original
img_2587.jpg,Injection,RxHand Original
img_2588.jpg,Injection,RxHand Original
img_2589.jpg,Injection,RxHand Original
img_2590.jpg,Injection,RxHand Original
img_2591.jpg,Injection,RxHand Original
img_2592.jpg,Injection,RxHand Original
img_2593.jpg,Injection,RxHand Original
img_2594.jpg,Injection,RxHand Original
img_2595.jpg,Injection,RxHand Original
img_2596.jpg,Injection,RxHand Original
img_2597.jpg,Injection,RxHand Original
img_2598.jpg,Injection,RxHand Original
img_2599.jpg,Injection,RxHand Original
img_2600.jpg,Injection,RxHand Original
img_2601.jpg,Injection,RxHand Original
img_2602.jpg,Injection,RxHand Original
img_2603.jpg,Injection,RxHand Original
img_2604.jpg,Injection,RxHand Original
img_2605.jpg,Injection,RxHand Original
img_2606.jpg,Injection,RxHand Original
img_2607.jpg,Injection,RxHand Original
img_2608.jpg,Injection,RxHand Original
img_2609.jpg,Injection,RxHand Original
img_2610.jpg,Injection,RxHand Original
img_2611.jpg,Injection,RxHand Original
img_2612.jpg,Injection,RxHand Original
img_2613.jpg,Injection,RxHand Original
img_2614.jpg,Injection,RxHand Original
img_2615.jpg,Injection,RxHand Original
img_2616.jpg,Injection,RxHand Original
img_2617.jpg,Injection,RxHand Original
img_2618.jpg,Injection,RxHand Original
img_2619.jpg,Injection,RxHand Original
img_2620.jpg,Injection,RxHand Original
img_2621.jpg,Injection,RxHand Original
img_2622.jpg,Injection,RxHand Original
img_2623.jpg,Injection,RxHand Original
img_2624.jpg,Injection,RxHand Original
img_2625.jpg,Injection,RxHand Original
img_2626.jpg,Injection,RxHand Original
img_2627.jpg,Injection,RxHand Original
img_2628.jpg,Injection,RxHand Original
img_2629.jpg,Injection,RxHand Original
img_2630.jpg,Injection,RxHand Original
img_2631.jpg,Injection,RxHand Original
img_2632.jpg,Injection,RxHand Original
img_2633.jpg,Injection,RxHand Original
img_2634.jpg,Injection,RxHand Original
img_2635.jpg,Injection,RxHand Original
img_2636.jpg,Injection,RxHand Original
img_2637.jpg,Injection,RxHand Original
img_2638.jpg,Injection,RxHand Original
img_2639.jpg,Injection,RxHand Original
img_2640.jpg,Injection,RxHand Original
img_2641.jpg,Injection,RxHand Original
img_2642.jpg,Injection,RxHand Original
img_2643.jpg,Inxo-A,RxHand Original
img_2644.jpg,Iracet,RxHand Original
img_2645.jpg,Iracet,RxHand Original
img_2646.jpg,Iracet,RxHand Original
img_2647.jpg,Iracet,RxHand Original
img_2648.jpg,Iracet,RxHand Original
img_2649.jpg,Iracet,RxHand Original
img_2650.jpg,Itogut,RxHand Original
img_2651.jpg,Itokine,RxHand Original
img_2652.jpg,Itokine,RxHand Original
img_2653.jpg,Itokine,RxHand Original
img_2654.jpg,Itokine,RxHand Original
img_2655.jpg,Itokine,RxHand Original
img_2656.jpg,Itokine,RxHand Original
img_2657.jpg,Itokine 50,RxHand Original
img_2658.jpg,Itoklav 50,RxHand Original
img_2659.jpg,Itolcive 80,RxHand Original
img_2660.jpg,Itrahil,RxHand Original
img_2661.jpg,Itralul SB,RxHand Original
img_2662.jpg,Joint Relif Plus,RxHand Original
img_2663.jpg,K2cal,RxHand Original
img_2664.jpg,k2cal,RxHand Original
img_2665.jpg,Kacin,RxHand Original
img_2666.jpg,Kacin,RxHand Original
img_2667.jpg,Kacin,RxHand Original
img_2668.jpg,Kacin,RxHand Original
img_2669.jpg,Kacin,RxHand Original
img_2670.jpg,Kacin,RxHand Original
img_2671.jpg,Kacin,RxHand Original
img_2672.jpg,kacin,RxHand Original
img_2673.jpg,kacin,RxHand Original
img_2674.jpg,kacin,RxHand Original
img_2675.jpg,Kalcoral,RxHand Original
img_2676.jpg,Kallonl Dx,RxHand Original
img_2677.jpg,Kalorl Dx,RxHand Original
img_2678.jpg,Katomor,RxHand Original
img_2679.jpg,Kefuclav,RxHand Original
img_2680.jpg,Keto,RxHand Original
img_2681.jpg,ketoflax,RxHand Original
img_2682.jpg,Ketorolac,RxHand Original
img_2683.jpg,Ketorolac,RxHand Original
img_2684.jpg,Ketorolac,RxHand Original
img_2685.jpg,Ketorolac,RxHand Original
img_2686.jpg,Ketorolac,RxHand Original
img_2687.jpg,Ketorolac,RxHand Original
img_2688.jpg,Ketorolac,RxHand Original
img_2689.jpg,Ketorolac,RxHand Original
img_2690.jpg,Ketorolac,RxHand Original
img_2691.jpg,Ketorolac,RxHand Original
img_2692.jpg,Ketorolac,RxHand Original
img_2693.jpg,Ketorolac,RxHand Original
img_2694.jpg,Ketorolac,RxHand Original
img_2695.jpg,ketorolac,RxHand Original
img_2696.jpg,K-flam,RxHand Original
img_2697.jpg,K-flex,RxHand Original
img_2698.jpg,Kibac,RxHand Original
img_2699.jpg,Kinate,RxHand Original
img_2700.jpg,Kinate,RxHand Original
img_2701.jpg,kinate,RxHand Original
img_2702.jpg,Kinate,RxHand Original
img_2703.jpg,kinate,RxHand Original
img_2704.jpg,Kinate,RxHand Original
img_2705.jpg,Kinate,RxHand Original
img_2706.jpg,kinate,RxHand Original
img_2707.jpg,Kindial-D,RxHand Original
img_2708.jpg,kindical D,RxHand Original
img_2709.jpg,Klabid,RxHand Original
img_2710.jpg,Klobid,RxHand Original
img_2711.jpg,Knee joints,RxHand Original
img_2712.jpg,K-one,RxHand Original
img_2713.jpg,Lacfu,RxHand Original
img_2714.jpg,Lacto,RxHand Original
img_2715.jpg,Lacto,RxHand Original
img_2716.jpg,Lacto,RxHand Original
img_2717.jpg,Lactomone,RxHand Original
img_2718.jpg,Lactomore,RxHand Original
img_2719.jpg,Lactomore,RxHand Original
img_2720.jpg,Lactomore,RxHand Original
img_2721.jpg,lactomore,RxHand Original
img_2722.jpg,lactomore,RxHand Original
img_2723.jpg,lactomore,RxHand Original
img_2724.jpg,lactomore,RxHand Original
img_2725.jpg,lactomore,RxHand Original
img_2726.jpg,lactomore,RxHand Original
img_2727.jpg,lactomore,RxHand Original
img_2728.jpg,lactomore,RxHand Original
img_2729.jpg,lactomore,RxHand Original
img_2730.jpg,lactomore,RxHand Original
img_2731.jpg,lactomore,RxHand Original
img_2732.jpg,lactomore,RxHand Original
img_2733.jpg,lactomore,RxHand Original
img_2734.jpg,Lactu,RxHand Original
img_2735.jpg,lanolin,RxHand Original
img_2736.jpg,lanso max,RxHand Original
img_2737.jpg,lansomax,RxHand Original
img_2738.jpg,Lantus,RxHand Original
img_2739.jpg,Lantus,RxHand Original
img_2740.jpg,Lasix,RxHand Original
img_2741.jpg,Lasix,RxHand Original
img_2742.jpg,Lasix,RxHand Original
img_2743.jpg,Lasix,RxHand Original
img_2744.jpg,Lasix,RxHand Original
img_2745.jpg,latilax,RxHand Original
img_2746.jpg,LBP following,RxHand Original
img_2747.jpg,Learxir,RxHand Original
img_2748.jpg,lecor,RxHand Original
img_2749.jpg,lecor,RxHand Original
img_2750.jpg,Lecor,RxHand Original
img_2751.jpg,Lecor,RxHand Original
img_2752.jpg,Lecor,RxHand Original
img_2753.jpg,Lecor,RxHand Original
img_2754.jpg,lecor,RxHand Original
img_2755.jpg,Lecor,RxHand Original
img_2756.jpg,Lecor,RxHand Original
img_2757.jpg,Lecor,RxHand Original
img_2758.jpg,Lelox,RxHand Original
img_2759.jpg,Lerozol,RxHand Original
img_2760.jpg,Lerozol,RxHand Original
img_2761.jpg,Lerozol,RxHand Original
img_2762.jpg,Lestarin,RxHand Original
img_2763.jpg,Levofloxacin,RxHand Original
img_2764.jpg,levofloxacin,RxHand Original
img_2765.jpg,Levothyroxine,RxHand Original
img_2766.jpg,Levox,RxHand Original
img_2767.jpg,Levox,RxHand Original
img_2768.jpg,Levox,RxHand Original
img_2769.jpg,liberts,RxHand Original
img_2770.jpg,liberts,RxHand Original
img_2771.jpg,liberts,RxHand Original
img_2772.jpg,liberts,RxHand Original
img_2773.jpg,Libidex,RxHand Original
img_2774.jpg,Libidex,RxHand Original
img_2775.jpg,libott,RxHand Original
img_2776.jpg,Libott-S JR,RxHand Original
img_2777.jpg,Lifanta,RxHand Original
img_2778.jpg,Ligazid,RxHand Original
img_2779.jpg,Ligazid,RxHand Original
img_2780.jpg,ligazid,RxHand Original
img_2781.jpg,Limbix,RxHand Original
img_2782.jpg,Limbix,RxHand Original
img_2783.jpg,Limtab,RxHand Original
img_2784.jpg,Limtab,RxHand Original
img_2785.jpg,linatab,RxHand Original
img_2786.jpg,Linatin,RxHand Original
img_2787.jpg,Linax,RxHand Original
img_2788.jpg,linax plus,RxHand Original
img_2789.jpg,linax plus,RxHand Original
img_2790.jpg,linax plus,RxHand Original
img_2791.jpg,Lindac,RxHand Original
img_2792.jpg,Lindac,RxHand Original
img_2793.jpg,Lindac,RxHand Original
img_2794.jpg,Lindac,RxHand Original
img_2795.jpg,lindac,RxHand Original
img_2796.jpg,linux plus,RxHand Original
img_2797.jpg,Lipicon,RxHand Original
img_2798.jpg,Liprolin,RxHand Original
img_2799.jpg,liquid,RxHand Original
img_2800.jpg,liquid,RxHand Original
img_2801.jpg,liquid,RxHand Original
img_2802.jpg,liquid,RxHand Original
img_2803.jpg,liquid,RxHand Original
img_2804.jpg,Liquid to soft,RxHand Original
img_2805.jpg,lnfilax,RxHand Original
img_2806.jpg,Loba-G,RxHand Original
img_2807.jpg,loba-g,RxHand Original
img_2808.jpg,loba-g,RxHand Original
img_2809.jpg,loba-g,RxHand Original
img_2810.jpg,Lopiren,RxHand Original
img_2811.jpg,Losectil,RxHand Original
img_2812.jpg,Losita,RxHand Original
img_2813.jpg,Loxodol,RxHand Original
img_2814.jpg,Loxodol,RxHand Original
img_2815.jpg,Loxodol,RxHand Original
img_2816.jpg,loxodol,RxHand Original
img_2817.jpg,loxodol,RxHand Original
img_2818.jpg,Lubilax,RxHand Original
img_2819.jpg,Lubilay,RxHand Original
img_2820.jpg,Lubilex,RxHand Original
img_2821.jpg,Lubilox,RxHand Original
img_2822.jpg,lufilox,RxHand Original
img_2823.jpg,lullonl Dx,RxHand Original
img_2824.jpg,lulrilax,RxHand Original
img_2825.jpg,Lumana plus,RxHand Original
img_2826.jpg,Luminus,RxHand Original
img_2827.jpg,Luminus,RxHand Original
img_2828.jpg,Lumona,RxHand Original
img_2829.jpg,lutilax,RxHand Original
img_2830.jpg,Lutilax 24,RxHand Original
img_2831.jpg,Lwfilex 24,RxHand Original
img_2832.jpg,Lyric,RxHand Original
img_2833.jpg,lytex,RxHand Original
img_2834.jpg,M.kant,RxHand Original
img_2835.jpg,Macrobac,RxHand Original
img_2836.jpg,Macrobac,RxHand Original
img_2837.jpg,magni,RxHand Original
img_2838.jpg,Malucan,RxHand Original
img_2839.jpg,Maopuotuel,RxHand Original
img_2840.jpg,matima,RxHand Original
img_2841.jpg,Matina,RxHand Original
img_2842.jpg,Matina,RxHand Original
img_2843.jpg,Max dol,RxHand Original
img_2844.jpg,Max Pro,RxHand Original
img_2845.jpg,Max Pro,RxHand Original
img_2846.jpg,maxdol,RxHand Original
img_2847.jpg,maxdol,RxHand Original
img_2848.jpg,maxdol,RxHand Original
img_2849.jpg,maxdol,RxHand Original
img_2850.jpg,maxdol,RxHand Original
img_2851.jpg,Maxigam E/D,RxHand Original
img_2852.jpg,Maxima,RxHand Original
img_2853.jpg,Maxima,RxHand Original
img_2854.jpg,Maxima,RxHand Original
img_2855.jpg,Maxima,RxHand Original
img_2856.jpg,Maxima,RxHand Original
img_2857.jpg,Maxima,RxHand Original
img_2858.jpg,Maxima,RxHand Original
img_2859.jpg,Maxima,RxHand Original
img_2860.jpg,Maxima,RxHand Original
img_2861.jpg,Maxirra,RxHand Original
img_2862.jpg,Maxpro,RxHand Original
img_2863.jpg,maxpro,RxHand Original
img_2864.jpg,maxpro,RxHand Original
img_2865.jpg,MaxPro,RxHand Original
img_2866.jpg,Maxpro,RxHand Original
img_2867.jpg,Maxpro,RxHand Original
img_2868.jpg,Maxpro,RxHand Original
img_2869.jpg,MaxPro,RxHand Original
img_2870.jpg,Maxpro,RxHand Original
img_2871.jpg,Maxpro,RxHand Original
img_2872.jpg,Maxpro,RxHand Original
img_2873.jpg,Maxpro,RxHand Original
img_2874.jpg,Maxpro,RxHand Original
img_2875.jpg,Maxpro,RxHand Original
img_2876.jpg,maxpro,RxHand Original
img_2877.jpg,maxrin,RxHand Original
img_2878.jpg,Maxrin,RxHand Original
img_2879.jpg,maxrin,RxHand Original
img_2880.jpg,maxrin,RxHand Original
img_2881.jpg,Maxrin ,RxHand Original
img_2882.jpg,Maxrin D,RxHand Original
img_2883.jpg,Maxsulin,RxHand Original
img_2884.jpg,Maxsulin,RxHand Original
img_2885.jpg,Maxsulin,RxHand Original
img_2886.jpg,Maxsulin R,RxHand Original
img_2887.jpg,Maxuline-R,RxHand Original
img_2888.jpg,mecol,RxHand Original
img_2889.jpg,Mecol,RxHand Original
img_2890.jpg,Mecol,RxHand Original
img_2891.jpg,Mecor,RxHand Original
img_2892.jpg,Medi Plus,RxHand Original
img_2893.jpg,Medragust,RxHand Original
img_2894.jpg,Medroxy,RxHand Original
img_2895.jpg,mefanide,RxHand Original
img_2896.jpg,Meffo,RxHand Original
img_2897.jpg,mefhomof,RxHand Original
img_2898.jpg,megaba,RxHand Original
img_2899.jpg,Megulol,RxHand Original
img_2900.jpg,Melhomofsw,RxHand Original
img_2901.jpg,melpred,RxHand Original
img_2902.jpg,Melpred,RxHand Original
img_2903.jpg,menofemin,RxHand Original
img_2904.jpg,Menoral,RxHand Original
img_2905.jpg,menoril,RxHand Original
img_2906.jpg,Merdin,RxHand Original
img_2907.jpg,Merdir,RxHand Original
img_2908.jpg,Merincal-D,RxHand Original
img_2909.jpg,merocil,RxHand Original
img_2910.jpg,Meropen,RxHand Original
img_2911.jpg,Meropen,RxHand Original
img_2912.jpg,meropen,RxHand Original
img_2913.jpg,meropen,RxHand Original
img_2914.jpg,meropen,RxHand Original
img_2915.jpg,meropen,RxHand Original
img_2916.jpg,Meropen ,RxHand Original
img_2917.jpg,meropen ,RxHand Original
img_2918.jpg,Meropenem,RxHand Original
img_2919.jpg,Meropenem,RxHand Original
img_2920.jpg,Meropenem,RxHand Original
img_2921.jpg,Meropenem,RxHand Original
img_2922.jpg,Meropenem,RxHand Original
img_2923.jpg,Meropenem,RxHand Original
img_2924.jpg,Meropenem,RxHand Original
img_2925.jpg,Meropenem,RxHand Original
img_2926.jpg,Meropenem,RxHand Original
img_2927.jpg,Meropenem,RxHand Original
img_2928.jpg,Meropenem,RxHand Original
img_2929.jpg,Meropenem,RxHand Original
img_2930.jpg,Meropenem,RxHand Original
img_2931.jpg,Meropenem,RxHand Original
img_2932.jpg,Meropenem,RxHand Original
img_2933.jpg,Meropenem,RxHand Original
img_2934.jpg,Meropenem,RxHand Original
img_2935.jpg,Meropenem,RxHand Original
img_2936.jpg,Meropenem,RxHand Original
img_2937.jpg,Meropenem,RxHand Original
img_2938.jpg,meropenem,RxHand Original
img_2939.jpg,meropenem,RxHand Original
img_2940.jpg,meropenem,RxHand Original
img_2941.jpg,meropenem,RxHand Original
img_2942.jpg,meropenem,RxHand Original
img_2943.jpg,meropenem,RxHand Original
img_2944.jpg,merrobe,RxHand Original
img_2945.jpg,Merthomol,RxHand Original
img_2946.jpg,Mervan,RxHand Original
img_2947.jpg,Mervax,RxHand Original
img_2948.jpg,Merven-SR,RxHand Original
img_2949.jpg,Mesacol,RxHand Original
img_2950.jpg,Mesacol,RxHand Original
img_2951.jpg,metaconil,RxHand Original
img_2952.jpg,Metaomol,RxHand Original
img_2953.jpg,Methicap,RxHand Original
img_2954.jpg,methicap,RxHand Original
img_2955.jpg,Methomol,RxHand Original
img_2956.jpg,methomol,RxHand Original
img_2957.jpg,methomol,RxHand Original
img_2958.jpg,Methox,RxHand Original
img_2959.jpg,Metro,RxHand Original
img_2960.jpg,Metro,RxHand Original
img_2961.jpg,Metro,RxHand Original
img_2962.jpg,Metro,RxHand Original
img_2963.jpg,metro,RxHand Original
img_2964.jpg,metro,RxHand Original
img_2965.jpg,metro,RxHand Original
img_2966.jpg,metro,RxHand Original
img_2967.jpg,metro,RxHand Original
img_2968.jpg,Metro ,RxHand Original
img_2969.jpg,Metronidazole,RxHand Original
img_2970.jpg,Metronidazole,RxHand Original
img_2971.jpg,Metronidazole,RxHand Original
img_2972.jpg,Metronidazole,RxHand Original
img_2973.jpg,Metronidazole,RxHand Original
img_2974.jpg,Metronidazole,RxHand Original
img_2975.jpg,Metronidazole,RxHand Original
img_2976.jpg,Metronidazole,RxHand Original
img_2977.jpg,Metronidazole,RxHand Original
img_2978.jpg,Metronidazole,RxHand Original
img_2979.jpg,Metronidazole,RxHand Original
img_2980.jpg,Metronidazole,RxHand Original
img_2981.jpg,Metronidazole,RxHand Original
img_2982.jpg,meur,RxHand Original
img_2983.jpg,Meropenem,RxHand Original
img_2984.jpg,Mexpro,RxHand Original
img_2985.jpg,Micoral gel,RxHand Original
img_2986.jpg,Micoral gel,RxHand Original
img_2987.jpg,Micoral gel,RxHand Original
img_2988.jpg,Micoral gel,RxHand Original
img_2989.jpg,Micoral gel,RxHand Original
img_2990.jpg,Macrobac,RxHand Original
img_2991.jpg,Macrobac,RxHand Original
img_2992.jpg,Microcef,RxHand Original
img_2993.jpg,Microcef,RxHand Original
img_2994.jpg,Microcef,RxHand Original
img_2995.jpg,Microcef,RxHand Original
img_2996.jpg,Microgcofi,RxHand Original
img_2997.jpg,microges,RxHand Original
img_2998.jpg,Microgest,RxHand Original
img_2999.jpg,Microgest,RxHand Original
img_3000.jpg,Microgest,RxHand Original
img_3001.jpg,Microgest,RxHand Original
img_3002.jpg,microgest,RxHand Original
img_3003.jpg,microgest ,RxHand Original
img_3004.jpg,microgest ,RxHand Original
img_3005.jpg,Microgurt,RxHand Original
img_3006.jpg,Microsegt,RxHand Original
img_3007.jpg,mig,RxHand Original
img_3008.jpg,mig,RxHand Original
img_3009.jpg,mig,RxHand Original
img_3010.jpg,mig,RxHand Original
img_3011.jpg,mig,RxHand Original
img_3012.jpg,mig,RxHand Original
img_3013.jpg,mig,RxHand Original
img_3014.jpg,mig,RxHand Original
img_3015.jpg,Mig 2.5,RxHand Original
img_3016.jpg,migo,RxHand Original
img_3017.jpg,milam,RxHand Original
img_3018.jpg,Minnate,RxHand Original
img_3019.jpg,miraba,RxHand Original
img_3020.jpg,mirata,RxHand Original
img_3021.jpg,mirata,RxHand Original
img_3022.jpg,Mitpr,RxHand Original
img_3023.jpg,Mixit,RxHand Original
img_3024.jpg,Mixit,RxHand Original
img_3025.jpg,mixit,RxHand Original
img_3026.jpg,mixit,RxHand Original
img_3027.jpg,Mixit,RxHand Original
img_3028.jpg,Mixit,RxHand Original
img_3029.jpg,mixit,RxHand Original
img_3030.jpg,M-Kast,RxHand Original
img_3031.jpg,M-Kast,RxHand Original
img_3032.jpg,m-lucas,RxHand Original
img_3033.jpg,m-lucas,RxHand Original
img_3034.jpg,M-lucas,RxHand Original
img_3035.jpg,m-lucas,RxHand Original
img_3036.jpg,m-lucas,RxHand Original
img_3037.jpg,m-lucas,RxHand Original
img_3038.jpg,m-lucas,RxHand Original
img_3039.jpg,m-lucas,RxHand Original
img_3040.jpg,m-lucas,RxHand Original
img_3041.jpg,m-lucas,RxHand Original
img_3042.jpg,m-lucas,RxHand Original
img_3043.jpg,m-lucas,RxHand Original
img_3044.jpg,m-lucas,RxHand Original
img_3045.jpg,m-lucas,RxHand Original
img_3046.jpg,m-lucas,RxHand Original
img_3047.jpg,m-lucas,RxHand Original
img_3048.jpg,m-lucas,RxHand Original
img_3049.jpg,m-lucas,RxHand Original
img_3050.jpg,m-lucas,RxHand Original
img_3051.jpg,m-lucas,RxHand Original
img_3052.jpg,m-lucas,RxHand Original
img_3053.jpg,m-lucas ,RxHand Original
img_3054.jpg,m-lucas ,RxHand Original
img_3055.jpg,m-lucas 10,RxHand Original
img_3056.jpg,m-lucas 10,RxHand Original
img_3057.jpg,m-lucas 10,RxHand Original
img_3058.jpg,m-lucas 10,RxHand Original
img_3059.jpg,m-lucas 10,RxHand Original
img_3060.jpg,m-lucas 10,RxHand Original
img_3061.jpg,m-lucas 10,RxHand Original
img_3062.jpg,m-lucas 10,RxHand Original
img_3063.jpg,m-lucas 10,RxHand Original
img_3064.jpg,m-lucas 10,RxHand Original
img_3065.jpg,m-lucas 10,RxHand Original
img_3066.jpg,m-lucas 10,RxHand Original
img_3067.jpg,m-lucas 10,RxHand Original
img_3068.jpg,m-lucas 10,RxHand Original
img_3069.jpg,m-lucas 10,RxHand Original
img_3070.jpg,m-lucas 10,RxHand Original
img_3071.jpg,m-lucas 10,RxHand Original
img_3072.jpg,m-lucas 10,RxHand Original
img_3073.jpg,m-lucas 10,RxHand Original
img_3074.jpg,m-lucas 10,RxHand Original
img_3075.jpg,m-lucas 10,RxHand Original
img_3076.jpg,m-lucas 10,RxHand Original
img_3077.jpg,m-lucas 10,RxHand Original
img_3078.jpg,m-lucas 10,RxHand Original
img_3079.jpg,mofigut,RxHand Original
img_3080.jpg,Momvit,RxHand Original
img_3081.jpg,Monas,RxHand Original
img_3082.jpg,Monas,RxHand Original
img_3083.jpg,Monas,RxHand Original
img_3084.jpg,Monas,RxHand Original
img_3085.jpg,Monas,RxHand Original
img_3086.jpg,Monas,RxHand Original
img_3087.jpg,Monas,RxHand Original
img_3088.jpg,Monas,RxHand Original
img_3089.jpg,Monas,RxHand Original
img_3090.jpg,Monas,RxHand Original
img_3091.jpg,Monas,RxHand Original
img_3092.jpg,Monas,RxHand Original
img_3093.jpg,Monas,RxHand Original
img_3094.jpg,monas,RxHand Original
img_3095.jpg,Monas 10,RxHand Original
img_3096.jpg,Monfast,RxHand Original
img_3097.jpg,Monfast,RxHand Original
img_3098.jpg,monfast,RxHand Original
img_3099.jpg,monfast,RxHand Original
img_3100.jpg,monfast,RxHand Original
img_3101.jpg,monfast,RxHand Original
img_3102.jpg,monfast,RxHand Original
img_3103.jpg,monfast,RxHand Original
img_3104.jpg,monfast,RxHand Original
img_3105.jpg,monfast,RxHand Original
img_3106.jpg,monfast,RxHand Original
img_3107.jpg,Montair,RxHand Original
img_3108.jpg,Montair,RxHand Original
img_3109.jpg,Montelukast,RxHand Original
img_3110.jpg,Montelm,RxHand Original
img_3111.jpg,Montelukast,RxHand Original
img_3112.jpg,Montelon,RxHand Original
img_3113.jpg,Montelon,RxHand Original
img_3114.jpg,Montelon,RxHand Original
img_3115.jpg,Montelon,RxHand Original
img_3116.jpg,Montelon,RxHand Original
img_3117.jpg,Montelon,RxHand Original
img_3118.jpg,Montelon,RxHand Original
img_3119.jpg,Montelon,RxHand Original
img_3120.jpg,Montelon,RxHand Original
img_3121.jpg,montelon,RxHand Original
img_3122.jpg,Montelukast,RxHand Original
img_3123.jpg,Montelukast,RxHand Original
img_3124.jpg,Montelukast,RxHand Original
img_3125.jpg,Montene,RxHand Original
img_3126.jpg,montene,RxHand Original
img_3127.jpg,Montene,RxHand Original
img_3128.jpg,Montene,RxHand Original
img_3129.jpg,Montene,RxHand Original
img_3130.jpg,Montene,RxHand Original
img_3131.jpg,Montene,RxHand Original
img_3132.jpg,Montene,RxHand Original
img_3133.jpg,Montene,RxHand Original
img_3134.jpg,Montene,RxHand Original
img_3135.jpg,montene,RxHand Original
img_3136.jpg,Montene,RxHand Original
img_3137.jpg,Montene,RxHand Original
img_3138.jpg,Montene,RxHand Original
img_3139.jpg,Montene,RxHand Original
img_3140.jpg,Montene,RxHand Original
img_3141.jpg,Montene,RxHand Original
img_3142.jpg,Montene,RxHand Original
img_3143.jpg,Montene,RxHand Original
img_3144.jpg,Montene,RxHand Original
img_3145.jpg,montene,RxHand Original
img_3146.jpg,Montelukast,RxHand Original
img_3147.jpg,Montinex,RxHand Original
img_3148.jpg,Montrlon,RxHand Original
img_3149.jpg,Morphin,RxHand Original
img_3150.jpg,Motigut,RxHand Original
img_3151.jpg,Motigut,RxHand Original
img_3152.jpg,Motigut,RxHand Original
img_3153.jpg,Motigut,RxHand Original
img_3154.jpg,Motigut,RxHand Original
img_3155.jpg,Motigut,RxHand Original
img_3156.jpg,motigut,RxHand Original
img_3157.jpg,Moumcaze,RxHand Original
img_3158.jpg,mouthwash,RxHand Original
img_3159.jpg,Movafllfj,RxHand Original
img_3160.jpg,moxibac,RxHand Original
img_3161.jpg,moxibac,RxHand Original
img_3162.jpg,moxibac,RxHand Original
img_3163.jpg,Moxigram,RxHand Original
img_3164.jpg,moxigram,RxHand Original
img_3165.jpg,moxilin,RxHand Original
img_3166.jpg,moxilin,RxHand Original
img_3167.jpg,mucolyt,RxHand Original
img_3168.jpg,mucolyt,RxHand Original
img_3169.jpg,Mups,RxHand Original
img_3170.jpg,myolax,RxHand Original
img_3171.jpg,myolax,RxHand Original
img_3172.jpg,Myolax,RxHand Original
img_3173.jpg,Myolax,RxHand Original
img_3174.jpg,Myolax,RxHand Original
img_3175.jpg,myolax,RxHand Original
img_3176.jpg,Myolax,RxHand Original
img_3177.jpg,Myolax,RxHand Original
img_3178.jpg,Myolax,RxHand Original
img_3179.jpg,Myolax,RxHand Original
img_3180.jpg,myolax,RxHand Original
img_3181.jpg,myolax,RxHand Original
img_3182.jpg,myolax,RxHand Original
img_3183.jpg,myosit,RxHand Original
img_3184.jpg,myotax,RxHand Original
img_3185.jpg,Nabu,RxHand Original
img_3186.jpg,Nabu pain,RxHand Original
img_3187.jpg,Nabumef,RxHand Original
img_3188.jpg,Nabumef,RxHand Original
img_3189.jpg,nabumet,RxHand Original
img_3190.jpg,Nacl,RxHand Original
img_3191.jpg,Nacl,RxHand Original
img_3192.jpg,Nacl,RxHand Original
img_3193.jpg,Nacl,RxHand Original
img_3194.jpg,nacl,RxHand Original
img_3195.jpg,Nafro A plm,RxHand Original
img_3196.jpg,Nafro A plm,RxHand Original
img_3197.jpg,Nafro A plm,RxHand Original
img_3198.jpg,Nafro A plus,RxHand Original
img_3199.jpg,Nafumef,RxHand Original
img_3200.jpg,Nafumef,RxHand Original
img_3201.jpg,Nalbun,RxHand Original
img_3202.jpg,Nalbun,RxHand Original
img_3203.jpg,nalbun,RxHand Original
img_3204.jpg,nalbun,RxHand Original
img_3205.jpg,nalbun,RxHand Original
img_3206.jpg,nalbun,RxHand Original
img_3207.jpg,Nalbun ,RxHand Original
img_3208.jpg,Nalbun - 2,RxHand Original
img_3209.jpg,Nalbun - 2,RxHand Original
img_3210.jpg,nalbun 2,RxHand Original
img_3211.jpg,nalbun 2,RxHand Original
img_3212.jpg,nalbun 2,RxHand Original
img_3213.jpg,nalbun 2,RxHand Original
img_3214.jpg,nalbun 2,RxHand Original
img_3215.jpg,nalbun 2,RxHand Original
img_3216.jpg,nalbun 2,RxHand Original
img_3217.jpg,nalbun 2,RxHand Original
img_3218.jpg,nalbun 2,RxHand Original
img_3219.jpg,nalbun 2,RxHand Original
img_3220.jpg,nalbun 2,RxHand Original
img_3221.jpg,nalbun 2,RxHand Original
img_3222.jpg,nalbun 2,RxHand Original
img_3223.jpg,nalbun 2,RxHand Original
img_3224.jpg,nalbun 2,RxHand Original
img_3225.jpg,nalbun 2,RxHand Original
img_3226.jpg,nalbun-1,RxHand Original
img_3227.jpg,nalbun-1,RxHand Original
img_3228.jpg,nalbun-1,RxHand Original
img_3229.jpg,nalbun-1,RxHand Original
img_3230.jpg,nalbun-2,RxHand Original
img_3231.jpg,nalbun-2,RxHand Original
img_3232.jpg,nalbun-2.1,RxHand Original
img_3233.jpg,Nalbun-Z,RxHand Original
img_3234.jpg,nalepsin,RxHand Original
img_3235.jpg,Namefan 750,RxHand Original
img_3236.jpg,Namefon,RxHand Original
img_3237.jpg,Nameton,RxHand Original
img_3238.jpg,nameton,RxHand Original
img_3239.jpg,Nameton,RxHand Original
img_3240.jpg,Napa,RxHand Original
img_3241.jpg,Napa,RxHand Original
img_3242.jpg,Napa,RxHand Original
img_3243.jpg,Napa,RxHand Original
img_3244.jpg,Napa,RxHand Original
img_3245.jpg,Napa,RxHand Original
img_3246.jpg,Napa,RxHand Original
img_3247.jpg,Napa,RxHand Original
img_3248.jpg,Napa,RxHand Original
img_3249.jpg,Napa,RxHand Original
img_3250.jpg,Napa,RxHand Original
img_3251.jpg,Napa,RxHand Original
img_3252.jpg,Napa,RxHand Original
img_3253.jpg,Napa,RxHand Original
img_3254.jpg,Napa,RxHand Original
img_3255.jpg,Napa,RxHand Original
img_3256.jpg,Napa,RxHand Original
img_3257.jpg,Napa,RxHand Original
img_3258.jpg,Napa,RxHand Original
img_3259.jpg,Napa,RxHand Original
img_3260.jpg,Napa,RxHand Original
img_3261.jpg,Napa,RxHand Original
img_3262.jpg,Napa,RxHand Original
img_3263.jpg,Napa,RxHand Original
img_3264.jpg,Napa,RxHand Original
img_3265.jpg,Napa,RxHand Original
img_3266.jpg,Napa,RxHand Original
img_3267.jpg,Napa,RxHand Original
img_3268.jpg,Napa,RxHand Original
img_3269.jpg,Napa,RxHand Original
img_3270.jpg,Napa,RxHand Original
img_3271.jpg,Napa,RxHand Original
img_3272.jpg,Napa,RxHand Original
img_3273.jpg,Napa,RxHand Original
img_3274.jpg,Napa,RxHand Original
img_3275.jpg,Napa,RxHand Original
img_3276.jpg,Napa,RxHand Original
img_3277.jpg,Napa,RxHand Original
img_3278.jpg,Napa,RxHand Original
img_3279.jpg,Napa,RxHand Original
img_3280.jpg,Napa,RxHand Original
img_3281.jpg,Napa,RxHand Original
img_3282.jpg,Napa,RxHand Original
img_3283.jpg,Napa,RxHand Original
img_3284.jpg,Napa,RxHand Original
img_3285.jpg,Napa,RxHand Original
img_3286.jpg,Napa,RxHand Original
img_3287.jpg,Napa,RxHand Original
img_3288.jpg,Napa,RxHand Original
img_3289.jpg,Napa,RxHand Original
img_3290.jpg,Napa,RxHand Original
img_3291.jpg,Napa,RxHand Original
img_3292.jpg,Napa,RxHand Original
img_3293.jpg,Napa,RxHand Original
img_3294.jpg,Napa,RxHand Original
img_3295.jpg,Napa,RxHand Original
img_3296.jpg,Napa,RxHand Original
img_3297.jpg,Napa,RxHand Original
img_3298.jpg,Napa,RxHand Original
img_3299.jpg,Napa,RxHand Original
img_3300.jpg,Napa,RxHand Original
img_3301.jpg,Napa,RxHand Original
img_3302.jpg,Napa,RxHand Original
img_3303.jpg,Napa,RxHand Original
img_3304.jpg,Napa,RxHand Original
img_3305.jpg,Napa,RxHand Original
img_3306.jpg,Napa,RxHand Original
img_3307.jpg,Napa,RxHand Original
img_3308.jpg,Napa,RxHand Original
img_3309.jpg,Napa,RxHand Original
img_3310.jpg,Napa,RxHand Original
img_3311.jpg,Napa,RxHand Original
img_3312.jpg,Napa,RxHand Original
img_3313.jpg,Napa,RxHand Original
img_3314.jpg,Napa,RxHand Original
img_3315.jpg,Napa,RxHand Original
img_3316.jpg,Napa,RxHand Original
img_3317.jpg,Napa,RxHand Original
img_3318.jpg,Napa,RxHand Original
img_3319.jpg,Napa,RxHand Original
img_3320.jpg,Napa,RxHand Original
img_3321.jpg,Napa,RxHand Original
img_3322.jpg,Napa,RxHand Original
img_3323.jpg,Napa,RxHand Original
img_3324.jpg,Napa,RxHand Original
img_3325.jpg,Napa,RxHand Original
img_3326.jpg,Napa,RxHand Original
img_3327.jpg,Napa,RxHand Original
img_3328.jpg,Napa,RxHand Original
img_3329.jpg,Napa,RxHand Original
img_3330.jpg,Napa,RxHand Original
img_3331.jpg,Napa,RxHand Original
img_3332.jpg,Napa,RxHand Original
img_3333.jpg,Napa,RxHand Original
img_3334.jpg,Napa,RxHand Original
img_3335.jpg,Napa,RxHand Original
img_3336.jpg,Napa,RxHand Original
img_3337.jpg,Napa,RxHand Original
img_3338.jpg,Napa,RxHand Original
img_3339.jpg,Napa,RxHand Original
img_3340.jpg,Napa,RxHand Original
img_3341.jpg,Napa,RxHand Original
img_3342.jpg,Napa,RxHand Original
img_3343.jpg,Napa,RxHand Original
img_3344.jpg,Napa,RxHand Original
img_3345.jpg,Napa,RxHand Original
img_3346.jpg,Napa,RxHand Original
img_3347.jpg,Napa,RxHand Original
img_3348.jpg,Napa,RxHand Original
img_3349.jpg,Napa,RxHand Original
img_3350.jpg,Napa,RxHand Original
img_3351.jpg,Napa,RxHand Original
img_3352.jpg,Napa,RxHand Original
img_3353.jpg,Napa,RxHand Original
img_3354.jpg,napa,RxHand Original
img_3355.jpg,napa,RxHand Original
img_3356.jpg,napa,RxHand Original
img_3357.jpg,napa,RxHand Original
img_3358.jpg,napa,RxHand Original
img_3359.jpg,napa,RxHand Original
img_3360.jpg,napa,RxHand Original
img_3361.jpg,napa,RxHand Original
img_3362.jpg,napa,RxHand Original
img_3363.jpg,napa,RxHand Original
img_3364.jpg,napa,RxHand Original
img_3365.jpg,napa,RxHand Original
img_3366.jpg,napa,RxHand Original
img_3367.jpg,napa,RxHand Original
img_3368.jpg,napa,RxHand Original
img_3369.jpg,napa,RxHand Original
img_3370.jpg,napa,RxHand Original
img_3371.jpg,napa,RxHand Original
img_3372.jpg,napa,RxHand Original
img_3373.jpg,napa,RxHand Original
img_3374.jpg,napa,RxHand Original
img_3375.jpg,napa,RxHand Original
img_3376.jpg,napa,RxHand Original
img_3377.jpg,napa,RxHand Original
img_3378.jpg,napa,RxHand Original
img_3379.jpg,napa,RxHand Original
img_3380.jpg,napa,RxHand Original
img_3381.jpg,napa,RxHand Original
img_3382.jpg,napa,RxHand Original
img_3383.jpg,napa,RxHand Original
img_3384.jpg,napa,RxHand Original
img_3385.jpg,napa,RxHand Original
img_3386.jpg,napa,RxHand Original
img_3387.jpg,napa,RxHand Original
img_3388.jpg,napa,RxHand Original
img_3389.jpg,napa,RxHand Original
img_3390.jpg,Napa Extend,RxHand Original
img_3391.jpg,Napa Extend,RxHand Original
img_3392.jpg,Napa extra,RxHand Original
img_3393.jpg,Napa extra,RxHand Original
img_3394.jpg,Napa Extra,RxHand Original
img_3395.jpg,Napa one,RxHand Original
img_3396.jpg,Napa one,RxHand Original
img_3397.jpg,Napa one,RxHand Original
img_3398.jpg,Napa one,RxHand Original
img_3399.jpg,Napa one,RxHand Original
img_3400.jpg,Napa one,RxHand Original
img_3401.jpg,Napa one,RxHand Original
img_3402.jpg,Napa One,RxHand Original
img_3403.jpg,Napa One,RxHand Original
img_3404.jpg,Napa One,RxHand Original
img_3405.jpg,Napa One,RxHand Original
img_3406.jpg,Napa One,RxHand Original
img_3407.jpg,napa one,RxHand Original
img_3408.jpg,napa one,RxHand Original
img_3409.jpg,napa one,RxHand Original
img_3410.jpg,napa one,RxHand Original
img_3411.jpg,napa one,RxHand Original
img_3412.jpg,Napa Rapid,RxHand Original
img_3413.jpg,Naporx,RxHand Original
img_3414.jpg,napro,RxHand Original
img_3415.jpg,Napronex,RxHand Original
img_3416.jpg,Napronex,RxHand Original
img_3417.jpg,Naprosin Plus,RxHand Original
img_3418.jpg,Naprosyn Plus,RxHand Original
img_3419.jpg,naprox,RxHand Original
img_3420.jpg,Naprox,RxHand Original
img_3421.jpg,Naprox,RxHand Original
img_3422.jpg,Naprox,RxHand Original
img_3423.jpg,Naprox,RxHand Original
img_3424.jpg,Naprox,RxHand Original
img_3425.jpg,Naprox,RxHand Original
img_3426.jpg,Naprox,RxHand Original
img_3427.jpg,Naprox,RxHand Original
img_3428.jpg,Naprox,RxHand Original
img_3429.jpg,Naprox,RxHand Original
img_3430.jpg,Naprox,RxHand Original
img_3431.jpg,Naprox,RxHand Original
img_3432.jpg,Naprox,RxHand Original
img_3433.jpg,Naprox,RxHand Original
img_3434.jpg,Naprox,RxHand Original
img_3435.jpg,Naprox plus,RxHand Original
img_3436.jpg,Naprox Plus,RxHand Original
img_3437.jpg,Naproxen,RxHand Original
img_3438.jpg,Naproxen,RxHand Original
img_3439.jpg,Napryn,RxHand Original
img_3440.jpg,Napxon,RxHand Original
img_3441.jpg,Napxon,RxHand Original
img_3442.jpg,Napxon,RxHand Original
img_3443.jpg,Nasal,RxHand Original
img_3444.jpg,Nasal,RxHand Original
img_3445.jpg,Nasal,RxHand Original
img_3446.jpg,Nasal,RxHand Original
img_3447.jpg,Nasal,RxHand Original
img_3448.jpg,nasal,RxHand Original
img_3449.jpg,Nasal ,RxHand Original
img_3450.jpg,Natumef,RxHand Original
img_3451.jpg,Natumef,RxHand Original
img_3452.jpg,Natumef,RxHand Original
img_3453.jpg,Navilum,RxHand Original
img_3454.jpg,Ncotion,RxHand Original
img_3455.jpg,Nebanol,RxHand Original
img_3456.jpg,Nebulization,RxHand Original
img_3457.jpg,Nebulization,RxHand Original
img_3458.jpg,Nebulization,RxHand Original
img_3459.jpg,nebulization,RxHand Original
img_3460.jpg,nebulization,RxHand Original
img_3461.jpg,nebulization,RxHand Original
img_3462.jpg,nebulization,RxHand Original
img_3463.jpg,nebulization,RxHand Original
img_3464.jpg,nebulization,RxHand Original
img_3465.jpg,nebulization,RxHand Original
img_3466.jpg,neclufe,RxHand Original
img_3467.jpg,neelufh,RxHand Original
img_3468.jpg,Neemoxew,RxHand Original
img_3469.jpg,Nenvopex,RxHand Original
img_3470.jpg,Neobion,RxHand Original
img_3471.jpg,Neopem,RxHand Original
img_3472.jpg,Neopenem,RxHand Original
img_3473.jpg,Neptor,RxHand Original
img_3474.jpg,nerrion,RxHand Original
img_3475.jpg,Neruopex,RxHand Original
img_3476.jpg,Nervion,RxHand Original
img_3477.jpg,Nervion,RxHand Original
img_3478.jpg,Nervion,RxHand Original
img_3479.jpg,Nervion,RxHand Original
img_3480.jpg,Nervion,RxHand Original
img_3481.jpg,nervion,RxHand Original
img_3482.jpg,Nervoprx,RxHand Original
img_3483.jpg,Nervoprx,RxHand Original
img_3484.jpg,Neso,RxHand Original
img_3485.jpg,Nesotem,RxHand Original
img_3486.jpg,Neugalin,RxHand Original
img_3487.jpg,Neumig,RxHand Original
img_3488.jpg,Neuming,RxHand Original
img_3489.jpg,Neuro,RxHand Original
img_3490.jpg,Neuro,RxHand Original
img_3491.jpg,Neuro,RxHand Original
img_3492.jpg,Neuro,RxHand Original
img_3493.jpg,Neuro,RxHand Original
img_3494.jpg,Neuro,RxHand Original
img_3495.jpg,Neuro,RxHand Original
img_3496.jpg,Neuro,RxHand Original
img_3497.jpg,Neuro,RxHand Original
img_3498.jpg,Neuro,RxHand Original
img_3499.jpg,Neuro,RxHand Original
img_3500.jpg,Neuro,RxHand Original
img_3501.jpg,Neuro,RxHand Original
img_3502.jpg,Neuro,RxHand Original
img_3503.jpg,Neuro,RxHand Original
img_3504.jpg,Neuro,RxHand Original
img_3505.jpg,Neuro,RxHand Original
img_3506.jpg,Neuro,RxHand Original
img_3507.jpg,Neuro,RxHand Original
img_3508.jpg,Neuro,RxHand Original
img_3509.jpg,Neuro,RxHand Original
img_3510.jpg,Neuro 0.5mg,RxHand Original
img_3511.jpg,Neuro A Plw Sw,RxHand Original
img_3512.jpg,Neuro B,RxHand Original
img_3513.jpg,Neuro B,RxHand Original
img_3514.jpg,Neuro B,RxHand Original
img_3515.jpg,Neuro B,RxHand Original
img_3516.jpg,Neuro B,RxHand Original
img_3517.jpg,Neuro B,RxHand Original
img_3518.jpg,Neuro B,RxHand Original
img_3519.jpg,Neuro B,RxHand Original
img_3520.jpg,Neuro B,RxHand Original
img_3521.jpg,Neuro B,RxHand Original
img_3522.jpg,Neuro-B,RxHand Original
img_3523.jpg,Neuro-B,RxHand Original
img_3524.jpg,Neuro-B,RxHand Original
img_3525.jpg,Neuro-B,RxHand Original
img_3526.jpg,Neuro-B,RxHand Original
img_3527.jpg,Neuro-B,RxHand Original
img_3528.jpg,Neuro-B,RxHand Original
img_3529.jpg,Neuro-B,RxHand Original
img_3530.jpg,Neuro-B,RxHand Original
img_3531.jpg,Neuro-B,RxHand Original
img_3532.jpg,Neuro-B,RxHand Original
img_3533.jpg,Neuro-B,RxHand Original
img_3534.jpg,Neuro-B,RxHand Original
img_3535.jpg,Neuro-B,RxHand Original
img_3536.jpg,Neuro-B,RxHand Original
img_3537.jpg,Neuro-B,RxHand Original
img_3538.jpg,Neuro-B,RxHand Original
img_3539.jpg,Neuro-B,RxHand Original
img_3540.jpg,Neuro-B,RxHand Original
img_3541.jpg,Neuro-B,RxHand Original
img_3542.jpg,Neuro-B,RxHand Original
img_3543.jpg,Neuro-B,RxHand Original
img_3544.jpg,Neuro-B,RxHand Original
img_3545.jpg,Neuro-B,RxHand Original
img_3546.jpg,Neuro-B,RxHand Original
img_3547.jpg,Neuro-B,RxHand Original
img_3548.jpg,Neuro-B,RxHand Original
img_3549.jpg,Neuro-B,RxHand Original
img_3550.jpg,Neuro-B,RxHand Original
img_3551.jpg,Neuro-B,RxHand Original
img_3552.jpg,Neuro-B,RxHand Original
img_3553.jpg,Neuro-B,RxHand Original
img_3554.jpg,Neuro-B,RxHand Original
img_3555.jpg,Neuro-B,RxHand Original
img_3556.jpg,Neuro-B,RxHand Original
img_3558.jpg,Neuro-B,RxHand Original
img_3559.jpg,Neuro-B,RxHand Original
img_3560.jpg,Neuro-B,RxHand Original
img_3561.jpg,Neuro-B,RxHand Original
img_3562.jpg,Neuro-B,RxHand Original
img_3563.jpg,Neuro-B,RxHand Original
img_3564.jpg,Neuro-B,RxHand Original
img_3565.jpg,Neuro-B,RxHand Original
img_3566.jpg,Neuro-B,RxHand Original
img_3567.jpg,Neuro-B,RxHand Original
img_3568.jpg,Neuro-B,RxHand Original
img_3569.jpg,Neuro-B,RxHand Original
img_3570.jpg,Neuro-B,RxHand Original
img_3571.jpg,Neuro-B,RxHand Original
img_3573.jpg,Neuro-B,RxHand Original
img_3574.jpg,Neuro-B,RxHand Original
img_3575.jpg,Neuro-B,RxHand Original
img_3576.jpg,Neuro-B,RxHand Original
img_3577.jpg,Neuro-B,RxHand Original
img_3578.jpg,Neuro-B,RxHand Original
img_3580.jpg,Neuro-B,RxHand Original
img_3581.jpg,Neuro-B,RxHand Original
img_3582.jpg,Neuro-B,RxHand Original
img_3583.jpg,Neuro-B,RxHand Original
img_3584.jpg,Neuro-B,RxHand Original
img_3585.jpg,Neuro-B,RxHand Original
img_3586.jpg,Neuro-B,RxHand Original
img_3587.jpg,Neuro-B,RxHand Original
img_3588.jpg,Neuro-B,RxHand Original
img_3589.jpg,Neuro-B,RxHand Original
img_3590.jpg,neuro-b,RxHand Original
img_3591.jpg,Neurobest,RxHand Original
img_3592.jpg,Neurocet,RxHand Original
img_3593.jpg,neurolin,RxHand Original
img_3594.jpg,Neurolin,RxHand Original
img_3595.jpg,Neurolin,RxHand Original
img_3596.jpg,Neurolin,RxHand Original
img_3597.jpg,Neurolin,RxHand Original
img_3598.jpg,Neurolin,RxHand Original
img_3599.jpg,Neurolin,RxHand Original
img_3600.jpg,Neurolin,RxHand Original
img_3601.jpg,Neurolin,RxHand Original
img_3602.jpg,Neurolin,RxHand Original
img_3603.jpg,Neurolin,RxHand Original
img_3604.jpg,Neurolin 10,RxHand Original
img_3605.jpg,Neurolin 25,RxHand Original
img_3606.jpg,Neurolin CR,RxHand Original
img_3607.jpg,Neurou,RxHand Original
img_3608.jpg,Neuroxen,RxHand Original
img_3609.jpg,Neuroxen,RxHand Original
img_3610.jpg,Neuroxen,RxHand Original
img_3611.jpg,Neuroxen,RxHand Original
img_3612.jpg,Neuroxen,RxHand Original
img_3613.jpg,Neuroxen,RxHand Original
img_3614.jpg,Neuroxen,RxHand Original
img_3615.jpg,Neuroxen,RxHand Original
img_3616.jpg,Neuroxen,RxHand Original
img_3617.jpg,Neuroxen,RxHand Original
img_3618.jpg,Neuroxen,RxHand Original
img_3619.jpg,Neuroxen,RxHand Original
img_3620.jpg,Neuroxen,RxHand Original
img_3621.jpg,Neuroxen,RxHand Original
img_3622.jpg,Neuroxen,RxHand Original
img_3623.jpg,Neuroxen,RxHand Original
img_3624.jpg,Neuroxen,RxHand Original
img_3625.jpg,Neuroxen,RxHand Original
img_3626.jpg,Neuroxen,RxHand Original
img_3627.jpg,Neuroxen,RxHand Original
img_3628.jpg,Neuroxen,RxHand Original
img_3629.jpg,Neuroxen,RxHand Original
img_3630.jpg,Neuroxen,RxHand Original
img_3631.jpg,neuroxen,RxHand Original
img_3632.jpg,neuroxen,RxHand Original
img_3633.jpg,neuroxen,RxHand Original
img_3634.jpg,neuroxen,RxHand Original
img_3635.jpg,neuroxen,RxHand Original
img_3636.jpg,neuroxen,RxHand Original
img_3637.jpg,Neuroxen,RxHand Original
img_3638.jpg,Neuroxen,RxHand Original
img_3639.jpg,Neuroxen,RxHand Original
img_3640.jpg,Neuroxen,RxHand Original
img_3641.jpg,Neuroxen,RxHand Original
img_3642.jpg,Neuroxen,RxHand Original
img_3643.jpg,Neuroxen,RxHand Original
img_3644.jpg,Neuroxen,RxHand Original
img_3645.jpg,Neuroxen,RxHand Original
img_3646.jpg,Neuroxen,RxHand Original
img_3647.jpg,Neuroxen,RxHand Original
img_3648.jpg,Neuroxen,RxHand Original
img_3649.jpg,Neuroxen,RxHand Original
img_3650.jpg,Neuroxen,RxHand Original
img_3651.jpg,Neuroxen,RxHand Original
img_3652.jpg,Neuroxen,RxHand Original
img_3653.jpg,Neuroxen,RxHand Original
img_3654.jpg,Neuvoxew,RxHand Original
img_3655.jpg,Neuvoxew,RxHand Original
img_3656.jpg,Neuvoxew,RxHand Original
img_3657.jpg,Newoxew,RxHand Original
img_3658.jpg,Nexc,RxHand Original
img_3659.jpg,Nexcital,RxHand Original
img_3660.jpg,Nexe,RxHand Original
img_3661.jpg,Nexe,RxHand Original
img_3662.jpg,Nexe,RxHand Original
img_3663.jpg,Nexe,RxHand Original
img_3664.jpg,Nexe,RxHand Original
img_3665.jpg,Nexe,RxHand Original
img_3666.jpg,Nexe,RxHand Original
img_3667.jpg,Nexe,RxHand Original
img_3668.jpg,Nexe,RxHand Original
img_3669.jpg,Nexe,RxHand Original
img_3670.jpg,Nexe,RxHand Original
img_3671.jpg,Nexe,RxHand Original
img_3672.jpg,Nexe,RxHand Original
img_3673.jpg,Nexe,RxHand Original
img_3674.jpg,Nexe,RxHand Original
img_3675.jpg,Nexe,RxHand Original
img_3676.jpg,Nexe,RxHand Original
img_3677.jpg,Nexe,RxHand Original
img_3678.jpg,Nexe,RxHand Original
img_3679.jpg,Nexe,RxHand Original
img_3680.jpg,Nexe,RxHand Original
img_3681.jpg,Nexe,RxHand Original
img_3682.jpg,Nexe,RxHand Original
img_3683.jpg,Nexe,RxHand Original
img_3684.jpg,Nexe,RxHand Original
img_3685.jpg,Nexe,RxHand Original
img_3686.jpg,Nexe,RxHand Original
img_3687.jpg,Nexe,RxHand Original
img_3689.jpg,Nexe,RxHand Original
img_3690.jpg,Nexe,RxHand Original
img_3691.jpg,Nexe,RxHand Original
img_3692.jpg,Nexe,RxHand Original
img_3693.jpg,Nexe,RxHand Original
img_3694.jpg,Nexe,RxHand Original
img_3695.jpg,Nexe,RxHand Original
img_3696.jpg,Nexe,RxHand Original
img_3697.jpg,Nexe,RxHand Original
img_3698.jpg,Nexe,RxHand Original
img_3699.jpg,Nexe,RxHand Original
img_3700.jpg,Nexe,RxHand Original
img_3701.jpg,Nexe,RxHand Original
img_3702.jpg,Nexe,RxHand Original
img_3703.jpg,Nexe,RxHand Original
img_3704.jpg,Nexe,RxHand Original
img_3705.jpg,Nexe,RxHand Original
img_3706.jpg,Nexe,RxHand Original
img_3707.jpg,Nexe,RxHand Original
img_3708.jpg,Nexe,RxHand Original
img_3709.jpg,Nexe,RxHand Original
img_3710.jpg,Nexe,RxHand Original
img_3711.jpg,Nexe,RxHand Original
img_3712.jpg,Nexe,RxHand Original
img_3714.jpg,nexe,RxHand Original
img_3715.jpg,nexe,RxHand Original
img_3716.jpg,nexe,RxHand Original
img_3717.jpg,nexe,RxHand Original
img_3718.jpg,nexe,RxHand Original
img_3719.jpg,nexe,RxHand Original
img_3720.jpg,nexe,RxHand Original
img_3721.jpg,nexe,RxHand Original
img_3722.jpg,nexe,RxHand Original
img_3723.jpg,nexe,RxHand Original
img_3724.jpg,nexe,RxHand Original
img_3725.jpg,nexe,RxHand Original
img_3726.jpg,nexe,RxHand Original
img_3727.jpg,nexe,RxHand Original
img_3728.jpg,nexe,RxHand Original
img_3729.jpg,nexe,RxHand Original
img_3730.jpg,nexe,RxHand Original
img_3731.jpg,nexe,RxHand Original
img_3732.jpg,nexe,RxHand Original
img_3733.jpg,nexe,RxHand Original
img_3734.jpg,nexe,RxHand Original
img_3735.jpg,nexe,RxHand Original
img_3736.jpg,nexe,RxHand Original
img_3737.jpg,nexe,RxHand Original
img_3738.jpg,nexe,RxHand Original
img_3739.jpg,nexe,RxHand Original
img_3740.jpg,nexe,RxHand Original
img_3741.jpg,nexe,RxHand Original
img_3742.jpg,nexe,RxHand Original
img_3743.jpg,nexe,RxHand Original
img_3744.jpg,nexe,RxHand Original
img_3745.jpg,nexe,RxHand Original
img_3746.jpg,nexe,RxHand Original
img_3747.jpg,nexe,RxHand Original
img_3748.jpg,nexe,RxHand Original
img_3749.jpg,nexe,RxHand Original
img_3750.jpg,nexe,RxHand Original
img_3751.jpg,nexe,RxHand Original
img_3752.jpg,nexe,RxHand Original
img_3753.jpg,nexe,RxHand Original
img_3754.jpg,nexe,RxHand Original
img_3755.jpg,nexe,RxHand Original
img_3756.jpg,nexe,RxHand Original
img_3757.jpg,nexe,RxHand Original
img_3758.jpg,nexe,RxHand Original
img_3759.jpg,nexe,RxHand Original
img_3760.jpg,nexe,RxHand Original
img_3761.jpg,nexe ,RxHand Original
img_3762.jpg,nexe ,RxHand Original
img_3763.jpg,Nexe mups,RxHand Original
img_3764.jpg,Nexe mups,RxHand Original
img_3765.jpg,Nexe mups,RxHand Original
img_3766.jpg,Nexe Mups,RxHand Original
img_3767.jpg,Nexe mups,RxHand Original
img_3768.jpg,Nexe mups,RxHand Original
img_3769.jpg,Nexe mups,RxHand Original
img_3770.jpg,Nexe mups,RxHand Original
img_3771.jpg,Nexe mups,RxHand Original
img_3772.jpg,Nexe mups,RxHand Original
img_3773.jpg,Nexe Mups,RxHand Original
img_3774.jpg,Nexe Mups,RxHand Original
img_3775.jpg,nexe mups,RxHand Original
img_3776.jpg,nexe mups,RxHand Original
img_3777.jpg,nexe mups,RxHand Original
img_3778.jpg,nexe mups,RxHand Original
img_3779.jpg,nexe mups,RxHand Original
img_3780.jpg,nexe mups,RxHand Original
img_3781.jpg,nexe mups,RxHand Original
img_3782.jpg,nexe mups,RxHand Original
img_3783.jpg,nexe mups,RxHand Original
img_3784.jpg,nexe mups,RxHand Original
img_3785.jpg,nexe mups,RxHand Original
img_3786.jpg,nexe mups,RxHand Original
img_3787.jpg,nexe mups,RxHand Original
img_3788.jpg,nexe mups,RxHand Original
img_3789.jpg,nexe mups,RxHand Original
img_3790.jpg,nexe mups,RxHand Original
img_3791.jpg,nexe mups,RxHand Original
img_3792.jpg,nexe mups,RxHand Original
img_3793.jpg,nexe mups,RxHand Original
img_3794.jpg,Nexum Mups 20,RxHand Original
img_3795.jpg,Nexum Mups 20,RxHand Original
img_3796.jpg,Nexum Mups 20,RxHand Original
img_3797.jpg,Nexum Mups 20,RxHand Original
img_3798.jpg,Nexum Mups 20,RxHand Original
img_3799.jpg,Nexum Mups 20,RxHand Original
img_3800.jpg,Nexum Mups 20,RxHand Original
img_3801.jpg,Nexum Mups 20,RxHand Original
img_3802.jpg,Nexum Mups 20,RxHand Original
img_3803.jpg,Nexum Mups 20,RxHand Original
img_3804.jpg,nexe mvs,RxHand Original
img_3805.jpg,Nexemig,RxHand Original
img_3806.jpg,Nexemig,RxHand Original
img_3807.jpg,Nexe-mups,RxHand Original
img_3808.jpg,Nexe-Mups,RxHand Original
img_3809.jpg,Nexum,RxHand Original
img_3810.jpg,Nexmig 2.5,RxHand Original
img_3811.jpg,Nexpro,RxHand Original
img_3812.jpg,Nexpro,RxHand Original
img_3813.jpg,Nexpro,RxHand Original
img_3814.jpg,Nexpro,RxHand Original
img_3815.jpg,Nexpro,RxHand Original
img_3816.jpg,nexpro,RxHand Original
img_3817.jpg,Nexum,RxHand Original
img_3818.jpg,Nexum,RxHand Original
img_3819.jpg,Nexum,RxHand Original
img_3820.jpg,Nexum,RxHand Original
img_3821.jpg,Nexum,RxHand Original
img_3822.jpg,Nexum,RxHand Original
img_3823.jpg,Nexum,RxHand Original
img_3824.jpg,Nexum,RxHand Original
img_3825.jpg,Nexum,RxHand Original
img_3826.jpg,Nexum,RxHand Original
img_3827.jpg,Nexum,RxHand Original
img_3828.jpg,Nexum,RxHand Original
img_3829.jpg,Nexum,RxHand Original
img_3830.jpg,nexum,RxHand Original
img_3831.jpg,nexum,RxHand Original
img_3832.jpg,Nexum,RxHand Original
img_3833.jpg,Nexum,RxHand Original
img_3834.jpg,Nexum,RxHand Original
img_3835.jpg,Nexum,RxHand Original
img_3836.jpg,Nexum,RxHand Original
img_3837.jpg,Nexum,RxHand Original
img_3838.jpg,Nexum,RxHand Original
img_3839.jpg,Nexum,RxHand Original
img_3840.jpg,Nexum,RxHand Original
img_3841.jpg,Nexum,RxHand Original
img_3842.jpg,Nexum,RxHand Original
img_3843.jpg,Nexum,RxHand Original
img_3844.jpg,Nexum,RxHand Original
img_3845.jpg,Nexum,RxHand Original
img_3846.jpg,Nexum,RxHand Original
img_3847.jpg,Nexum,RxHand Original
img_3848.jpg,Nexum,RxHand Original
img_3849.jpg,Nexum,RxHand Original
img_3850.jpg,Nexum,RxHand Original
img_3851.jpg,Nexum,RxHand Original
img_3852.jpg,Nexum,RxHand Original
img_3854.jpg,Nexum,RxHand Original
img_3855.jpg,Nexum,RxHand Original
img_3856.jpg,Nexum,RxHand Original
img_3857.jpg,Nexum,RxHand Original
img_3858.jpg,Nexum,RxHand Original
img_3859.jpg,Nexum,RxHand Original
img_3860.jpg,Nexum,RxHand Original
img_3861.jpg,Nexum,RxHand Original
img_3862.jpg,Nexum,RxHand Original
img_3863.jpg,Nexum Mups,RxHand Original
img_3864.jpg,Nexum Mups,RxHand Original
img_3865.jpg,Nexum mups,RxHand Original
img_3866.jpg,Nexum Mups,RxHand Original
img_3867.jpg,Nexum Mups,RxHand Original
img_3868.jpg,Nexum Mups,RxHand Original
img_3869.jpg,Nexum Mups,RxHand Original
img_3870.jpg,Nexum Mups,RxHand Original
img_3871.jpg,Nexum mups 20,RxHand Original
img_3872.jpg,Nexum mups 20,RxHand Original
img_3873.jpg,Nexum mups 20,RxHand Original
img_3874.jpg,Nexum-mups,RxHand Original
img_3875.jpg,Nexum,RxHand Original
img_3876.jpg,Nexum,RxHand Original
img_3877.jpg,Nexum,RxHand Original
img_3878.jpg,Nidipine SR,RxHand Original
img_3879.jpg,Nifin SR,RxHand Original
img_3880.jpg,Nifin SR,RxHand Original
img_3881.jpg,Nifin SR,RxHand Original
img_3882.jpg,Nimens,RxHand Original
img_3883.jpg,Nimifete,RxHand Original
img_3884.jpg,nintoin sr,RxHand Original
img_3885.jpg,nintoin sr,RxHand Original
img_3886.jpg,Niobcard Rtd,RxHand Original
img_3887.jpg,Niobcard Rtd,RxHand Original
img_3888.jpg,nislofs,RxHand Original
img_3889.jpg,N-Itepa,RxHand Original
img_3890.jpg,Nitr,RxHand Original
img_3891.jpg,Nitrocontive,RxHand Original
img_3892.jpg,Nitrofur,RxHand Original
img_3893.jpg,Nitro-SR,RxHand Original
img_3894.jpg,N-Max,RxHand Original
img_3895.jpg,N-MAX,RxHand Original
img_3896.jpg,N-max,RxHand Original
img_3897.jpg,n-max,RxHand Original
img_3898.jpg,N-MAX SO,RxHand Original
img_3899.jpg,Nonum,RxHand Original
img_3900.jpg,Nonum,RxHand Original
img_3901.jpg,Nonum,RxHand Original
img_3902.jpg,Nopxon,RxHand Original
img_3903.jpg,Norestin,RxHand Original
img_3904.jpg,Norestin,RxHand Original
img_3905.jpg,Norim D,RxHand Original
img_3906.jpg,norium,RxHand Original
img_3907.jpg,Norium,RxHand Original
img_3908.jpg,Norium,RxHand Original
img_3909.jpg,Norium,RxHand Original
img_3910.jpg,norium,RxHand Original
img_3911.jpg,norium,RxHand Original
img_3912.jpg,Norium 5,RxHand Original
img_3913.jpg,Normal,RxHand Original
img_3914.jpg,Normal,RxHand Original
img_3915.jpg,Normal,RxHand Original
img_3916.jpg,Normal,RxHand Original
img_3917.jpg,Normal,RxHand Original
img_3918.jpg,Normal,RxHand Original
img_3919.jpg,Normal,RxHand Original
img_3920.jpg,Normal,RxHand Original
img_3921.jpg,Normal,RxHand Original
img_3922.jpg,Normal,RxHand Original
img_3923.jpg,Normal,RxHand Original
img_3924.jpg,Normal,RxHand Original
img_3925.jpg,Normal,RxHand Original
img_3926.jpg,Normal,RxHand Original
img_3927.jpg,Normal,RxHand Original
img_3928.jpg,Normal,RxHand Original
img_3929.jpg,Normal,RxHand Original
img_3930.jpg,Normal,RxHand Original
img_3931.jpg,Normal,RxHand Original
img_3932.jpg,Normal,RxHand Original
img_3933.jpg,Normal,RxHand Original
img_3934.jpg,Normal,RxHand Original
img_3935.jpg,Normal,RxHand Original
img_3936.jpg,Normal,RxHand Original
img_3937.jpg,Normal,RxHand Original
img_3938.jpg,Normal,RxHand Original
img_3939.jpg,Normal,RxHand Original
img_3940.jpg,Normal,RxHand Original
img_3941.jpg,Normal,RxHand Original
img_3942.jpg,Normal,RxHand Original
img_3943.jpg,normal,RxHand Original
img_3944.jpg,normal,RxHand Original
img_3945.jpg,normal,RxHand Original
img_3946.jpg,normanal,RxHand Original
img_3947.jpg,Normant,RxHand Original
img_3948.jpg,Normeivo,RxHand Original
img_3949.jpg,Normen,RxHand Original
img_3950.jpg,Normens,RxHand Original
img_3951.jpg,Normens,RxHand Original
img_3952.jpg,Normens,RxHand Original
img_3953.jpg,Normens,RxHand Original
img_3954.jpg,Normens,RxHand Original
img_3955.jpg,normens,RxHand Original
img_3956.jpg,Norsol,RxHand Original
img_3957.jpg,Norsol,RxHand Original
img_3958.jpg,Norsol,RxHand Original
img_3959.jpg,Nortum,RxHand Original
img_3960.jpg,noswua,RxHand Original
img_3961.jpg,noswvc,RxHand Original
img_3962.jpg,Novelin lite,RxHand Original
img_3963.jpg,Novelon lite,RxHand Original
img_3964.jpg,Novelon Lite,RxHand Original
img_3965.jpg,Novelon Lite,RxHand Original
img_3966.jpg,novonil,RxHand Original
img_3967.jpg,Novotrif,RxHand Original
img_3968.jpg,Novotril,RxHand Original
img_3969.jpg,novotril,RxHand Original
img_3970.jpg,Nucef-cv,RxHand Original
img_3971.jpg,Nucef-CV,RxHand Original
img_3972.jpg,Nufrifil Cold,RxHand Original
img_3973.jpg,Nufvw,RxHand Original
img_3974.jpg,Nufw,RxHand Original
img_3975.jpg,Nufw,RxHand Original
img_3976.jpg,Nufw,RxHand Original
img_3977.jpg,Nufw,RxHand Original
img_3978.jpg,Nufw,RxHand Original
img_3979.jpg,Nufw,RxHand Original
img_3980.jpg,Nufw,RxHand Original
img_3981.jpg,Nufw,RxHand Original
img_3982.jpg,Nufw,RxHand Original
img_3983.jpg,Nuhw,RxHand Original
img_3984.jpg,nuloc,RxHand Original
img_3985.jpg,Nulrifil Golf,RxHand Original
img_3986.jpg,Nurnal,RxHand Original
img_3987.jpg,Nutridex,RxHand Original
img_3988.jpg,Nutridex,RxHand Original
img_3989.jpg,nutrifil,RxHand Original
img_3990.jpg,Nuvifer,RxHand Original
img_3991.jpg,Nuvifer,RxHand Original
img_3992.jpg,Nystat,RxHand Original
img_3993.jpg,Nystat,RxHand Original
img_3994.jpg,nystat,RxHand Original
img_3995.jpg,o2 inhalation,RxHand Original
img_3996.jpg,o2 inhalation,RxHand Original
img_3997.jpg,o2 inhalation,RxHand Original
img_3998.jpg,o2 inhalation,RxHand Original
img_3999.jpg,o2 inhalation,RxHand Original
img_4000.jpg,o2 inhalation,RxHand Original
img_4001.jpg,Ocef,RxHand Original
img_4002.jpg,Oclazid,RxHand Original
img_4003.jpg,ocof,RxHand Original
img_4004.jpg,ocof,RxHand Original
img_4005.jpg,ofran,RxHand Original
img_4006.jpg,Ofran,RxHand Original
img_4007.jpg,Ofran,RxHand Original
img_4008.jpg,Ointment,RxHand Original
img_4009.jpg,ointment,RxHand Original
img_4010.jpg,ointment,RxHand Original
img_4011.jpg,ointment,RxHand Original
img_4012.jpg,ointment,RxHand Original
img_4013.jpg,ointment,RxHand Original
img_4014.jpg,ointment,RxHand Original
img_4015.jpg,Omastin,RxHand Original
img_4016.jpg,Omep,RxHand Original
img_4017.jpg,Omep,RxHand Original
img_4018.jpg,Omep,RxHand Original
img_4019.jpg,Omep,RxHand Original
img_4020.jpg,Omep,RxHand Original
img_4021.jpg,Omep,RxHand Original
img_4022.jpg,Omep,RxHand Original
img_4023.jpg,Omep,RxHand Original
img_4024.jpg,Omep,RxHand Original
img_4025.jpg,Omep,RxHand Original
img_4026.jpg,Omep,RxHand Original
img_4027.jpg,Omep,RxHand Original
img_4028.jpg,Omep,RxHand Original
img_4029.jpg,Omep,RxHand Original
img_4030.jpg,omep,RxHand Original
img_4031.jpg,omep,RxHand Original
img_4032.jpg,omep,RxHand Original
img_4033.jpg,omep,RxHand Original
img_4034.jpg,omep,RxHand Original
img_4035.jpg,omep,RxHand Original
img_4036.jpg,omep,RxHand Original
img_4037.jpg,omep,RxHand Original
img_4038.jpg,omep,RxHand Original
img_4039.jpg,Omep ,RxHand Original
img_4040.jpg,Omep ,RxHand Original
img_4041.jpg,Omeprazole,RxHand Original
img_4042.jpg,Omeprazole,RxHand Original
img_4043.jpg,Omeprazole,RxHand Original
img_4044.jpg,Omeprazole,RxHand Original
img_4045.jpg,Omeprazole,RxHand Original
img_4046.jpg,Omeprazole,RxHand Original
img_4047.jpg,Omeprazole,RxHand Original
img_4048.jpg,Omeprazole,RxHand Original
img_4049.jpg,Omeprazole,RxHand Original
img_4050.jpg,Omeprazole,RxHand Original
img_4051.jpg,Omeprazole,RxHand Original
img_4052.jpg,Omeprazole,RxHand Original
img_4053.jpg,Omeprazole,RxHand Original
img_4054.jpg,Omeprazole,RxHand Original
img_4055.jpg,Omeprazole,RxHand Original
img_4056.jpg,Omeprazole,RxHand Original
img_4057.jpg,Omeprazole,RxHand Original
img_4058.jpg,Omeprazole,RxHand Original
img_4059.jpg,Omeprazole,RxHand Original
img_4060.jpg,Omeprazole,RxHand Original
img_4061.jpg,Omeprazole,RxHand Original
img_4062.jpg,Omeprazole,RxHand Original
img_4063.jpg,Omeprazole,RxHand Original
img_4064.jpg,Omeprazole,RxHand Original
img_4065.jpg,Omeprazole,RxHand Original
img_4066.jpg,Omeprazole,RxHand Original
img_4067.jpg,Omeprazole,RxHand Original
img_4068.jpg,Omeprazole,RxHand Original
img_4069.jpg,Omeprazole,RxHand Original
img_4070.jpg,Omeprazole,RxHand Original
img_4071.jpg,Omeprazole,RxHand Original
img_4072.jpg,Omeprazole,RxHand Original
img_4073.jpg,Omeprazole,RxHand Original
img_4074.jpg,Omeprazole,RxHand Original
img_4075.jpg,Omeprazole,RxHand Original
img_4076.jpg,Omeprazole,RxHand Original
img_4077.jpg,Omeprazole,RxHand Original
img_4078.jpg,Omeprazole,RxHand Original
img_4079.jpg,Omeprazole,RxHand Original
img_4080.jpg,Omeprazole,RxHand Original
img_4081.jpg,Omeprazole,RxHand Original
img_4082.jpg,Omeprazole,RxHand Original
img_4083.jpg,Omeprazole,RxHand Original
img_4084.jpg,Omeprazole,RxHand Original
img_4085.jpg,Omeprazole,RxHand Original
img_4086.jpg,Omeprazole,RxHand Original
img_4087.jpg,Omeprazole,RxHand Original
img_4088.jpg,Omeprazole,RxHand Original
img_4089.jpg,Omeprazole,RxHand Original
img_4090.jpg,Omeprazole,RxHand Original
img_4091.jpg,Omeprazole,RxHand Original
img_4092.jpg,Omeprazole,RxHand Original
img_4093.jpg,Omeprazole,RxHand Original
img_4094.jpg,Omeprazole,RxHand Original
img_4095.jpg,Omeprazole,RxHand Original
img_4096.jpg,Omeprazole,RxHand Original
img_4097.jpg,Omeprazole,RxHand Original
img_4098.jpg,Omeprazole,RxHand Original
img_4099.jpg,Omeprazole,RxHand Original
img_4100.jpg,Omeprazole,RxHand Original
img_4101.jpg,Omeprazole,RxHand Original
img_4102.jpg,Omeprazole,RxHand Original
img_4103.jpg,Omeprazole,RxHand Original
img_4104.jpg,Omeprazole,RxHand Original
img_4105.jpg,Omeprazole,RxHand Original
img_4106.jpg,Omeprazole,RxHand Original
img_4107.jpg,Omeprazole,RxHand Original
img_4108.jpg,Omeprazole,RxHand Original
img_4109.jpg,Omeprazole,RxHand Original
img_4110.jpg,Omeprazole,RxHand Original
img_4111.jpg,Omeprazole,RxHand Original
img_4112.jpg,Omeprazole,RxHand Original
img_4113.jpg,Omeprazole,RxHand Original
img_4114.jpg,Omeprazole,RxHand Original
img_4115.jpg,Omeprazole,RxHand Original
img_4116.jpg,Omeprazole,RxHand Original
img_4117.jpg,Omeprazole,RxHand Original
img_4118.jpg,Omeprazole,RxHand Original
img_4119.jpg,Omeprazole,RxHand Original
img_4120.jpg,Omeprazole,RxHand Original
img_4121.jpg,Omeprazole,RxHand Original
img_4122.jpg,Omeprazole,RxHand Original
img_4123.jpg,Omeprazole,RxHand Original
img_4124.jpg,Omeprazole,RxHand Original
img_4125.jpg,Omeprazole,RxHand Original
img_4126.jpg,Omeprazole,RxHand Original
img_4127.jpg,Omeprazole,RxHand Original
img_4128.jpg,omeprazole,RxHand Original
img_4129.jpg,omeprazole,RxHand Original
img_4130.jpg,omeprazole,RxHand Original
img_4131.jpg,omeprazole,RxHand Original
img_4132.jpg,omeprazole,RxHand Original
img_4133.jpg,omeprazole,RxHand Original
img_4134.jpg,omeprazole,RxHand Original
img_4135.jpg,omeprazole,RxHand Original
img_4136.jpg,omeprazole,RxHand Original
img_4137.jpg,omeprazole,RxHand Original
img_4138.jpg,omeprazole,RxHand Original
img_4139.jpg,omeprazole,RxHand Original
img_4140.jpg,omeprazole,RxHand Original
img_4141.jpg,omeprazole,RxHand Original
img_4142.jpg,omeprazole,RxHand Original
img_4143.jpg,omeprazole,RxHand Original
img_4144.jpg,omeprazole,RxHand Original
img_4145.jpg,Ometid,RxHand Original
img_4146.jpg,Omidon,RxHand Original
img_4147.jpg,Omidon,RxHand Original
img_4148.jpg,Omidon,RxHand Original
img_4149.jpg,Omidon,RxHand Original
img_4150.jpg,Omidon,RxHand Original
img_4151.jpg,Omidon,RxHand Original
img_4152.jpg,Omidon,RxHand Original
img_4153.jpg,Omidon,RxHand Original
img_4154.jpg,Omidon,RxHand Original
img_4155.jpg,Omidon,RxHand Original
img_4156.jpg,Omidon,RxHand Original
img_4157.jpg,Omidon,RxHand Original
img_4158.jpg,Omidon,RxHand Original
img_4159.jpg,Omidon,RxHand Original
img_4160.jpg,omidon,RxHand Original
img_4161.jpg,omidon,RxHand Original
img_4162.jpg,omidon,RxHand Original
img_4163.jpg,omidon,RxHand Original
img_4164.jpg,omidon,RxHand Original
img_4165.jpg,omidon,RxHand Original
img_4166.jpg,omira,RxHand Original
img_4167.jpg,Onacal-D,RxHand Original
img_4168.jpg,onaseron,RxHand Original
img_4169.jpg,onaseron,RxHand Original
img_4170.jpg,Optimax,RxHand Original
img_4171.jpg,Optimax,RxHand Original
img_4172.jpg,Optimax,RxHand Original
img_4173.jpg,optimox,RxHand Original
img_4174.jpg,Oricef,RxHand Original
img_4175.jpg,Oricef,RxHand Original
img_4176.jpg,oricef,RxHand Original
img_4177.jpg,oricef,RxHand Original
img_4178.jpg,Orinou-D,RxHand Original
img_4179.jpg,ornopain,RxHand Original
img_4180.jpg,ornopain,RxHand Original
img_4181.jpg,Orofer,RxHand Original
img_4182.jpg,osec,RxHand Original
img_4183.jpg,Ossica,RxHand Original
img_4184.jpg,ossica,RxHand Original
img_4185.jpg,ostalal Cex ,RxHand Original
img_4186.jpg,ostocal,RxHand Original
img_4187.jpg,ostocal,RxHand Original
img_4188.jpg,ostocal,RxHand Original
img_4189.jpg,Othera,RxHand Original
img_4190.jpg,Othera,RxHand Original
img_4191.jpg,Othera,RxHand Original
img_4192.jpg,Othera,RxHand Original
img_4193.jpg,Othera,RxHand Original
img_4194.jpg,Othera,RxHand Original
img_4195.jpg,Othera,RxHand Original
img_4196.jpg,Othera,RxHand Original
img_4197.jpg,Ovit-A,RxHand Original
img_4198.jpg,oxycol,RxHand Original
img_4199.jpg,p/c,RxHand Original
img_4200.jpg,p/c,RxHand Original
img_4201.jpg,p/c,RxHand Original
img_4202.jpg,p/c,RxHand Original
img_4203.jpg,p/c,RxHand Original
img_4204.jpg,p/c,RxHand Original
img_4205.jpg,p/c,RxHand Original
img_4206.jpg,Pain at calf,RxHand Original
img_4207.jpg,Pain at calf,RxHand Original
img_4208.jpg,Pair,RxHand Original
img_4209.jpg,Palonron,RxHand Original
img_4210.jpg,Paloven,RxHand Original
img_4211.jpg,Paloxi,RxHand Original
img_4212.jpg,Paloxi,RxHand Original
img_4213.jpg,Paloxi,RxHand Original
img_4214.jpg,Paloxi,RxHand Original
img_4215.jpg,Paloxi,RxHand Original
img_4216.jpg,Paloxi,RxHand Original
img_4217.jpg,Paloxi,RxHand Original
img_4218.jpg,Paloxi,RxHand Original
img_4219.jpg,Paloxi,RxHand Original
img_4220.jpg,Paloxi,RxHand Original
img_4221.jpg,Paloxi,RxHand Original
img_4222.jpg,Paloxi,RxHand Original
img_4223.jpg,palpitation,RxHand Original
img_4224.jpg,Pama Serg,RxHand Original
img_4225.jpg,Pama Serg,RxHand Original
img_4226.jpg,Panaseng,RxHand Original
img_4227.jpg,Panied,RxHand Original
img_4228.jpg,pantonix,RxHand Original
img_4229.jpg,Pantonix,RxHand Original
img_4230.jpg,Pantonix,RxHand Original
img_4231.jpg,Pantonix,RxHand Original
img_4232.jpg,Pantonix,RxHand Original
img_4233.jpg,Paracetamol,RxHand Original
img_4234.jpg,Paracetamol,RxHand Original
img_4235.jpg,Paracetamol,RxHand Original
img_4236.jpg,Paracetamol,RxHand Original
img_4237.jpg,Paracetamol,RxHand Original
img_4238.jpg,Paracetamol,RxHand Original
img_4239.jpg,Paracetamol,RxHand Original
img_4240.jpg,Paracetamol,RxHand Original
img_4241.jpg,pase,RxHand Original
img_4242.jpg,pase,RxHand Original
img_4243.jpg,Pauion,RxHand Original
img_4244.jpg,paveset,RxHand Original
img_4245.jpg,pel. Desolan,RxHand Original
img_4246.jpg,Peli. Derolon,RxHand Original
img_4247.jpg,Pelverin,RxHand Original
img_4248.jpg,Peridon,RxHand Original
img_4249.jpg,Periodontitis,RxHand Original
img_4250.jpg,Pethidine,RxHand Original
img_4251.jpg,Pethidine,RxHand Original
img_4252.jpg,PG,RxHand Original
img_4254.jpg,Phauolid Soaf,RxHand Original
img_4255.jpg,Phenocid,RxHand Original
img_4256.jpg,Phylopen,RxHand Original
img_4257.jpg,phylopen,RxHand Original
img_4258.jpg,phylopen,RxHand Original
img_4259.jpg,phylopen,RxHand Original
img_4260.jpg,phylopen,RxHand Original
img_4261.jpg,phylopen,RxHand Original
img_4262.jpg,phylopen,RxHand Original
img_4263.jpg,phylopen,RxHand Original
img_4264.jpg,Phylopen-Ds,RxHand Original
img_4265.jpg,Pirulin,RxHand Original
img_4266.jpg,Plagnin,RxHand Original
img_4267.jpg,Plagrin,RxHand Original
img_4268.jpg,plaqriw plus,RxHand Original
img_4269.jpg,Pli 50,RxHand Original
img_4270.jpg,Plus,RxHand Original
img_4271.jpg,ponsal,RxHand Original
img_4272.jpg,ponsal,RxHand Original
img_4273.jpg,ponsal,RxHand Original
img_4274.jpg,ponsal,RxHand Original
img_4275.jpg,ponsal,RxHand Original
img_4276.jpg,Povifep,RxHand Original
img_4277.jpg,Povital,RxHand Original
img_4278.jpg,Povital,RxHand Original
img_4279.jpg,Povital,RxHand Original
img_4280.jpg,Povital,RxHand Original
img_4281.jpg,Povital,RxHand Original
img_4282.jpg,Povital,RxHand Original
img_4283.jpg,PPI,RxHand Original
img_4284.jpg,Precabil,RxHand Original
img_4285.jpg,prechery,RxHand Original
img_4286.jpg,Pregan,RxHand Original
img_4287.jpg,pregmo,RxHand Original
img_4288.jpg,Pregmos,RxHand Original
img_4289.jpg,prelics CR,RxHand Original
img_4290.jpg,premac,RxHand Original
img_4291.jpg,premac,RxHand Original
img_4292.jpg,Prestal,RxHand Original
img_4293.jpg,Prestel,RxHand Original
img_4294.jpg,Prestel,RxHand Original
img_4295.jpg,Prestel,RxHand Original
img_4296.jpg,Prestel,RxHand Original
img_4297.jpg,Prestel,RxHand Original
img_4298.jpg,Prindof,RxHand Original
img_4299.jpg,Prindof,RxHand Original
img_4300.jpg,Prindof,RxHand Original
img_4301.jpg,Prindof,RxHand Original
img_4302.jpg,Prindof,RxHand Original
img_4303.jpg,Prindof,RxHand Original
img_4304.jpg,Pripmmf,RxHand Original
img_4305.jpg,Priten,RxHand Original
img_4306.jpg,Prnzofress,RxHand Original
img_4307.jpg,Pro Gio,RxHand Original
img_4308.jpg,probio,RxHand Original
img_4309.jpg,Profen,RxHand Original
img_4310.jpg,Profenid Gel,RxHand Original
img_4311.jpg,Profenid Gell,RxHand Original
img_4312.jpg,Profinex,RxHand Original
img_4313.jpg,Profrauof,RxHand Original
img_4314.jpg,progest,RxHand Original
img_4315.jpg,progut,RxHand Original
img_4316.jpg,Proindof,RxHand Original
img_4317.jpg,Proliv,RxHand Original
img_4318.jpg,prolix,RxHand Original
img_4319.jpg,prolix,RxHand Original
img_4320.jpg,prompton,RxHand Original
img_4321.jpg,Pronex,RxHand Original
img_4322.jpg,Pronex,RxHand Original
img_4324.jpg,pronex,RxHand Original
img_4325.jpg,Pronex Mups,RxHand Original
img_4326.jpg,pronex mups,RxHand Original
img_4327.jpg,propenta,RxHand Original
img_4328.jpg,prosesf,RxHand Original
img_4329.jpg,protein,RxHand Original
img_4330.jpg,protein,RxHand Original
img_4331.jpg,protein,RxHand Original
img_4332.jpg,protein,RxHand Original
img_4333.jpg,protein,RxHand Original
img_4334.jpg,protein,RxHand Original
img_4335.jpg,protein,RxHand Original
img_4336.jpg,protein,RxHand Original
img_4337.jpg,protein,RxHand Original
img_4338.jpg,protein,RxHand Original
img_4339.jpg,protein,RxHand Original
img_4340.jpg,protein,RxHand Original
img_4341.jpg,protein,RxHand Original
img_4342.jpg,Protio,RxHand Original
img_4343.jpg,Protio,RxHand Original
img_4344.jpg,Protio,RxHand Original
img_4345.jpg,Purifen,RxHand Original
img_4346.jpg,Purifen,RxHand Original
img_4347.jpg,Purifen,RxHand Original
img_4348.jpg,Purisal,RxHand Original
img_4349.jpg,Purisal,RxHand Original
img_4350.jpg,purisal,RxHand Original
img_4351.jpg,purisal,RxHand Original
img_4352.jpg,purisal,RxHand Original
img_4353.jpg,Purtisol,RxHand Original
img_4354.jpg,Qtof,RxHand Original
img_4355.jpg,Quiet,RxHand Original
img_4356.jpg,Quridew,RxHand Original
img_4357.jpg,Radifil,RxHand Original
img_4358.jpg,Radifil,RxHand Original
img_4359.jpg,Radifil,RxHand Original
img_4360.jpg,radiflex,RxHand Original
img_4361.jpg,Radiflex rafid,RxHand Original
img_4362.jpg,Raditil,RxHand Original
img_4363.jpg,Raditil,RxHand Original
img_4364.jpg,Raditil,RxHand Original
img_4365.jpg,Raditil,RxHand Original
img_4366.jpg,Raditil,RxHand Original
img_4367.jpg,Raditil,RxHand Original
img_4368.jpg,raditil,RxHand Original
img_4369.jpg,Raditril,RxHand Original
img_4370.jpg,Rafiflo 8,RxHand Original
img_4371.jpg,Rafino Forte,RxHand Original
img_4372.jpg,Ralee,RxHand Original
img_4373.jpg,Ralripus,RxHand Original
img_4374.jpg,Rasiflep,RxHand Original
img_4375.jpg,Rasiflex,RxHand Original
img_4376.jpg,Rasiflex,RxHand Original
img_4377.jpg,Ratinol,RxHand Original
img_4378.jpg,ratinol,RxHand Original
img_4379.jpg,ratinol,RxHand Original
img_4380.jpg,ratinol,RxHand Original
img_4381.jpg,ratinol,RxHand Original
img_4382.jpg,ratinol,RxHand Original
img_4383.jpg,Ratinol Forte,RxHand Original
img_4384.jpg,ratnol,RxHand Original
img_4385.jpg,Raufitfup plus,RxHand Original
img_4386.jpg,Rausiflex Plus,RxHand Original
img_4387.jpg,Ravliflex,RxHand Original
img_4388.jpg,rbc,RxHand Original
img_4389.jpg,RBS,RxHand Original
img_4390.jpg,RBS,RxHand Original
img_4391.jpg,RBS,RxHand Original
img_4392.jpg,Rcef-Dx,RxHand Original
img_4393.jpg,Rebe,RxHand Original
img_4394.jpg,Rebe,RxHand Original
img_4395.jpg,Rebe,RxHand Original
img_4396.jpg,rechnol,RxHand Original
img_4397.jpg,Reconil,RxHand Original
img_4398.jpg,rectinol,RxHand Original
img_4399.jpg,Reefcal-Dx,RxHand Original
img_4400.jpg,Reef-Dx,RxHand Original
img_4401.jpg,Reef-Dx,RxHand Original
img_4402.jpg,reelife,RxHand Original
img_4403.jpg,Reelife,RxHand Original
img_4404.jpg,Reelifr,RxHand Original
img_4405.jpg,Reelifr,RxHand Original
img_4406.jpg,Regler,RxHand Original
img_4407.jpg,Regular,RxHand Original
img_4408.jpg,Relaxo,RxHand Original
img_4409.jpg,Relaxo,RxHand Original
img_4410.jpg,Relenfn,RxHand Original
img_4411.jpg,relenten,RxHand Original
img_4412.jpg,relenten,RxHand Original
img_4413.jpg,Relenten,RxHand Original
img_4414.jpg,Relentus,RxHand Original
img_4415.jpg,relentus,RxHand Original
img_4416.jpg,relentus,RxHand Original
img_4417.jpg,Relvis,RxHand Original
img_4418.jpg,Remac,RxHand Original
img_4419.jpg,Remac,RxHand Original
img_4420.jpg,Remmo,RxHand Original
img_4421.jpg,Remmo,RxHand Original
img_4422.jpg,remmo,RxHand Original
img_4423.jpg,renal,RxHand Original
img_4424.jpg,Renova,RxHand Original
img_4425.jpg,Renova,RxHand Original
img_4426.jpg,Renova,RxHand Original
img_4427.jpg,Renova,RxHand Original
img_4428.jpg,renova,RxHand Original
img_4429.jpg,renova,RxHand Original
img_4430.jpg,renova,RxHand Original
img_4431.jpg,renova,RxHand Original
img_4432.jpg,Renova XR,RxHand Original
img_4433.jpg,Rephaston,RxHand Original
img_4434.jpg,Rephaston,RxHand Original
img_4435.jpg,replastw,RxHand Original
img_4436.jpg,replastw,RxHand Original
img_4437.jpg,replastw,RxHand Original
img_4438.jpg,replastw,RxHand Original
img_4439.jpg,Reserux-SR,RxHand Original
img_4440.jpg,Reset,RxHand Original
img_4441.jpg,reset,RxHand Original
img_4442.jpg,Resfazit,RxHand Original
img_4443.jpg,Resitfex plus,RxHand Original
img_4444.jpg,Respazit,RxHand Original
img_4445.jpg,Retinol,RxHand Original
img_4446.jpg,Reto,RxHand Original
img_4447.jpg,Revarol,RxHand Original
img_4448.jpg,Revatol,RxHand Original
img_4449.jpg,Revere,RxHand Original
img_4450.jpg,Revert,RxHand Original
img_4451.jpg,revesf,RxHand Original
img_4452.jpg,Revital,RxHand Original
img_4453.jpg,Revocit,RxHand Original
img_4454.jpg,Revocit,RxHand Original
img_4455.jpg,Revocit,RxHand Original
img_4456.jpg,Revocit,RxHand Original
img_4457.jpg,Rex,RxHand Original
img_4458.jpg,Rex,RxHand Original
img_4459.jpg,Rexlife,RxHand Original
img_4460.jpg,Rexrisx-SR,RxHand Original
img_4461.jpg,Rezco,RxHand Original
img_4462.jpg,Rhinomist,RxHand Original
img_4463.jpg,ribojovef,RxHand Original
img_4464.jpg,Ribosore,RxHand Original
img_4465.jpg,Rifagut,RxHand Original
img_4466.jpg,Rifagut,RxHand Original
img_4467.jpg,Rifagut,RxHand Original
img_4468.jpg,Rifagut,RxHand Original
img_4469.jpg,Rivarox,RxHand Original
img_4470.jpg,Rivarox,RxHand Original
img_4471.jpg,Rivo,RxHand Original
img_4472.jpg,Rivo,RxHand Original
img_4473.jpg,Rivo,RxHand Original
img_4474.jpg,Rivotril,RxHand Original
img_4475.jpg,Rivotril,RxHand Original
img_4476.jpg,Rivotril,RxHand Original
img_4477.jpg,Rivotril,RxHand Original
img_4478.jpg,Rivotril,RxHand Original
img_4479.jpg,Rivotril,RxHand Original
img_4480.jpg,Rivotril,RxHand Original
img_4481.jpg,Rivotril,RxHand Original
img_4482.jpg,Rivotril,RxHand Original
img_4483.jpg,Rivotril,RxHand Original
img_4484.jpg,rivotril,RxHand Original
img_4485.jpg,Rivotril,RxHand Original
img_4486.jpg,Rivyox,RxHand Original
img_4487.jpg,Robac,RxHand Original
img_4488.jpg,Roclav,RxHand Original
img_4489.jpg,Roclav,RxHand Original
img_4490.jpg,Roclav,RxHand Original
img_4491.jpg,Roclav,RxHand Original
img_4492.jpg,roclav,RxHand Original
img_4493.jpg,roclav,RxHand Original
img_4494.jpg,roclav,RxHand Original
img_4495.jpg,roclav,RxHand Original
img_4496.jpg,roclav,RxHand Original
img_4497.jpg,roclav,RxHand Original
img_4498.jpg,Rodiflex,RxHand Original
img_4499.jpg,Rofip,RxHand Original
img_4500.jpg,Rofip,RxHand Original
img_4501.jpg,Rofixim,RxHand Original
img_4502.jpg,rofnp,RxHand Original
img_4503.jpg,Rofuclav,RxHand Original
img_4504.jpg,Rohie,RxHand Original
img_4505.jpg,Rohuf,RxHand Original
img_4506.jpg,Rolac,RxHand Original
img_4507.jpg,Rolac,RxHand Original
img_4508.jpg,Rolac,RxHand Original
img_4509.jpg,ROlac,RxHand Original
img_4510.jpg,Rolac,RxHand Original
img_4511.jpg,Rolac,RxHand Original
img_4512.jpg,Rolac,RxHand Original
img_4513.jpg,Rolac,RxHand Original
img_4514.jpg,Rolac,RxHand Original
img_4515.jpg,Rolac,RxHand Original
img_4516.jpg,Rolac,RxHand Original
img_4517.jpg,Rolac,RxHand Original
img_4518.jpg,Rolac,RxHand Original
img_4519.jpg,Rolac,RxHand Original
img_4520.jpg,Rolac,RxHand Original
img_4521.jpg,Rolac,RxHand Original
img_4522.jpg,Rolac,RxHand Original
img_4523.jpg,Rolac,RxHand Original
img_4524.jpg,Rolac,RxHand Original
img_4525.jpg,Rolac,RxHand Original
img_4526.jpg,Rolac,RxHand Original
img_4527.jpg,Rolac,RxHand Original
img_4528.jpg,Rolac,RxHand Original
img_4529.jpg,Rolac,RxHand Original
img_4530.jpg,Rolac,RxHand Original
img_4531.jpg,Rolac,RxHand Original
img_4532.jpg,Rolac,RxHand Original
img_4533.jpg,Rolac,RxHand Original
img_4534.jpg,Rolac,RxHand Original
img_4535.jpg,Rolac,RxHand Original
img_4536.jpg,Rolac,RxHand Original
img_4537.jpg,Rolac,RxHand Original
img_4538.jpg,Rolac,RxHand Original
img_4539.jpg,Rolac,RxHand Original
img_4540.jpg,Rolac,RxHand Original
img_4541.jpg,Rolac,RxHand Original
img_4542.jpg,Rolac,RxHand Original
img_4543.jpg,Rolac,RxHand Original
img_4544.jpg,Rolac,RxHand Original
img_4545.jpg,Rolac,RxHand Original
img_4546.jpg,Rolac,RxHand Original
img_4547.jpg,Rolac,RxHand Original
img_4548.jpg,Rolac,RxHand Original
img_4549.jpg,Rolac,RxHand Original
img_4550.jpg,rolac,RxHand Original
img_4551.jpg,rolac,RxHand Original
img_4552.jpg,rolac,RxHand Original
img_4553.jpg,rolac,RxHand Original
img_4554.jpg,rolac,RxHand Original
img_4555.jpg,Rolae,RxHand Original
img_4556.jpg,Rolip,RxHand Original
img_4557.jpg,Ronem,RxHand Original
img_4558.jpg,ropitor,RxHand Original
img_4559.jpg,Rosetn,RxHand Original
img_4560.jpg,Roseton,RxHand Original
img_4561.jpg,Rostil,RxHand Original
img_4562.jpg,Rosu,RxHand Original
img_4563.jpg,rosu,RxHand Original
img_4564.jpg,rosu,RxHand Original
img_4565.jpg,rosu,RxHand Original
img_4566.jpg,Rosu,RxHand Original
img_4567.jpg,Rosu,RxHand Original
img_4568.jpg,Rosu,RxHand Original
img_4569.jpg,Rosu,RxHand Original
img_4570.jpg,Rosu,RxHand Original
img_4571.jpg,Rosu  ,RxHand Original
img_4572.jpg,Rosu 10,RxHand Original
img_4573.jpg,Rosu 10,RxHand Original
img_4574.jpg,Rosu 10,RxHand Original
img_4575.jpg,Rosuva,RxHand Original
img_4576.jpg,Rosuva,RxHand Original
img_4577.jpg,Rosuva,RxHand Original
img_4578.jpg,Rosuva,RxHand Original
img_4579.jpg,Rosuva 5,RxHand Original
img_4580.jpg,Rosuva 5,RxHand Original
img_4581.jpg,rosv,RxHand Original
img_4582.jpg,Roswva 10,RxHand Original
img_4583.jpg,roswva 5,RxHand Original
img_4584.jpg,Rotalac,RxHand Original
img_4585.jpg,Rotalac,RxHand Original
img_4586.jpg,rotalac,RxHand Original
img_4587.jpg,Rotinaf fote,RxHand Original
img_4588.jpg,Roxadex,RxHand Original
img_4589.jpg,Roxadex,RxHand Original
img_4590.jpg,Roxadex,RxHand Original
img_4591.jpg,Roxadex,RxHand Original
img_4592.jpg,roxadex,RxHand Original
img_4593.jpg,Roxim,RxHand Original
img_4594.jpg,Roxtal XP,RxHand Original
img_4595.jpg,Rozita,RxHand Original
img_4596.jpg,RTV,RxHand Original
img_4597.jpg,RTV,RxHand Original
img_4598.jpg,rtv,RxHand Original
img_4599.jpg,Ruchigold,RxHand Original
img_4600.jpg,Ruchigold,RxHand Original
img_4601.jpg,Rudi 120,RxHand Original
img_4602.jpg,Ruotinl,RxHand Original
img_4603.jpg,Rupa,RxHand Original
img_4604.jpg,Rupa,RxHand Original
img_4605.jpg,Rupa,RxHand Original
img_4606.jpg,Rupa,RxHand Original
img_4607.jpg,rupa,RxHand Original
img_4608.jpg,Rupadin,RxHand Original
img_4609.jpg,RUPIN,RxHand Original
img_4610.jpg,Rynuxo,RxHand Original
img_4611.jpg,Salost,RxHand Original
img_4612.jpg,Salost,RxHand Original
img_4613.jpg,Salost Dx,RxHand Original
img_4614.jpg,Sanbin,RxHand Original
img_4615.jpg,Sandin,RxHand Original
img_4616.jpg,Sardopa,RxHand Original
img_4617.jpg,sckoria,RxHand Original
img_4618.jpg,Scluprud,RxHand Original
img_4619.jpg,Scryel,RxHand Original
img_4620.jpg,Seclo,RxHand Original
img_4621.jpg,Seclo,RxHand Original
img_4622.jpg,Seclo,RxHand Original
img_4623.jpg,Seclo,RxHand Original
img_4624.jpg,Seclo,RxHand Original
img_4625.jpg,Seclo,RxHand Original
img_4626.jpg,Seclo,RxHand Original
img_4627.jpg,Seclo,RxHand Original
img_4628.jpg,Seclo,RxHand Original
img_4629.jpg,Secrin,RxHand Original
img_4630.jpg,Sedil,RxHand Original
img_4631.jpg,Sedil,RxHand Original
img_4632.jpg,Sefr,RxHand Original
img_4633.jpg,Sefra,RxHand Original
img_4634.jpg,Seko,RxHand Original
img_4635.jpg,Seko,RxHand Original
img_4636.jpg,Seko,RxHand Original
img_4637.jpg,Seko,RxHand Original
img_4638.jpg,Seko,RxHand Original
img_4639.jpg,Seko,RxHand Original
img_4640.jpg,Seko,RxHand Original
img_4641.jpg,Seko,RxHand Original
img_4642.jpg,Seko Polem,RxHand Original
img_4643.jpg,Sekodex,RxHand Original
img_4644.jpg,Sekorin,RxHand Original
img_4645.jpg,Sekorin,RxHand Original
img_4646.jpg,Sergel,RxHand Original
img_4647.jpg,Sergel,RxHand Original
img_4648.jpg,Sergel,RxHand Original
img_4649.jpg,Sergel,RxHand Original
img_4650.jpg,sergel,RxHand Original
img_4651.jpg,sergel,RxHand Original
img_4652.jpg,Sergel,RxHand Original
img_4653.jpg,Sergel,RxHand Original
img_4654.jpg,Sergel,RxHand Original
img_4655.jpg,Sergel,RxHand Original
img_4656.jpg,Sergel,RxHand Original
img_4657.jpg,Sergel,RxHand Original
img_4658.jpg,Sergel,RxHand Original
img_4659.jpg,Seruh Mups,RxHand Original
img_4660.jpg,Setra,RxHand Original
img_4661.jpg,Setra,RxHand Original
img_4662.jpg,Setra,RxHand Original
img_4663.jpg,Setra,RxHand Original
img_4664.jpg,Sidobac,RxHand Original
img_4665.jpg,Sidobac,RxHand Original
img_4666.jpg,Sindala,RxHand Original
img_4667.jpg,sodibar,RxHand Original
img_4668.jpg,Sofbian,RxHand Original
img_4669.jpg,Solon,RxHand Original
img_4670.jpg,Solupred,RxHand Original
img_4671.jpg,solupred,RxHand Original
img_4672.jpg,solupred,RxHand Original
img_4673.jpg,solupred,RxHand Original
img_4674.jpg,solupred,RxHand Original
img_4675.jpg,solupred,RxHand Original
img_4676.jpg,solupred,RxHand Original
img_4677.jpg,soluprud,RxHand Original
img_4678.jpg,Specbac,RxHand Original
img_4679.jpg,Sperm Core,RxHand Original
img_4680.jpg,Sperm Core,RxHand Original
img_4681.jpg,Sperm Core,RxHand Original
img_4682.jpg,Sperm Core,RxHand Original
img_4683.jpg,Spilac,RxHand Original
img_4684.jpg,Spilac,RxHand Original
img_4685.jpg,Spilac,RxHand Original
img_4686.jpg,Spilac,RxHand Original
img_4687.jpg,Spilac,RxHand Original
img_4688.jpg,Spilac F,RxHand Original
img_4689.jpg,Sponocid,RxHand Original
img_4690.jpg,Stemetil,RxHand Original
img_4691.jpg,Sucsef,RxHand Original
img_4692.jpg,Sup. Apelz,RxHand Original
img_4693.jpg,supp,RxHand Original
img_4694.jpg,supp,RxHand Original
img_4695.jpg,supp,RxHand Original
img_4696.jpg,supp,RxHand Original
img_4697.jpg,supp,RxHand Original
img_4698.jpg,supp,RxHand Original
img_4699.jpg,supp,RxHand Original
img_4700.jpg,supp,RxHand Original
img_4701.jpg,supp,RxHand Original
img_4702.jpg,supp,RxHand Original
img_4703.jpg,supp,RxHand Original
img_4704.jpg,supp,RxHand Original
img_4705.jpg,supp,RxHand Original
img_4706.jpg,supp,RxHand Original
img_4707.jpg,supp,RxHand Original
img_4708.jpg,supp,RxHand Original
img_4709.jpg,supp,RxHand Original
img_4710.jpg,supp,RxHand Original
img_4711.jpg,Suppository,RxHand Original
img_4712.jpg,Suppository,RxHand Original
img_4713.jpg,Suppository,RxHand Original
img_4714.jpg,Suppository,RxHand Original
img_4715.jpg,Suppository,RxHand Original
img_4716.jpg,Supra-B,RxHand Original
img_4717.jpg,Suzyme,RxHand Original
img_4718.jpg,Svcset,RxHand Original
img_4719.jpg,Syndopa,RxHand Original
img_4720.jpg,Synogen,RxHand Original
img_4721.jpg,Synogen,RxHand Original
img_4722.jpg,Synogen,RxHand Original
img_4723.jpg,Synogen,RxHand Original
img_4724.jpg,Synogen,RxHand Original
img_4725.jpg,syp,RxHand Original
img_4726.jpg,syp,RxHand Original
img_4727.jpg,syp,RxHand Original
img_4728.jpg,Syp Asyntamax,RxHand Original
img_4729.jpg,Syp Cortam,RxHand Original
img_4730.jpg,Syp Deslor ,RxHand Original
img_4731.jpg,Syp xyril,RxHand Original
img_4732.jpg,Syp. urisef,RxHand Original
img_4733.jpg,Syrup,RxHand Original
img_4734.jpg,Syrup,RxHand Original
img_4735.jpg,Syrup,RxHand Original
img_4736.jpg,Syrup,RxHand Original
img_4737.jpg,Syrup,RxHand Original
img_4738.jpg,Syrup,RxHand Original
img_4739.jpg,Syrup,RxHand Original
img_4740.jpg,Syrup,RxHand Original
img_4741.jpg,Syrup,RxHand Original
img_4742.jpg,Syrup,RxHand Original
img_4743.jpg,Syrup,RxHand Original
img_4744.jpg,Syrup,RxHand Original
img_4745.jpg,Syrup,RxHand Original
img_4746.jpg,Syrup,RxHand Original
img_4747.jpg,Syrup,RxHand Original
img_4748.jpg,Syrup,RxHand Original
img_4749.jpg,Syrup,RxHand Original
img_4750.jpg,Syrup,RxHand Original
img_4751.jpg,Syrup,RxHand Original
img_4752.jpg,Syrup,RxHand Original
img_4753.jpg,Syrup,RxHand Original
img_4754.jpg,Syrup,RxHand Original
img_4755.jpg,Syrup,RxHand Original
img_4756.jpg,Syrup,RxHand Original
img_4757.jpg,Syrup,RxHand Original
img_4758.jpg,Syrup,RxHand Original
img_4759.jpg,Syrup,RxHand Original
img_4760.jpg,Syrup,RxHand Original
img_4761.jpg,Syrup,RxHand Original
img_4762.jpg,Syrup,RxHand Original
img_4763.jpg,Syrup,RxHand Original
img_4764.jpg,Syrup,RxHand Original
img_4765.jpg,Syrup,RxHand Original
img_4766.jpg,Syrup,RxHand Original
img_4767.jpg,tab,RxHand Original
img_4768.jpg,tab,RxHand Original
img_4769.jpg,tab,RxHand Original
img_4770.jpg,tab,RxHand Original
img_4771.jpg,tab,RxHand Original
img_4772.jpg,tab,RxHand Original
img_4773.jpg,tab,RxHand Original
img_4774.jpg,tab,RxHand Original
img_4775.jpg,tab,RxHand Original
img_4776.jpg,tab,RxHand Original
img_4777.jpg,tab,RxHand Original
img_4778.jpg,tab,RxHand Original
img_4779.jpg,tab,RxHand Original
img_4780.jpg,tab,RxHand Original
img_4781.jpg,tab,RxHand Original
img_4782.jpg,tab,RxHand Original
img_4783.jpg,tab,RxHand Original
img_4784.jpg,tab,RxHand Original
img_4785.jpg,tab,RxHand Original
img_4786.jpg,tab,RxHand Original
img_4787.jpg,tab,RxHand Original
img_4788.jpg,tab,RxHand Original
img_4789.jpg,tab,RxHand Original
img_4790.jpg,tab,RxHand Original
img_4791.jpg,tab,RxHand Original
img_4792.jpg,tab,RxHand Original
img_4793.jpg,tab,RxHand Original
img_4794.jpg,tab,RxHand Original
img_4795.jpg,tab,RxHand Original
img_4796.jpg,tab,RxHand Original
img_4797.jpg,tab,RxHand Original
img_4798.jpg,Tab Cordca,RxHand Original
img_4799.jpg,Tab.  NEXUM,RxHand Original
img_4800.jpg,Tab. Algin,RxHand Original
img_4801.jpg,Tab. Algin,RxHand Original
img_4802.jpg,Tab. Algin,RxHand Original
img_4803.jpg,Tab. Amitip,RxHand Original
img_4804.jpg,Tab. Amitip,RxHand Original
img_4805.jpg,Tab. Amitip 10,RxHand Original
img_4806.jpg,Tab. ANADOL,RxHand Original
img_4807.jpg,Tab. Anth,RxHand Original
img_4808.jpg,Tab. Arislovit-B,RxHand Original
img_4809.jpg,Tab. Beklo,RxHand Original
img_4810.jpg,TAB. BEKLO,RxHand Original
img_4811.jpg,Tab. Calbo,RxHand Original
img_4812.jpg,Tab. Calboral,RxHand Original
img_4813.jpg,Tab. Calboral,RxHand Original
img_4814.jpg,Tab. Calboral,RxHand Original
img_4815.jpg,Tab. Calboral-Dx,RxHand Original
img_4816.jpg,Tab. Calcor-D,RxHand Original
img_4817.jpg,Tab. CEEVIX,RxHand Original
img_4818.jpg,Tab. cifotil,RxHand Original
img_4819.jpg,Tab. cifotil plus,RxHand Original
img_4820.jpg,Tab. clacido,RxHand Original
img_4821.jpg,Tab. Deap,RxHand Original
img_4822.jpg,Tab. Don A,RxHand Original
img_4823.jpg,Tab. Don-A,RxHand Original
img_4824.jpg,Tab. Epitra,RxHand Original
img_4825.jpg,Tab. Epitra,RxHand Original
img_4826.jpg,Tab. Esotid,RxHand Original
img_4827.jpg,Tab. Etorx,RxHand Original
img_4828.jpg,Tab. Flamex,RxHand Original
img_4829.jpg,Tab. Galoa,RxHand Original
img_4830.jpg,Tab. Geofoenil,RxHand Original
img_4831.jpg,Tab. Maxiwa,RxHand Original
img_4832.jpg,Tab. Maxpro,RxHand Original
img_4833.jpg,Tab. Menoral,RxHand Original
img_4834.jpg,Tab. Menoral,RxHand Original
img_4835.jpg,Tab. Naprosyn Plus,RxHand Original
img_4836.jpg,Tab. Naprox,RxHand Original
img_4837.jpg,Tab. Naprox,RxHand Original
img_4838.jpg,Tab. Neobean,RxHand Original
img_4839.jpg,Tab. Neuro,RxHand Original
img_4840.jpg,Tab. Neuro.B,RxHand Original
img_4841.jpg,Tab. Neuro-B,RxHand Original
img_4842.jpg,Tab. Neuro-B,RxHand Original
img_4843.jpg,Tab. Nexum,RxHand Original
img_4844.jpg,Tab. Normen,RxHand Original
img_4845.jpg,Tab. Normens,RxHand Original
img_4846.jpg,TAB. OUOCM-D,RxHand Original
img_4847.jpg,TAB. PENOULY,RxHand Original
img_4848.jpg,Tab. Rupa,RxHand Original
img_4849.jpg,Tab. Xinc-B,RxHand Original
img_4850.jpg,Tab.Aristovif-3,RxHand Original
img_4851.jpg,Tab.calboral,RxHand Original
img_4852.jpg,Tab.Don-A,RxHand Original
img_4853.jpg,Tab.Neuro,RxHand Original
img_4854.jpg,Tablet,RxHand Original
img_4855.jpg,Tablet,RxHand Original
img_4856.jpg,Tablet,RxHand Original
img_4857.jpg,Tablet,RxHand Original
img_4858.jpg,Tablet,RxHand Original
img_4859.jpg,Tablet,RxHand Original
img_4860.jpg,Tablet,RxHand Original
img_4861.jpg,Tablet,RxHand Original
img_4862.jpg,Tablet,RxHand Original
img_4863.jpg,Tablet,RxHand Original
img_4864.jpg,Tablet,RxHand Original
img_4865.jpg,Tablet,RxHand Original
img_4866.jpg,Tablet,RxHand Original
img_4867.jpg,Tablet,RxHand Original
img_4868.jpg,Tablet,RxHand Original
img_4869.jpg,Tablet,RxHand Original
img_4870.jpg,Tablet,RxHand Original
img_4871.jpg,Tablet,RxHand Original
img_4872.jpg,Tablet,RxHand Original
img_4873.jpg,Tablet,RxHand Original
img_4874.jpg,Tablet,RxHand Original
img_4875.jpg,Tablet,RxHand Original
img_4876.jpg,Tablet,RxHand Original
img_4877.jpg,Tablet,RxHand Original
img_4878.jpg,Tablet,RxHand Original
img_4879.jpg,Tablet,RxHand Original
img_4880.jpg,Tablet,RxHand Original
img_4881.jpg,Tablet,RxHand Original
img_4882.jpg,Tablet,RxHand Original
img_4883.jpg,Tablet,RxHand Original
img_4884.jpg,Tablet,RxHand Original
img_4885.jpg,Tablet,RxHand Original
img_4886.jpg,Tablet,RxHand Original
img_4887.jpg,Tablet,RxHand Original
img_4888.jpg,Tablet,RxHand Original
img_4889.jpg,Tablet,RxHand Original
img_4890.jpg,Tablet,RxHand Original
img_4891.jpg,Tablet,RxHand Original
img_4892.jpg,Tablet,RxHand Original
img_4893.jpg,Tablet,RxHand Original
img_4894.jpg,Tablet,RxHand Original
img_4895.jpg,Tablet,RxHand Original
img_4896.jpg,Tablet,RxHand Original
img_4897.jpg,Tablet,RxHand Original
img_4898.jpg,Tablet,RxHand Original
img_4899.jpg,Tablet,RxHand Original
img_4900.jpg,Tablet,RxHand Original
img_4901.jpg,Tablet,RxHand Original
img_4902.jpg,Tablet,RxHand Original
img_4903.jpg,Tablet,RxHand Original
img_4904.jpg,Tablet,RxHand Original
img_4905.jpg,Tablet,RxHand Original
img_4906.jpg,Tablet,RxHand Original
img_4907.jpg,Tablet,RxHand Original
img_4908.jpg,Tablet,RxHand Original
img_4909.jpg,Tablet,RxHand Original
img_4910.jpg,Tablet,RxHand Original
img_4911.jpg,Tablet,RxHand Original
img_4912.jpg,Tablet,RxHand Original
img_4913.jpg,Tablet,RxHand Original
img_4914.jpg,Tablet,RxHand Original
img_4915.jpg,Tablet,RxHand Original
img_4916.jpg,Tablet,RxHand Original
img_4917.jpg,Tablet,RxHand Original
img_4918.jpg,Tablet,RxHand Original
img_4919.jpg,Tablet,RxHand Original
img_4920.jpg,Tablet,RxHand Original
img_4921.jpg,Tablet,RxHand Original
img_4922.jpg,Tablet,RxHand Original
img_4923.jpg,Tablet,RxHand Original
img_4924.jpg,Tablet,RxHand Original
img_4925.jpg,Tablet,RxHand Original
img_4926.jpg,Tablet,RxHand Original
img_4927.jpg,Tablet,RxHand Original
img_4928.jpg,Tablet,RxHand Original
img_4929.jpg,Tablet,RxHand Original
img_4930.jpg,Tablet,RxHand Original
img_4931.jpg,Tablet,RxHand Original
img_4932.jpg,Tablet,RxHand Original
img_4933.jpg,Tablet,RxHand Original
img_4934.jpg,Tablet,RxHand Original
img_4935.jpg,Tablet,RxHand Original
img_4936.jpg,Tablet,RxHand Original
img_4937.jpg,Tablet,RxHand Original
img_4938.jpg,Tablet,RxHand Original
img_4939.jpg,Tablet,RxHand Original
img_4940.jpg,Tablet,RxHand Original
img_4941.jpg,Tablet,RxHand Original
img_4942.jpg,Tablet,RxHand Original
img_4943.jpg,Tablet,RxHand Original
img_4944.jpg,Tablet,RxHand Original
img_4945.jpg,Tablet,RxHand Original
img_4946.jpg,Tablet,RxHand Original
img_4947.jpg,Tablet,RxHand Original
img_4948.jpg,Tablet,RxHand Original
img_4949.jpg,Tablet,RxHand Original
img_4950.jpg,Tablet,RxHand Original
img_4951.jpg,Tablet,RxHand Original
img_4952.jpg,Tablet,RxHand Original
img_4953.jpg,Tablet,RxHand Original
img_4954.jpg,Tablet,RxHand Original
img_4955.jpg,Tablet,RxHand Original
img_4956.jpg,Tablet,RxHand Original
img_4957.jpg,Tablet,RxHand Original
img_4958.jpg,Tablet,RxHand Original
img_4959.jpg,Tablet,RxHand Original
img_4960.jpg,Tablet,RxHand Original
img_4961.jpg,Tablet,RxHand Original
img_4962.jpg,Tablet,RxHand Original
img_4963.jpg,Tablet,RxHand Original
img_4964.jpg,Tablet,RxHand Original
img_4965.jpg,Tablet,RxHand Original
img_4966.jpg,Tablet,RxHand Original
img_4967.jpg,Tablet,RxHand Original
img_4968.jpg,Tablet,RxHand Original
img_4969.jpg,Tablet,RxHand Original
img_4970.jpg,Tablet,RxHand Original
img_4971.jpg,Tablet,RxHand Original
img_4972.jpg,Tablet,RxHand Original
img_4973.jpg,Tablet,RxHand Original
img_4974.jpg,Tablet,RxHand Original
img_4975.jpg,Tablet,RxHand Original
img_4976.jpg,Tablet,RxHand Original
img_4977.jpg,Tablet,RxHand Original
img_4978.jpg,Tablet,RxHand Original
img_4979.jpg,Tablet,RxHand Original
img_4980.jpg,Tablet,RxHand Original
img_4981.jpg,Tablet,RxHand Original
img_4982.jpg,Tablet,RxHand Original
img_4983.jpg,Tablet,RxHand Original
img_4984.jpg,Tablet,RxHand Original
img_4985.jpg,Tablet,RxHand Original
img_4986.jpg,Tablet,RxHand Original
img_4987.jpg,Tablet,RxHand Original
img_4988.jpg,Tablet,RxHand Original
img_4989.jpg,Tablet,RxHand Original
img_4990.jpg,Tablet,RxHand Original
img_4991.jpg,Tablet,RxHand Original
img_4992.jpg,Tablet,RxHand Original
img_4993.jpg,Tablet,RxHand Original
img_4994.jpg,Tablet,RxHand Original
img_4995.jpg,Tablet,RxHand Original
img_4996.jpg,Tablet,RxHand Original
img_4997.jpg,Tablet,RxHand Original
img_4998.jpg,Tablet,RxHand Original
img_4999.jpg,Tablet,RxHand Original
img_5000.jpg,Tajenta,RxHand Original
img_5001.jpg,Tajenta,RxHand Original
img_5002.jpg,tajenta,RxHand Original
img_5003.jpg,tal,RxHand Original
img_5004.jpg,Tarlica,RxHand Original
img_5005.jpg,tarlica,RxHand Original
img_5006.jpg,tas,RxHand Original
img_5007.jpg,Tazid,RxHand Original
img_5008.jpg,Tb. Altaxc,RxHand Original
img_5009.jpg,Tb. Anginta,RxHand Original
img_5010.jpg,Tb. Calboral-D,RxHand Original
img_5011.jpg,Tb. Defrol,RxHand Original
img_5012.jpg,Tb. Mccol,RxHand Original
img_5013.jpg,Tb. N- Max,RxHand Original
img_5014.jpg,Tb. Torax,RxHand Original
img_5015.jpg,T-Cef,RxHand Original
img_5016.jpg,telcard,RxHand Original
img_5017.jpg,Telecordip plus,RxHand Original
img_5018.jpg,Telfast,RxHand Original
img_5019.jpg,Telfro max,RxHand Original
img_5020.jpg,Telfro max,RxHand Original
img_5021.jpg,Telfro max,RxHand Original
img_5022.jpg,Telfro max,RxHand Original
img_5023.jpg,Telmacal,RxHand Original
img_5024.jpg,Telmacal,RxHand Original
img_5025.jpg,Telmacal,RxHand Original
img_5026.jpg,telmacal,RxHand Original
img_5027.jpg,Telmiaip,RxHand Original
img_5028.jpg,Telmicard,RxHand Original
img_5029.jpg,Telmidip,RxHand Original
img_5030.jpg,Telmidip,RxHand Original
img_5031.jpg,Telmidip,RxHand Original
img_5032.jpg,Telmiva,RxHand Original
img_5033.jpg,Telmivas,RxHand Original
img_5034.jpg,Telmivas,RxHand Original
img_5035.jpg,Telmocal,RxHand Original
img_5036.jpg,Temlonil,RxHand Original
img_5037.jpg,temo,RxHand Original
img_5038.jpg,Tendonil,RxHand Original
img_5039.jpg,Tenocab,RxHand Original
img_5040.jpg,Terbi max,RxHand Original
img_5041.jpg,Terbia,RxHand Original
img_5042.jpg,Terbikill,RxHand Original
img_5043.jpg,Termitan,RxHand Original
img_5044.jpg,Termitan,RxHand Original
img_5045.jpg,Tersilla-SR,RxHand Original
img_5046.jpg,Terxilla-SR,RxHand Original
img_5047.jpg,Tesfro max,RxHand Original
img_5048.jpg,Tevox 500,RxHand Original
img_5049.jpg,Texfro max,RxHand Original
img_5050.jpg,Texit,RxHand Original
img_5051.jpg,Texit,RxHand Original
img_5052.jpg,Texit,RxHand Original
img_5053.jpg,Texit,RxHand Original
img_5054.jpg,Texit,RxHand Original
img_5055.jpg,Texit,RxHand Original
img_5056.jpg,Texit,RxHand Original
img_5057.jpg,Texit,RxHand Original
img_5058.jpg,Texit,RxHand Original
img_5059.jpg,Texit,RxHand Original
img_5060.jpg,Texit,RxHand Original
img_5061.jpg,Texit,RxHand Original
img_5062.jpg,texit,RxHand Original
img_5063.jpg,texit,RxHand Original
img_5064.jpg,texit,RxHand Original
img_5065.jpg,texit,RxHand Original
img_5066.jpg,texit,RxHand Original
img_5067.jpg,texit,RxHand Original
img_5068.jpg,texit,RxHand Original
img_5069.jpg,texit,RxHand Original
img_5070.jpg,texit,RxHand Original
img_5071.jpg,texit,RxHand Original
img_5072.jpg,texit,RxHand Original
img_5073.jpg,texit,RxHand Original
img_5074.jpg,texit,RxHand Original
img_5075.jpg,texit,RxHand Original
img_5076.jpg,texit,RxHand Original
img_5077.jpg,texit,RxHand Original
img_5078.jpg,texit,RxHand Original
img_5079.jpg,texit,RxHand Original
img_5080.jpg,texit,RxHand Original
img_5081.jpg,texit,RxHand Original
img_5082.jpg,texit,RxHand Original
img_5083.jpg,texit,RxHand Original
img_5084.jpg,texit,RxHand Original
img_5085.jpg,texit,RxHand Original
img_5086.jpg,texit,RxHand Original
img_5087.jpg,texit,RxHand Original
img_5088.jpg,texit,RxHand Original
img_5089.jpg,texit,RxHand Original
img_5090.jpg,texit,RxHand Original
img_5091.jpg,Thyrox,RxHand Original
img_5092.jpg,Thyrox,RxHand Original
img_5093.jpg,Thyrox,RxHand Original
img_5094.jpg,Thyrox,RxHand Original
img_5095.jpg,Thyrox,RxHand Original
img_5096.jpg,Thyrox,RxHand Original
img_5097.jpg,Thyrox,RxHand Original
img_5098.jpg,Thyrox,RxHand Original
img_5099.jpg,Thyrox,RxHand Original
img_5100.jpg,Thyrox,RxHand Original
img_5101.jpg,Tiginor,RxHand Original
img_5102.jpg,Tiginor,RxHand Original
img_5103.jpg,Tiginor,RxHand Original
img_5104.jpg,Tigover,RxHand Original
img_5105.jpg,Timptin,RxHand Original
img_5106.jpg,t-mahon,RxHand Original
img_5107.jpg,Tmiptin,RxHand Original
img_5108.jpg,t-mycin,RxHand Original
img_5109.jpg,Tnaxyl,RxHand Original
img_5110.jpg,Tnaxyl,RxHand Original
img_5111.jpg,Tnplwpln,RxHand Original
img_5112.jpg,toco,RxHand Original
img_5113.jpg,toco,RxHand Original
img_5114.jpg,todef,RxHand Original
img_5115.jpg,Todet,RxHand Original
img_5116.jpg,Todol,RxHand Original
img_5117.jpg,Todol,RxHand Original
img_5118.jpg,todol,RxHand Original
img_5119.jpg,Tofen,RxHand Original
img_5120.jpg,Tofen,RxHand Original
img_5121.jpg,Tofen,RxHand Original
img_5122.jpg,Tofen,RxHand Original
img_5123.jpg,Tofen,RxHand Original
img_5124.jpg,tofen,RxHand Original
img_5125.jpg,tofen,RxHand Original
img_5126.jpg,tofen,RxHand Original
img_5127.jpg,Tojenta,RxHand Original
img_5128.jpg,Tomdolin,RxHand Original
img_5129.jpg,tomy,RxHand Original
img_5130.jpg,Tonlino,RxHand Original
img_5131.jpg,Top,RxHand Original
img_5132.jpg,Top,RxHand Original
img_5133.jpg,top,RxHand Original
img_5134.jpg,top,RxHand Original
img_5135.jpg,Topmate,RxHand Original
img_5136.jpg,Toradolin,RxHand Original
img_5137.jpg,Toradolin,RxHand Original
img_5138.jpg,toradolin,RxHand Original
img_5139.jpg,Toramax,RxHand Original
img_5140.jpg,Toramex,RxHand Original
img_5141.jpg,Toramex 10,RxHand Original
img_5142.jpg,Torat,RxHand Original
img_5143.jpg,Torax,RxHand Original
img_5144.jpg,Torax,RxHand Original
img_5145.jpg,Torax,RxHand Original
img_5146.jpg,Torax,RxHand Original
img_5147.jpg,Torax,RxHand Original
img_5148.jpg,Torax,RxHand Original
img_5149.jpg,Torax,RxHand Original
img_5150.jpg,Torax,RxHand Original
img_5151.jpg,Torax,RxHand Original
img_5152.jpg,Torax,RxHand Original
img_5153.jpg,Torax,RxHand Original
img_5154.jpg,torax,RxHand Original
img_5155.jpg,torax,RxHand Original
img_5156.jpg,torax,RxHand Original
img_5157.jpg,torax,RxHand Original
img_5158.jpg,torax,RxHand Original
img_5159.jpg,torax,RxHand Original
img_5160.jpg,torax,RxHand Original
img_5161.jpg,torax,RxHand Original
img_5162.jpg,torax,RxHand Original
img_5163.jpg,torax,RxHand Original
img_5164.jpg,torax,RxHand Original
img_5165.jpg,torax,RxHand Original
img_5166.jpg,torax,RxHand Original
img_5167.jpg,torax,RxHand Original
img_5168.jpg,torax,RxHand Original
img_5169.jpg,torax,RxHand Original
img_5170.jpg,torax,RxHand Original
img_5171.jpg,torax,RxHand Original
img_5172.jpg,torax,RxHand Original
img_5173.jpg,Torex,RxHand Original
img_5174.jpg,Torex,RxHand Original
img_5175.jpg,Torix,RxHand Original
img_5176.jpg,Tory,RxHand Original
img_5177.jpg,Tory,RxHand Original
img_5178.jpg,Tosou 50,RxHand Original
img_5179.jpg,toxit,RxHand Original
img_5180.jpg,TPC,RxHand Original
img_5181.jpg,TPC,RxHand Original
img_5182.jpg,Traxy 500,RxHand Original
img_5183.jpg,Traxyl,RxHand Original
img_5184.jpg,Traxyl,RxHand Original
img_5185.jpg,Traxyl,RxHand Original
img_5186.jpg,Traxyl,RxHand Original
img_5187.jpg,Traxyl,RxHand Original
img_5188.jpg,Traxyl,RxHand Original
img_5189.jpg,TRD Coutine,RxHand Original
img_5190.jpg,TRD Coutine,RxHand Original
img_5191.jpg,TRD Coutine,RxHand Original
img_5192.jpg,TRD Couture,RxHand Original
img_5193.jpg,TRD Couture,RxHand Original
img_5194.jpg,Trerox,RxHand Original
img_5195.jpg,Trevox,RxHand Original
img_5196.jpg,Trevox,RxHand Original
img_5197.jpg,Trevox,RxHand Original
img_5198.jpg,Trevox,RxHand Original
img_5199.jpg,Triject,RxHand Original
img_5200.jpg,Triject,RxHand Original
img_5201.jpg,Trilock,RxHand Original
img_5202.jpg,Trilock,RxHand Original
img_5203.jpg,Trilock,RxHand Original
img_5204.jpg,Trilock,RxHand Original
img_5205.jpg,Trilock 10,RxHand Original
img_5206.jpg,Trilock 10,RxHand Original
img_5207.jpg,Trilock 10,RxHand Original
img_5208.jpg,Trilock 10,RxHand Original
img_5209.jpg,Triolon,RxHand Original
img_5210.jpg,Triptin,RxHand Original
img_5211.jpg,Trizon,RxHand Original
img_5212.jpg,Trocar SR,RxHand Original
img_5213.jpg,trodolin,RxHand Original
img_5214.jpg,Troxyf,RxHand Original
img_5215.jpg,trum-3,RxHand Original
img_5216.jpg,trum-3,RxHand Original
img_5217.jpg,Trypt,RxHand Original
img_5218.jpg,Tryptim,RxHand Original
img_5219.jpg,Tryptin,RxHand Original
img_5220.jpg,Tryptin,RxHand Original
img_5221.jpg,Tryptin,RxHand Original
img_5222.jpg,Tryptin,RxHand Original
img_5223.jpg,Tryptin,RxHand Original
img_5224.jpg,Tryptin,RxHand Original
img_5225.jpg,Tryptin,RxHand Original
img_5226.jpg,Tryptin,RxHand Original
img_5227.jpg,Tryptin,RxHand Original
img_5228.jpg,Tryptin,RxHand Original
img_5229.jpg,Tryptin,RxHand Original
img_5230.jpg,tryptin,RxHand Original
img_5231.jpg,tryptin,RxHand Original
img_5232.jpg,Tryptin Plus,RxHand Original
img_5233.jpg,Turboclav,RxHand Original
img_5234.jpg,turboclav,RxHand Original
img_5235.jpg,Tuspel,RxHand Original
img_5236.jpg,Tuspel,RxHand Original
img_5237.jpg,Tuspel,RxHand Original
img_5238.jpg,Tuspel,RxHand Original
img_5239.jpg,tyclav,RxHand Original
img_5240.jpg,Tyclav,RxHand Original
img_5241.jpg,Ubi Core,RxHand Original
img_5242.jpg,Ubi Core,RxHand Original
img_5243.jpg,ubicore E,RxHand Original
img_5244.jpg,ucof,RxHand Original
img_5245.jpg,ucrafate,RxHand Original
img_5246.jpg,Uful Dx,RxHand Original
img_5247.jpg,Ulfix,RxHand Original
img_5248.jpg,uliv,RxHand Original
img_5249.jpg,uliv,RxHand Original
img_5250.jpg,uliv,RxHand Original
img_5251.jpg,uliv,RxHand Original
img_5252.jpg,uliv 1,RxHand Original
img_5253.jpg,uliv 150,RxHand Original
img_5254.jpg,uliv150,RxHand Original
img_5255.jpg,Ultrox,RxHand Original
img_5256.jpg,Unatin,RxHand Original
img_5257.jpg,Unatin,RxHand Original
img_5258.jpg,unbery,RxHand Original
img_5259.jpg,Unomax,RxHand Original
img_5260.jpg,Uric Acid,RxHand Original
img_5261.jpg,uriset,RxHand Original
img_5262.jpg,Ursocol,RxHand Original
img_5263.jpg,Ursocol,RxHand Original
img_5264.jpg,Utifos,RxHand Original
img_5265.jpg,Utromeg,RxHand Original
img_5266.jpg,Utromeg,RxHand Original
img_5267.jpg,Valex,RxHand Original
img_5268.jpg,Valex CR,RxHand Original
img_5269.jpg,Valic CR,RxHand Original
img_5270.jpg,valix CR,RxHand Original
img_5271.jpg,Vancomycin,RxHand Original
img_5272.jpg,Vancomycin,RxHand Original
img_5273.jpg,Vancomycin,RxHand Original
img_5274.jpg,Vancomycin,RxHand Original
img_5275.jpg,vancomycin,RxHand Original
img_5276.jpg,vancomycin,RxHand Original
img_5277.jpg,vaptam,RxHand Original
img_5278.jpg,VASCO,RxHand Original
img_5279.jpg,Vasco,RxHand Original
img_5280.jpg,Vasco,RxHand Original
img_5281.jpg,vasco,RxHand Original
img_5282.jpg,vasco,RxHand Original
img_5283.jpg,vasco,RxHand Original
img_5284.jpg,vasco,RxHand Original
img_5285.jpg,vasco,RxHand Original
img_5286.jpg,vasco,RxHand Original
img_5287.jpg,vasco,RxHand Original
img_5288.jpg,vasco,RxHand Original
img_5289.jpg,vasco,RxHand Original
img_5290.jpg,vasco,RxHand Original
img_5291.jpg,vasco,RxHand Original
img_5292.jpg,vaxitet,RxHand Original
img_5293.jpg,vbi care,RxHand Original
img_5294.jpg,v-cal-2,RxHand Original
img_5295.jpg,Velcal,RxHand Original
img_5296.jpg,vergon,RxHand Original
img_5297.jpg,Vergon,RxHand Original
img_5298.jpg,Vergon,RxHand Original
img_5299.jpg,vergon,RxHand Original
img_5300.jpg,vergun,RxHand Original
img_5301.jpg,verqon,RxHand Original
img_5302.jpg,Vibrenta,RxHand Original
img_5303.jpg,Vidamef,RxHand Original
img_5304.jpg,Vifas,RxHand Original
img_5305.jpg,vigfimef,RxHand Original
img_5306.jpg,vigfimef,RxHand Original
img_5307.jpg,vigfimef,RxHand Original
img_5308.jpg,vigfimet,RxHand Original
img_5309.jpg,viglimef,RxHand Original
img_5310.jpg,viglimet,RxHand Original
img_5311.jpg,viglimet,RxHand Original
img_5312.jpg,vigorex,RxHand Original
img_5313.jpg,vigorex,RxHand Original
img_5314.jpg,vigorex,RxHand Original
img_5315.jpg,vigorex,RxHand Original
img_5316.jpg,vigorex,RxHand Original
img_5317.jpg,vigorex,RxHand Original
img_5318.jpg,vigorex 50,RxHand Original
img_5319.jpg,vigorey,RxHand Original
img_5320.jpg,vildamef,RxHand Original
img_5321.jpg,vildamef,RxHand Original
img_5322.jpg,vildamef,RxHand Original
img_5323.jpg,vildamef,RxHand Original
img_5324.jpg,vildamef,RxHand Original
img_5325.jpg,vildamef,RxHand Original
img_5326.jpg,Vildamet,RxHand Original
img_5327.jpg,vildamet,RxHand Original
img_5328.jpg,Vineet,RxHand Original
img_5329.jpg,viodin,RxHand Original
img_5330.jpg,viodin,RxHand Original
img_5331.jpg,viscxywgxne,RxHand Original
img_5332.jpg,visel,RxHand Original
img_5333.jpg,viset,RxHand Original
img_5334.jpg,viset,RxHand Original
img_5335.jpg,viset,RxHand Original
img_5336.jpg,visnon,RxHand Original
img_5337.jpg,vitabin,RxHand Original
img_5338.jpg,vitabion,RxHand Original
img_5339.jpg,vofifew qel,RxHand Original
img_5340.jpg,Voligel,RxHand Original
img_5341.jpg,Voligel,RxHand Original
img_5342.jpg,Voligel,RxHand Original
img_5343.jpg,voligel,RxHand Original
img_5344.jpg,Voligel Max,RxHand Original
img_5345.jpg,Voligel.Max,RxHand Original
img_5346.jpg,Volinac,RxHand Original
img_5347.jpg,volirac max,RxHand Original
img_5348.jpg,Voltalin,RxHand Original
img_5349.jpg,Voltalin,RxHand Original
img_5350.jpg,voltalin,RxHand Original
img_5351.jpg,Voltalin,RxHand Original
img_5352.jpg,Voltalin,RxHand Original
img_5353.jpg,Voltalin,RxHand Original
img_5354.jpg,Voltalin,RxHand Original
img_5355.jpg,Voltalin,RxHand Original
img_5356.jpg,Voltalin,RxHand Original
img_5357.jpg,Voltalin,RxHand Original
img_5358.jpg,Voltalin,RxHand Original
img_5359.jpg,Voltalin,RxHand Original
img_5360.jpg,Voltalin,RxHand Original
img_5361.jpg,Voltalin,RxHand Original
img_5362.jpg,Voltalin,RxHand Original
img_5363.jpg,Voltalin,RxHand Original
img_5364.jpg,Voltalin,RxHand Original
img_5365.jpg,Voltalin,RxHand Original
img_5366.jpg,Voltalin,RxHand Original
img_5367.jpg,Voltalin,RxHand Original
img_5368.jpg,Voltalin,RxHand Original
img_5369.jpg,Voltalin,RxHand Original
img_5370.jpg,Voltalin,RxHand Original
img_5371.jpg,Voltalin,RxHand Original
img_5372.jpg,Voltalin,RxHand Original
img_5373.jpg,Voltalin,RxHand Original
img_5374.jpg,Voltalin,RxHand Original
img_5375.jpg,Voltalin,RxHand Original
img_5376.jpg,Voltalin,RxHand Original
img_5377.jpg,Voltalin,RxHand Original
img_5378.jpg,Voltalin,RxHand Original
img_5379.jpg,Voltalin,RxHand Original
img_5380.jpg,Voltalin,RxHand Original
img_5381.jpg,Voltalin,RxHand Original
img_5382.jpg,Voltalin,RxHand Original
img_5383.jpg,Voltalin,RxHand Original
img_5384.jpg,Voltalin,RxHand Original
img_5385.jpg,Voltalin,RxHand Original
img_5386.jpg,Voltalin,RxHand Original
img_5387.jpg,Voltalin,RxHand Original
img_5388.jpg,Voltalin,RxHand Original
img_5389.jpg,Voltalin,RxHand Original
img_5390.jpg,Voltalin,RxHand Original
img_5391.jpg,Voltalin,RxHand Original
img_5392.jpg,Voltalin,RxHand Original
img_5393.jpg,Voltalin,RxHand Original
img_5394.jpg,Voltalin,RxHand Original
img_5395.jpg,voltalin,RxHand Original
img_5396.jpg,voltalin,RxHand Original
img_5397.jpg,voltalin,RxHand Original
img_5398.jpg,voltalin,RxHand Original
img_5399.jpg,voltalin,RxHand Original
img_5400.jpg,voltalin,RxHand Original
img_5401.jpg,voltalin,RxHand Original
img_5402.jpg,voltalin,RxHand Original
img_5403.jpg,voltalin,RxHand Original
img_5404.jpg,voltalin,RxHand Original
img_5405.jpg,voltalin,RxHand Original
img_5406.jpg,voltalin,RxHand Original
img_5407.jpg,voltalin,RxHand Original
img_5408.jpg,voltalin,RxHand Original
img_5409.jpg,voltalin,RxHand Original
img_5410.jpg,voltalin,RxHand Original
img_5411.jpg,voltalin,RxHand Original
img_5412.jpg,voltalin,RxHand Original
img_5413.jpg,voltalin,RxHand Original
img_5414.jpg,voltalin,RxHand Original
img_5415.jpg,voltalin,RxHand Original
img_5416.jpg,voltalin,RxHand Original
img_5417.jpg,voltalin,RxHand Original
img_5418.jpg,voltalin,RxHand Original
img_5419.jpg,voltalin,RxHand Original
img_5420.jpg,voltalin,RxHand Original
img_5421.jpg,voltalin,RxHand Original
img_5422.jpg,voltalin,RxHand Original
img_5423.jpg,voltalin,RxHand Original
img_5424.jpg,voltalin,RxHand Original
img_5425.jpg,voltalin,RxHand Original
img_5426.jpg,voltalin,RxHand Original
img_5427.jpg,voltalin,RxHand Original
img_5428.jpg,Voltalin -D,RxHand Original
img_5429.jpg,Voltalin Syrup,RxHand Original
img_5430.jpg,Voltalin,RxHand Original
img_5431.jpg,Vonacab,RxHand Original
img_5432.jpg,Vonocab,RxHand Original
img_5433.jpg,Vonocab,RxHand Original
img_5434.jpg,Vonocab,RxHand Original
img_5435.jpg,Vonocab,RxHand Original
img_5436.jpg,Vonocab,RxHand Original
img_5437.jpg,Vonocab,RxHand Original
img_5438.jpg,Vonocab,RxHand Original
img_5439.jpg,Vonocab,RxHand Original
img_5440.jpg,Vonocab,RxHand Original
img_5441.jpg,Vonocab,RxHand Original
img_5442.jpg,Vonocab,RxHand Original
img_5443.jpg,Vonocab,RxHand Original
img_5444.jpg,Vonocab,RxHand Original
img_5445.jpg,Vonocab,RxHand Original
img_5446.jpg,Vonocab,RxHand Original
img_5447.jpg,Vonocab,RxHand Original
img_5448.jpg,vonocab,RxHand Original
img_5449.jpg,vonocab,RxHand Original
img_5450.jpg,vonocab,RxHand Original
img_5451.jpg,Vonorab,RxHand Original
img_5452.jpg,Vorifast,RxHand Original
img_5453.jpg,Vorinox,RxHand Original
img_5454.jpg,vorinox,RxHand Original
img_5455.jpg,vorirox,RxHand Original
img_5456.jpg,VoxBone,RxHand Original
img_5457.jpg,voxbone,RxHand Original
img_5458.jpg,voxbone,RxHand Original
img_5459.jpg,voxbone,RxHand Original
img_5460.jpg,voxbone,RxHand Original
img_5461.jpg,V-plex,RxHand Original
img_5462.jpg,V-plex,RxHand Original
img_5463.jpg,V-plex,RxHand Original
img_5464.jpg,vurocare S R,RxHand Original
img_5465.jpg,wficore,RxHand Original
img_5466.jpg,wfiCore,RxHand Original
img_5467.jpg,wfiCore,RxHand Original
img_5468.jpg,Wfolil plm,RxHand Original
img_5469.jpg,Wiflex,RxHand Original
img_5470.jpg,windel plus,RxHand Original
img_5471.jpg,windel plus,RxHand Original
img_5472.jpg,windel plus,RxHand Original
img_5473.jpg,windel plus,RxHand Original
img_5474.jpg,windel plus,RxHand Original
img_5475.jpg,windel plus,RxHand Original
img_5476.jpg,windel plus,RxHand Original
img_5477.jpg,windel plus,RxHand Original
img_5478.jpg,windel plus,RxHand Original
img_5479.jpg,windel plus,RxHand Original
img_5480.jpg,windel plus,RxHand Original
img_5481.jpg,Xamic,RxHand Original
img_5482.jpg,Xamic,RxHand Original
img_5483.jpg,Xamic,RxHand Original
img_5484.jpg,xamic,RxHand Original
img_5485.jpg,Xanna,RxHand Original
img_5486.jpg,Xanra,RxHand Original
img_5487.jpg,Xanra,RxHand Original
img_5488.jpg,Xanra,RxHand Original
img_5489.jpg,x-dol,RxHand Original
img_5490.jpg,X-fen,RxHand Original
img_5491.jpg,Xinc,RxHand Original
img_5492.jpg,Xinc,RxHand Original
img_5493.jpg,Xinc,RxHand Original
img_5494.jpg,Xinc,RxHand Original
img_5495.jpg,xinc,RxHand Original
img_5496.jpg,xinc,RxHand Original
img_5497.jpg,Xinc,RxHand Original
img_5498.jpg,Xinc,RxHand Original
img_5499.jpg,Xinc,RxHand Original
img_5500.jpg,Xinc,RxHand Original
img_5501.jpg,xinc,RxHand Original
img_5502.jpg,xinc,RxHand Original
img_5503.jpg,xinc,RxHand Original
img_5504.jpg,xinc ,RxHand Original
img_5505.jpg,xinc ,RxHand Original
img_5506.jpg,xinc B,RxHand Original
img_5507.jpg,xinc B,RxHand Original
img_5508.jpg,xinc B,RxHand Original
img_5509.jpg,xinc B,RxHand Original
img_5510.jpg,Xinc B,RxHand Original
img_5511.jpg,Xinc B,RxHand Original
img_5512.jpg,Xinc B,RxHand Original
img_5513.jpg,xinc B,RxHand Original
img_5514.jpg,xinc B,RxHand Original
img_5515.jpg,xinc B,RxHand Original
img_5516.jpg,Xinc B,RxHand Original
img_5517.jpg,Xinc B,RxHand Original
img_5518.jpg,Xinc B,RxHand Original
img_5519.jpg,Xinc B,RxHand Original
img_5520.jpg,Xinc B,RxHand Original
img_5521.jpg,Xinc B,RxHand Original
img_5522.jpg,Xinc B,RxHand Original
img_5523.jpg,Xinc B,RxHand Original
img_5524.jpg,xinc b,RxHand Original
img_5525.jpg,xinc b,RxHand Original
img_5526.jpg,xinc b,RxHand Original
img_5527.jpg,xinc b,RxHand Original
img_5528.jpg,xinc b,RxHand Original
img_5529.jpg,xinc b,RxHand Original
img_5530.jpg,xinc b,RxHand Original
img_5531.jpg,xinc b,RxHand Original
img_5532.jpg,xinc b,RxHand Original
img_5533.jpg,xinc b,RxHand Original
img_5534.jpg,xinc b,RxHand Original
img_5535.jpg,xinc b,RxHand Original
img_5536.jpg,xinc b,RxHand Original
img_5537.jpg,xinc b,RxHand Original
img_5538.jpg,xinc b,RxHand Original
img_5539.jpg,xinc b,RxHand Original
img_5540.jpg,xinc b,RxHand Original
img_5541.jpg,xinc b,RxHand Original
img_5542.jpg,xinc b,RxHand Original
img_5543.jpg,xinc b,RxHand Original
img_5544.jpg,xinc b,RxHand Original
img_5545.jpg,xinc b,RxHand Original
img_5546.jpg,xinc b,RxHand Original
img_5547.jpg,xinc b,RxHand Original
img_5548.jpg,xinc b,RxHand Original
img_5549.jpg,xinc b,RxHand Original
img_5550.jpg,xinc b,RxHand Original
img_5551.jpg,xinc b,RxHand Original
img_5552.jpg,xinc b,RxHand Original
img_5553.jpg,xinc b,RxHand Original
img_5554.jpg,xinc b,RxHand Original
img_5555.jpg,xinc b,RxHand Original
img_5556.jpg,xinc b,RxHand Original
img_5557.jpg,Xinc B,RxHand Original
img_5558.jpg,Xinc-B,RxHand Original
img_5559.jpg,Xinc-B,RxHand Original
img_5560.jpg,Xiva,RxHand Original
img_5561.jpg,Xiva,RxHand Original
img_5562.jpg,Xiva,RxHand Original
img_5563.jpg,Xiva,RxHand Original
img_5564.jpg,Xiva,RxHand Original
img_5565.jpg,Xolpro,RxHand Original
img_5566.jpg,Xone-B,RxHand Original
img_5567.jpg,X-ray,RxHand Original
img_5568.jpg,X-ray C/S,RxHand Original
img_5569.jpg,Xrlpro,RxHand Original
img_5570.jpg,Xyflo,RxHand Original
img_5571.jpg,Xyflo,RxHand Original
img_5572.jpg,Xyflo,RxHand Original
img_5573.jpg,xyflo,RxHand Original
img_5574.jpg,Xyflo,RxHand Original
img_5575.jpg,xyflo,RxHand Original
img_5576.jpg,Xyflo,RxHand Original
img_5577.jpg,Xyflo,RxHand Original
img_5579.jpg,xyflo,RxHand Original
img_5581.jpg,Xylio,RxHand Original
img_5582.jpg,Xyril,RxHand Original
img_5583.jpg,Xyril,RxHand Original
img_5584.jpg,Xyril,RxHand Original
img_5585.jpg,Xyril,RxHand Original
img_5586.jpg,Xyril,RxHand Original
img_5587.jpg,xyril,RxHand Original
img_5588.jpg,xyril,RxHand Original
img_5589.jpg,xyril,RxHand Original
img_5590.jpg,xyril,RxHand Original
img_5591.jpg,xyril,RxHand Original
img_5592.jpg,xyril,RxHand Original
img_5594.jpg,xyrl 10,RxHand Original
img_5595.jpg,Yonocab,RxHand Original
img_5596.jpg,Zenup,RxHand Original
img_5597.jpg,zerup,RxHand Original
img_5598.jpg,Zesup,RxHand Original
img_5599.jpg,Zesup,RxHand Original
img_5600.jpg,Zesup,RxHand Original
img_5601.jpg,Zesup,RxHand Original
img_5602.jpg,Zesup,RxHand Original
img_5603.jpg,Zesup,RxHand Original
img_5604.jpg,zif-ci,RxHand Original
img_5605.jpg,Zimax,RxHand Original
img_5606.jpg,Zimax,RxHand Original
img_5607.jpg,Zimax,RxHand Original
img_5608.jpg,Zimax,RxHand Original
img_5609.jpg,zimax,RxHand Original
img_5610.jpg,zimax,RxHand Original
img_5611.jpg,Zimax,RxHand Original
img_5612.jpg,Zimax,RxHand Original
img_5613.jpg,zimax,RxHand Original
img_5614.jpg,Zimax,RxHand Original
img_5615.jpg,Zimax,RxHand Original
img_5616.jpg,Zimax,RxHand Original
img_5617.jpg,Zimax,RxHand Original
img_5618.jpg,Zimax,RxHand Original
img_5619.jpg,zimax,RxHand Original
img_5620.jpg,Zinax,RxHand Original
img_5621.jpg,zinc b,RxHand Original
img_5622.jpg,Zit A,RxHand Original
img_5623.jpg,zithrox,RxHand Original
img_5624.jpg,zithrox,RxHand Original
img_5625.jpg,Zo.mups 20,RxHand Original
img_5626.jpg,Zo.mups 20,RxHand Original
img_5627.jpg,Zo.mups 20,RxHand Original
img_5628.jpg,Zo.mups 20,RxHand Original
img_5629.jpg,Zo.mups 20,RxHand Original
img_5630.jpg,Zo.mups 20,RxHand Original
img_5631.jpg,Zo.mups 20,RxHand Original
img_5632.jpg,Zodep,RxHand Original
img_5633.jpg,Zolfin,RxHand Original
img_5634.jpg,Zolfin,RxHand Original
img_5635.jpg,Zolfin,RxHand Original
img_5636.jpg,Zolhivm 5,RxHand Original
img_5637.jpg,Zolivox,RxHand Original
img_5638.jpg,Zollium  ,RxHand Original
img_5639.jpg,Zollium  ,RxHand Original
img_5640.jpg,Zollium  ,RxHand Original
img_5641.jpg,Zollium 0.5,RxHand Original
img_5642.jpg,Zo-mups,RxHand Original
img_5643.jpg,Zo-mups,RxHand Original
img_5644.jpg,Zo-mups,RxHand Original
img_5645.jpg,Zovia,RxHand Original
img_5646.jpg,Zovic Gold,RxHand Original
img_5647.jpg,Zovic Gold,RxHand Original
img_5648.jpg,Zox,RxHand Original
img_5649.jpg,Zymat Pro,RxHand Original
img_5650.jpg,Zymef,RxHand Original
img_5651.jpg,Zymef,RxHand Original
img_5652.jpg,Zymef  ,RxHand Original
img_5653.jpg,Zymef Pro,RxHand Original
img_5654.jpg,Zymef Pro,RxHand Original
img_5655.jpg,Zymef Pro,RxHand Original
img_5656.jpg,Zymef-Pro,RxHand Original
img_5657.jpg,Zymet,RxHand Original
img_5658.jpg,Zymet,RxHand Original
img_5659.jpg,Zymet ,RxHand Original
img_5660.jpg,Zymet Pro,RxHand Original
img_5661.jpg,Zymet Pro,RxHand Original
img_5662.jpg,Zymet Pro,RxHand Original
img_5663.jpg,Zymetpro,RxHand Original
img_5664.jpg,?icrogent,RxHand Original
img_5665.jpg,??r??,RxHand Original
img_5666.jpg,??r??,RxHand Original
img_5667.jpg,???,RxHand Original
img_5668.png,Aceta,Testing
img_5669.png,Aceta,Testing
img_5670.png,Aceta,Testing
img_5671.png,Aceta,Testing
img_5672.png,Aceta,Testing
img_5673.png,Aceta,Testing
img_5674.png,Aceta,Testing
img_5675.png,Aceta,Testing
img_5676.png,Aceta,Testing
img_5677.png,Aceta,Testing
img_5678.png,Ace,Testing
img_5679.png,Ace,Testing
img_5680.png,Ace,Testing
img_5681.png,Ace,Testing
img_5682.png,Ace,Testing
img_5683.png,Ace,Testing
img_5684.png,Ace,Testing
img_5685.png,Ace,Testing
img_5686.png,Ace,Testing
img_5687.png,Ace,Testing
img_5688.png,Alatrol,Testing
img_5689.png,Alatrol,Testing
img_5690.png,Alatrol,Testing
img_5691.png,Alatrol,Testing
img_5692.png,Alatrol,Testing
img_5693.png,Alatrol,Testing
img_5694.png,Alatrol,Testing
img_5695.png,Alatrol,Testing
img_5696.png,Alatrol,Testing
img_5697.png,Alatrol,Testing
img_5698.png,Amodis,Testing
img_5699.png,Amodis,Testing
img_5700.png,Amodis,Testing
img_5701.png,Amodis,Testing
img_5702.png,Amodis,Testing
img_5703.png,Amodis,Testing
img_5704.png,Amodis,Testing
img_5705.png,Amodis,Testing
img_5706.png,Amodis,Testing
img_5707.png,Amodis,Testing
img_5708.png,Atrizin,Testing
img_5709.png,Atrizin,Testing
img_5710.png,Atrizin,Testing
img_5712.png,Atrizin,Testing
img_5713.png,Atrizin,Testing
img_5714.png,Atrizin,Testing
img_5715.png,Atrizin,Testing
img_5716.png,Atrizin,Testing
img_5717.png,Atrizin,Testing
img_5718.png,Axodin,Testing
img_5719.png,Axodin,Testing
img_5720.png,Axodin,Testing
img_5721.png,Axodin,Testing
img_5722.png,Axodin,Testing
img_5723.png,Axodin,Testing
img_5724.png,Axodin,Testing
img_5725.png,Axodin,Testing
img_5726.png,Axodin,Testing
img_5727.png,Axodin,Testing
img_5728.png,Azithrocin,Testing
img_5729.png,Azithrocin,Testing
img_5730.png,Azithrocin,Testing
img_5731.png,Azithrocin,Testing
img_5732.png,Azithrocin,Testing
img_5733.png,Azithrocin,Testing
img_5734.png,Azithrocin,Testing
img_5735.png,Azithrocin,Testing
img_5736.png,Azithrocin,Testing
img_5737.png,Azithrocin,Testing
img_5738.png,Azyth,Testing
img_5739.png,Azyth,Testing
img_5740.png,Azyth,Testing
img_5741.png,Azyth,Testing
img_5742.png,Azyth,Testing
img_5743.png,Azyth,Testing
img_5744.png,Azyth,Testing
img_5745.png,Azyth,Testing
img_5746.png,Azyth,Testing
img_5747.png,Azyth,Testing
img_5748.png,Az,Testing
img_5749.png,Az,Testing
img_5750.png,Az,Testing
img_5751.png,Az,Testing
img_5752.png,Az,Testing
img_5753.png,Az,Testing
img_5754.png,Az,Testing
img_5755.png,Az,Testing
img_5756.png,Az,Testing
img_5757.png,Az,Testing
img_5758.png,Bacaid,Testing
img_5759.png,Bacaid,Testing
img_5760.png,Bacaid,Testing
img_5761.png,Bacaid,Testing
img_5762.png,Bacaid,Testing
img_5763.png,Bacaid,Testing
img_5764.png,Bacaid,Testing
img_5765.png,Bacaid,Testing
img_5766.png,Bacaid,Testing
img_5767.png,Bacaid,Testing
img_5768.png,Backtone,Testing
img_5769.png,Backtone,Testing
img_5770.png,Backtone,Testing
img_5771.png,Backtone,Testing
img_5772.png,Backtone,Testing
img_5773.png,Backtone,Testing
img_5774.png,Backtone,Testing
img_5775.png,Backtone,Testing
img_5776.png,Backtone,Testing
img_5778.png,Baclofen,Testing
img_5779.png,Baclofen,Testing
img_5780.png,Baclofen,Testing
img_5781.png,Baclofen,Testing
img_5782.png,Baclofen,Testing
img_5783.png,Baclofen,Testing
img_5784.png,Baclofen,Testing
img_5785.png,Baclofen,Testing
img_5786.png,Baclofen,Testing
img_5787.png,Baclofen,Testing
img_5788.png,Baclon,Testing
img_5789.png,Baclon,Testing
img_5790.png,Baclon,Testing
img_5791.png,Baclon,Testing
img_5792.png,Baclon,Testing
img_5793.png,Baclon,Testing
img_5795.png,Baclon,Testing
img_5796.png,Baclon,Testing
img_5797.png,Baclon,Testing
img_5798.png,Bacmax,Testing
img_5799.png,Bacmax,Testing
img_5800.png,Bacmax,Testing
img_5801.png,Bacmax,Testing
img_5802.png,Bacmax,Testing
img_5803.png,Bacmax,Testing
img_5804.png,Bacmax,Testing
img_5805.png,Bacmax,Testing
img_5806.png,Bacmax,Testing
img_5807.png,Bacmax,Testing
img_5808.png,Beklo,Testing
img_5809.png,Beklo,Testing
img_5810.png,Beklo,Testing
img_5811.png,Beklo,Testing
img_5812.png,Beklo,Testing
img_5813.png,Beklo,Testing
img_5814.png,Beklo,Testing
img_5815.png,Beklo,Testing
img_5816.png,Beklo,Testing
img_5817.png,Beklo,Testing
img_5818.png,Bicozin,Testing
img_5819.png,Bicozin,Testing
img_5821.png,Bicozin,Testing
img_5822.png,Bicozin,Testing
img_5823.png,Bicozin,Testing
img_5824.png,Bicozin,Testing
img_5825.png,Bicozin,Testing
img_5826.png,Bicozin,Testing
img_5827.png,Bicozin,Testing
img_5828.png,Canazole,Testing
img_5829.png,Canazole,Testing
img_5830.png,Canazole,Testing
img_5831.png,Canazole,Testing
img_5832.png,Canazole,Testing
img_5833.png,Canazole,Testing
img_5834.png,Canazole,Testing
img_5835.png,Canazole,Testing
img_5836.png,Canazole,Testing
img_5837.png,Canazole,Testing
img_5838.png,Candinil,Testing
img_5839.png,Candinil,Testing
img_5840.png,Candinil,Testing
img_5841.png,Candinil,Testing
img_5842.png,Candinil,Testing
img_5843.png,Candinil,Testing
img_5844.png,Candinil,Testing
img_5845.png,Candinil,Testing
img_5846.png,Candinil,Testing
img_5847.png,Candinil,Testing
img_5848.png,Cetisoft,Testing
img_5849.png,Cetisoft,Testing
img_5850.png,Cetisoft,Testing
img_5851.png,Cetisoft,Testing
img_5852.png,Cetisoft,Testing
img_5853.png,Cetisoft,Testing
img_5854.png,Cetisoft,Testing
img_5855.png,Cetisoft,Testing
img_5856.png,Cetisoft,Testing
img_5857.png,Cetisoft,Testing
img_5858.png,Conaz,Testing
img_5859.png,Conaz,Testing
img_5860.png,Conaz,Testing
img_5861.png,Conaz,Testing
img_5862.png,Conaz,Testing
img_5863.png,Conaz,Testing
img_5864.png,Conaz,Testing
img_5865.png,Conaz,Testing
img_5866.png,Conaz,Testing
img_5867.png,Conaz,Testing
img_5868.png,Dancel,Testing
img_5869.png,Dancel,Testing
img_5870.png,Dancel,Testing
img_5871.png,Dancel,Testing
img_5872.png,Dancel,Testing
img_5873.png,Dancel,Testing
img_5874.png,Dancel,Testing
img_5875.png,Dancel,Testing
img_5876.png,Dancel,Testing
img_5877.png,Dancel,Testing
img_5878.png,Denixil,Testing
img_5879.png,Denixil,Testing
img_5881.png,Denixil,Testing
img_5882.png,Denixil,Testing
img_5883.png,Denixil,Testing
img_5886.png,Denixil,Testing
img_5887.png,Denixil,Testing
img_5888.png,Diflu,Testing
img_5889.png,Diflu,Testing
img_5891.png,Diflu,Testing
img_5892.png,Diflu,Testing
img_5893.png,Diflu,Testing
img_5894.png,Diflu,Testing
img_5895.png,Diflu,Testing
img_5896.png,Diflu,Testing
img_5897.png,Diflu,Testing
img_5898.png,Dinafex,Testing
img_5899.png,Dinafex,Testing
img_5900.png,Dinafex,Testing
img_5901.png,Dinafex,Testing
img_5902.png,Dinafex,Testing
img_5903.png,Dinafex,Testing
img_5904.png,Dinafex,Testing
img_5905.png,Dinafex,Testing
img_5908.png,Disopan,Testing
img_5909.png,Disopan,Testing
img_5910.png,Disopan,Testing
img_5911.png,Disopan,Testing
img_5912.png,Disopan,Testing
img_5913.png,Disopan,Testing
img_5914.png,Disopan,Testing
img_5915.png,Disopan,Testing
img_5916.png,Disopan,Testing
img_5917.png,Disopan,Testing
img_5918.png,Esonix,Testing
img_5919.png,Esonix,Testing
img_5920.png,Esonix,Testing
img_5921.png,Esonix,Testing
img_5922.png,Esonix,Testing
img_5923.png,Esonix,Testing
img_5924.png,Esonix,Testing
img_5925.png,Esonix,Testing
img_5926.png,Esonix,Testing
img_5927.png,Esonix,Testing
img_5928.png,Esoral,Testing
img_5929.png,Esoral,Testing
img_5930.png,Esoral,Testing
img_5931.png,Esoral,Testing
img_5932.png,Esoral,Testing
img_5933.png,Esoral,Testing
img_5934.png,Esoral,Testing
img_5935.png,Esoral,Testing
img_5936.png,Esoral,Testing
img_5937.png,Esoral,Testing
img_5938.png,Etizin,Testing
img_5939.png,Etizin,Testing
img_5940.png,Etizin,Testing
img_5941.png,Etizin,Testing
img_5942.png,Etizin,Testing
img_5943.png,Etizin,Testing
img_5944.png,Etizin,Testing
img_5945.png,Etizin,Testing
img_5946.png,Etizin,Testing
img_5947.png,Etizin,Testing
img_5948.png,Exium,Testing
img_5949.png,Exium,Testing
img_5950.png,Exium,Testing
img_5951.png,Exium,Testing
img_5952.png,Exium,Testing
img_5953.png,Exium,Testing
img_5955.png,Exium,Testing
img_5956.png,Exium,Testing
img_5957.png,Exium,Testing
img_5958.png,Fenadin,Testing
img_5960.png,Fenadin,Testing
img_5961.png,Fenadin,Testing
img_5962.png,Fenadin,Testing
img_5963.png,Fenadin,Testing
img_5965.png,Fenadin,Testing
img_5966.png,Fenadin,Testing
img_5967.png,Fenadin,Testing
img_5968.png,Fexofast,Testing
img_5969.png,Fexofast,Testing
img_5970.png,Fexofast,Testing
img_5971.png,Fexofast,Testing
img_5972.png,Fexofast,Testing
img_5973.png,Fexofast,Testing
img_5974.png,Fexofast,Testing
img_5975.png,Fexofast,Testing
img_5976.png,Fexofast,Testing
img_5977.png,Fexofast,Testing
img_5978.png,Fexo,Testing
img_5979.png,Fexo,Testing
img_5980.png,Fexo,Testing
img_5981.png,Fexo,Testing
img_5982.png,Fexo,Testing
img_5983.png,Fexo,Testing
img_5984.png,Fexo,Testing
img_5985.png,Fexo,Testing
img_5986.png,Fexo,Testing
img_5987.png,Fexo,Testing
img_5988.png,Filmet,Testing
img_5989.png,Filmet,Testing
img_5990.png,Filmet,Testing
img_5991.png,Filmet,Testing
img_5992.png,Filmet,Testing
img_5993.png,Filmet,Testing
img_5994.png,Filmet,Testing
img_5995.png,Filmet,Testing
img_5996.png,Filmet,Testing
img_5997.png,Filmet,Testing
img_5998.png,Fixal,Testing
img_5999.png,Fixal,Testing
img_6000.png,Fixal,Testing
img_6001.png,Fixal,Testing
img_6002.png,Fixal,Testing
img_6003.png,Fixal,Testing
img_6004.png,Fixal,Testing
img_6005.png,Fixal,Testing
img_6006.png,Fixal,Testing
img_6007.png,Fixal,Testing
img_6008.png,Flamyd,Testing
img_6009.png,Flamyd,Testing
img_6010.png,Flamyd,Testing
img_6011.png,Flamyd,Testing
img_6012.png,Flamyd,Testing
img_6013.png,Flamyd,Testing
img_6014.png,Flamyd,Testing
img_6015.png,Flamyd,Testing
img_6016.png,Flamyd,Testing
img_6017.png,Flamyd,Testing
img_6018.png,Flexibac,Testing
img_6019.png,Flexibac,Testing
img_6020.png,Flexibac,Testing
img_6022.png,Flexibac,Testing
img_6023.png,Flexibac,Testing
img_6024.png,Flexibac,Testing
img_6025.png,Flexibac,Testing
img_6026.png,Flexibac,Testing
img_6027.png,Flexibac,Testing
img_6028.png,Flexilax,Testing
img_6029.png,Flexilax,Testing
img_6031.png,Flexilax,Testing
img_6032.png,Flexilax,Testing
img_6033.png,Flexilax,Testing
img_6034.png,Flexilax,Testing
img_6035.png,Flexilax,Testing
img_6036.png,Flexilax,Testing
img_6037.png,Flexilax,Testing
img_6038.png,Flugal,Testing
img_6039.png,Flugal,Testing
img_6040.png,Flugal,Testing
img_6041.png,Flugal,Testing
img_6042.png,Flugal,Testing
img_6043.png,Flugal,Testing
img_6044.png,Flugal,Testing
img_6045.png,Flugal,Testing
img_6046.png,Flugal,Testing
img_6047.png,Flugal,Testing
img_6048.png,Ketocon,Testing
img_6049.png,Ketocon,Testing
img_6051.png,Ketocon,Testing
img_6052.png,Ketocon,Testing
img_6053.png,Ketocon,Testing
img_6055.png,Ketocon,Testing
img_6058.png,Ketoral,Testing
img_6059.png,Ketoral,Testing
img_6061.png,Ketoral,Testing
img_6062.png,Ketoral,Testing
img_6063.png,Ketoral,Testing
img_6064.png,Ketoral,Testing
img_6065.png,Ketoral,Testing
img_6066.png,Ketoral,Testing
img_6067.png,Ketoral,Testing
img_6068.png,Ketotab,Testing
img_6069.png,Ketotab,Testing
img_6070.png,Ketotab,Testing
img_6071.png,Ketotab,Testing
img_6072.png,Ketotab,Testing
img_6073.png,Ketotab,Testing
img_6074.png,Ketotab,Testing
img_6075.png,Ketotab,Testing
img_6076.png,Ketotab,Testing
img_6077.png,Ketotab,Testing
img_6078.png,Ketozol,Testing
img_6079.png,Ketozol,Testing
img_6081.png,Ketozol,Testing
img_6082.png,Ketozol,Testing
img_6083.png,Ketozol,Testing
img_6084.png,Ketozol,Testing
img_6085.png,Ketozol,Testing
img_6086.png,Ketozol,Testing
img_6087.png,Ketozol,Testing
img_6088.png,Leptic,Testing
img_6089.png,Leptic,Testing
img_6090.png,Leptic,Testing
img_6091.png,Leptic,Testing
img_6092.png,Leptic,Testing
img_6093.png,Leptic,Testing
img_6094.png,Leptic,Testing
img_6095.png,Leptic,Testing
img_6096.png,Leptic,Testing
img_6097.png,Leptic,Testing
img_6098.png,Lucan-R,Testing
img_6099.png,Lucan-R,Testing
img_6100.png,Lucan-R,Testing
img_6101.png,Lucan-R,Testing
img_6102.png,Lucan-R,Testing
img_6103.png,Lucan-R,Testing
img_6104.png,Lucan-R,Testing
img_6105.png,Lucan-R,Testing
img_6106.png,Lucan-R,Testing
img_6107.png,Lucan-R,Testing
img_6108.png,Lumona,Testing
img_6109.png,Lumona,Testing
img_6110.png,Lumona,Testing
img_6112.png,Lumona,Testing
img_6113.png,Lumona,Testing
img_6114.png,Lumona,Testing
img_6115.png,Lumona,Testing
img_6116.png,Lumona,Testing
img_6117.png,Lumona,Testing
img_6118.png,M-Kast,Testing
img_6119.png,M-Kast,Testing
img_6120.png,M-Kast,Testing
img_6121.png,M-Kast,Testing
img_6122.png,M-Kast,Testing
img_6123.png,M-Kast,Testing
img_6124.png,M-Kast,Testing
img_6125.png,M-Kast,Testing
img_6126.png,M-Kast,Testing
img_6127.png,M-Kast,Testing
img_6128.png,Maxima,Testing
img_6129.png,Maxima,Testing
img_6130.png,Maxima,Testing
img_6131.png,Maxima,Testing
img_6132.png,Maxima,Testing
img_6133.png,Maxima,Testing
img_6136.png,Maxima,Testing
img_6137.png,Maxima,Testing
img_6138.png,Maxpro,Testing
img_6139.png,Maxpro,Testing
img_6140.png,Maxpro,Testing
img_6141.png,Maxpro,Testing
img_6142.png,Maxpro,Testing
img_6143.png,Maxpro,Testing
img_6144.png,Maxpro,Testing
img_6145.png,Maxpro,Testing
img_6146.png,Maxpro,Testing
img_6148.png,Metro,Testing
img_6149.png,Metro,Testing
img_6150.png,Metro,Testing
img_6151.png,Metro,Testing
img_6152.png,Metro,Testing
img_6153.png,Metro,Testing
img_6154.png,Metro,Testing
img_6155.png,Metro,Testing
img_6156.png,Metro,Testing
img_6157.png,Metro,Testing
img_6158.png,Metsina,Testing
img_6159.png,Metsina,Testing
img_6160.png,Metsina,Testing
img_6161.png,Metsina,Testing
img_6162.png,Metsina,Testing
img_6163.png,Metsina,Testing
img_6164.png,Metsina,Testing
img_6165.png,Metsina,Testing
img_6166.png,Metsina,Testing
img_6167.png,Metsina,Testing
img_6168.png,Monas,Testing
img_6169.png,Monas,Testing
img_6170.png,Monas,Testing
img_6171.png,Monas,Testing
img_6172.png,Monas,Testing
img_6173.png,Monas,Testing
img_6174.png,Monas,Testing
img_6175.png,Monas,Testing
img_6176.png,Monas,Testing
img_6177.png,Monas,Testing
img_6178.png,Montair,Testing
img_6179.png,Montair,Testing
img_6180.png,Montair,Testing
img_6181.png,Montair,Testing
img_6182.png,Montair,Testing
img_6183.png,Montair,Testing
img_6184.png,Montair,Testing
img_6185.png,Montair,Testing
img_6186.png,Montair,Testing
img_6187.png,Montair,Testing
img_6188.png,Montene,Testing
img_6189.png,Montene,Testing
img_6190.png,Montene,Testing
img_6191.png,Montene,Testing
img_6192.png,Montene,Testing
img_6193.png,Montene,Testing
img_6194.png,Montene,Testing
img_6195.png,Montene,Testing
img_6196.png,Montene,Testing
img_6197.png,Montene,Testing
img_6198.png,Montex,Testing
img_6199.png,Montex,Testing
img_6200.png,Montex,Testing
img_6201.png,Montex,Testing
img_6202.png,Montex,Testing
img_6203.png,Montex,Testing
img_6204.png,Montex,Testing
img_6205.png,Montex,Testing
img_6206.png,Montex,Testing
img_6207.png,Montex,Testing
img_6208.png,Napa Extend,Testing
img_6209.png,Napa Extend,Testing
img_6210.png,Napa Extend,Testing
img_6211.png,Napa Extend,Testing
img_6212.png,Napa Extend,Testing
img_6213.png,Napa Extend,Testing
img_6214.png,Napa Extend,Testing
img_6215.png,Napa Extend,Testing
img_6216.png,Napa Extend,Testing
img_6217.png,Napa Extend,Testing
img_6218.png,Napa,Testing
img_6219.png,Napa,Testing
img_6220.png,Napa,Testing
img_6221.png,Napa,Testing
img_6222.png,Napa,Testing
img_6223.png,Napa,Testing
img_6224.png,Napa,Testing
img_6225.png,Napa,Testing
img_6226.png,Napa,Testing
img_6227.png,Napa,Testing
img_6228.png,Nexcap,Testing
img_6231.png,Nexcap,Testing
img_6232.png,Nexcap,Testing
img_6233.png,Nexcap,Testing
img_6234.png,Nexcap,Testing
img_6235.png,Nexcap,Testing
img_6236.png,Nexcap,Testing
img_6237.png,Nexcap,Testing
img_6238.png,Nexum,Testing
img_6239.png,Nexum,Testing
img_6240.png,Nexum,Testing
img_6241.png,Nexum,Testing
img_6242.png,Nexum,Testing
img_6243.png,Nexum,Testing
img_6244.png,Nexum,Testing
img_6245.png,Nexum,Testing
img_6246.png,Nexum,Testing
img_6247.png,Nexum,Testing
img_6248.png,Nidazyl,Testing
img_6249.png,Nidazyl,Testing
img_6250.png,Nidazyl,Testing
img_6251.png,Nidazyl,Testing
img_6252.png,Nidazyl,Testing
img_6253.png,Nidazyl,Testing
img_6254.png,Nidazyl,Testing
img_6255.png,Nidazyl,Testing
img_6256.png,Nidazyl,Testing
img_6257.png,Nidazyl,Testing
img_6258.png,Nizoder,Testing
img_6259.png,Nizoder,Testing
img_6260.png,Nizoder,Testing
img_6261.png,Nizoder,Testing
img_6262.png,Nizoder,Testing
img_6263.png,Nizoder,Testing
img_6264.png,Nizoder,Testing
img_6265.png,Nizoder,Testing
img_6266.png,Nizoder,Testing
img_6267.png,Nizoder,Testing
img_6268.png,Odmon,Testing
img_6269.png,Odmon,Testing
img_6270.png,Odmon,Testing
img_6271.png,Odmon,Testing
img_6272.png,Odmon,Testing
img_6273.png,Odmon,Testing
img_6274.png,Odmon,Testing
img_6275.png,Odmon,Testing
img_6276.png,Odmon,Testing
img_6277.png,Odmon,Testing
img_6278.png,Omastin,Testing
img_6279.png,Omastin,Testing
img_6280.png,Omastin,Testing
img_6282.png,Omastin,Testing
img_6283.png,Omastin,Testing
img_6284.png,Omastin,Testing
img_6285.png,Omastin,Testing
img_6286.png,Omastin,Testing
img_6287.png,Omastin,Testing
img_6288.png,Opton,Testing
img_6289.png,Opton,Testing
img_6290.png,Opton,Testing
img_6291.png,Opton,Testing
img_6292.png,Opton,Testing
img_6293.png,Opton,Testing
img_6295.png,Opton,Testing
img_6297.png,Opton,Testing
img_6298.png,Progut,Testing
img_6299.png,Progut,Testing
img_6301.png,Progut,Testing
img_6302.png,Progut,Testing
img_6303.png,Progut,Testing
img_6305.png,Progut,Testing
img_6308.png,Provair,Testing
img_6309.png,Provair,Testing
img_6310.png,Provair,Testing
img_6311.png,Provair,Testing
img_6312.png,Provair,Testing
img_6313.png,Provair,Testing
img_6314.png,Provair,Testing
img_6315.png,Provair,Testing
img_6316.png,Provair,Testing
img_6317.png,Provair,Testing
img_6318.png,Renova,Testing
img_6319.png,Renova,Testing
img_6320.png,Renova,Testing
img_6321.png,Renova,Testing
img_6322.png,Renova,Testing
img_6323.png,Renova,Testing
img_6324.png,Renova,Testing
img_6325.png,Renova,Testing
img_6326.png,Renova,Testing
img_6327.png,Renova,Testing
img_6328.png,Rhinil,Testing
img_6329.png,Rhinil,Testing
img_6330.png,Rhinil,Testing
img_6331.png,Rhinil,Testing
img_6332.png,Rhinil,Testing
img_6333.png,Rhinil,Testing
img_6334.png,Rhinil,Testing
img_6335.png,Rhinil,Testing
img_6336.png,Rhinil,Testing
img_6337.png,Rhinil,Testing
img_6338.png,Ritch,Testing
img_6339.png,Ritch,Testing
img_6340.png,Ritch,Testing
img_6341.png,Ritch,Testing
img_6342.png,Ritch,Testing
img_6343.png,Ritch,Testing
img_6344.png,Ritch,Testing
img_6345.png,Ritch,Testing
img_6346.png,Ritch,Testing
img_6347.png,Ritch,Testing
img_6348.png,Rivotril,Testing
img_6349.png,Rivotril,Testing
img_6350.png,Rivotril,Testing
img_6351.png,Rivotril,Testing
img_6352.png,Rivotril,Testing
img_6353.png,Rivotril,Testing
img_6354.png,Rivotril,Testing
img_6355.png,Rivotril,Testing
img_6356.png,Rivotril,Testing
img_6357.png,Rivotril,Testing
img_6358.png,Romycin,Testing
img_6359.png,Romycin,Testing
img_6360.png,Romycin,Testing
img_6361.png,Romycin,Testing
img_6362.png,Romycin,Testing
img_6363.png,Romycin,Testing
img_6364.png,Romycin,Testing
img_6365.png,Romycin,Testing
img_6366.png,Romycin,Testing
img_6367.png,Romycin,Testing
img_6368.png,Rozith,Testing
img_6369.png,Rozith,Testing
img_6370.png,Rozith,Testing
img_6371.png,Rozith,Testing
img_6372.png,Rozith,Testing
img_6373.png,Rozith,Testing
img_6374.png,Rozith,Testing
img_6375.png,Rozith,Testing
img_6376.png,Rozith,Testing
img_6377.png,Rozith,Testing
img_6378.png,Sergel,Testing
img_6379.png,Sergel,Testing
img_6380.png,Sergel,Testing
img_6381.png,Sergel,Testing
img_6382.png,Sergel,Testing
img_6383.png,Sergel,Testing
img_6384.png,Sergel,Testing
img_6385.png,Sergel,Testing
img_6388.png,Tamen,Testing
img_6389.png,Tamen,Testing
img_6390.png,Tamen,Testing
img_6391.png,Tamen,Testing
img_6392.png,Tamen,Testing
img_6393.png,Tamen,Testing
img_6394.png,Tamen,Testing
img_6395.png,Tamen,Testing
img_6396.png,Tamen,Testing
img_6397.png,Tamen,Testing
img_6398.png,Telfast,Testing
img_6399.png,Telfast,Testing
img_6400.png,Telfast,Testing
img_6401.png,Telfast,Testing
img_6402.png,Telfast,Testing
img_6403.png,Telfast,Testing
img_6404.png,Telfast,Testing
img_6405.png,Telfast,Testing
img_6406.png,Telfast,Testing
img_6407.png,Telfast,Testing
img_6408.png,Tridosil,Testing
img_6409.png,Tridosil,Testing
img_6410.png,Tridosil,Testing
img_6411.png,Tridosil,Testing
img_6412.png,Tridosil,Testing
img_6413.png,Tridosil,Testing
img_6414.png,Tridosil,Testing
img_6415.png,Tridosil,Testing
img_6416.png,Tridosil,Testing
img_6417.png,Tridosil,Testing
img_6418.png,Trilock,Testing
img_6419.png,Trilock,Testing
img_6420.png,Trilock,Testing
img_6421.png,Trilock,Testing
img_6422.png,Trilock,Testing
img_6423.png,Trilock,Testing
img_6424.png,Trilock,Testing
img_6425.png,Trilock,Testing
img_6426.png,Trilock,Testing
img_6427.png,Trilock,Testing
img_6428.png,Vifas,Testing
img_6429.png,Vifas,Testing
img_6430.png,Vifas,Testing
img_6431.png,Vifas,Testing
img_6432.png,Vifas,Testing
img_6433.png,Vifas,Testing
img_6434.png,Vifas,Testing
img_6435.png,Vifas,Testing
img_6436.png,Vifas,Testing
img_6437.png,Vifas,Testing
img_6438.png,Zithrin,Testing
img_6439.png,Zithrin,Testing
img_6440.png,Zithrin,Testing
img_6441.png,Zithrin,Testing
img_6442.png,Zithrin,Testing
img_6443.png,Zithrin,Testing
img_6444.png,Zithrin,Testing
img_6445.png,Zithrin,Testing
img_6446.png,Zithrin,Testing
img_6447.png,Zithrin,Testing
img_6448.png,Aceta,Training
img_6449.png,Aceta,Training
img_6450.png,Aceta,Training
img_6451.png,Aceta,Training
img_6452.png,Aceta,Training
img_6453.png,Aceta,Training
img_6454.png,Aceta,Training
img_6455.png,Aceta,Training
img_6456.png,Aceta,Training
img_6457.png,Aceta,Training
img_6458.png,Aceta,Training
img_6459.png,Aceta,Training
img_6461.png,Aceta,Training
img_6462.png,Aceta,Training
img_6463.png,Aceta,Training
img_6464.png,Aceta,Training
img_6465.png,Aceta,Training
img_6466.png,Aceta,Training
img_6467.png,Aceta,Training
img_6468.png,Aceta,Training
img_6469.png,Aceta,Training
img_6470.png,Aceta,Training
img_6471.png,Aceta,Training
img_6472.png,Aceta,Training
img_6473.png,Aceta,Training
img_6474.png,Aceta,Training
img_6475.png,Aceta,Training
img_6476.png,Aceta,Training
img_6477.png,Aceta,Training
img_6478.png,Aceta,Training
img_6479.png,Aceta,Training
img_6480.png,Aceta,Training
img_6481.png,Aceta,Training
img_6482.png,Aceta,Training
img_6483.png,Aceta,Training
img_6484.png,Aceta,Training
img_6485.png,Aceta,Training
img_6486.png,Aceta,Training
img_6487.png,Aceta,Training
img_6488.png,Ace,Training
img_6489.png,Ace,Training
img_6490.png,Ace,Training
img_6491.png,Ace,Training
img_6492.png,Ace,Training
img_6493.png,Ace,Training
img_6494.png,Ace,Training
img_6495.png,Ace,Training
img_6496.png,Ace,Training
img_6497.png,Ace,Training
img_6498.png,Ace,Training
img_6499.png,Ace,Training
img_6500.png,Ace,Training
img_6501.png,Ace,Training
img_6502.png,Ace,Training
img_6503.png,Ace,Training
img_6504.png,Ace,Training
img_6505.png,Ace,Training
img_6506.png,Ace,Training
img_6507.png,Ace,Training
img_6508.png,Ace,Training
img_6509.png,Ace,Training
img_6510.png,Ace,Training
img_6511.png,Ace,Training
img_6512.png,Ace,Training
img_6513.png,Ace,Training
img_6514.png,Ace,Training
img_6515.png,Ace,Training
img_6516.png,Ace,Training
img_6517.png,Ace,Training
img_6518.png,Ace,Training
img_6519.png,Ace,Training
img_6520.png,Ace,Training
img_6521.png,Ace,Training
img_6522.png,Ace,Training
img_6523.png,Ace,Training
img_6524.png,Ace,Training
img_6525.png,Ace,Training
img_6526.png,Ace,Training
img_6527.png,Ace,Training
img_6528.png,Alatrol,Training
img_6529.png,Alatrol,Training
img_6530.png,Alatrol,Training
img_6531.png,Alatrol,Training
img_6532.png,Alatrol,Training
img_6533.png,Alatrol,Training
img_6534.png,Alatrol,Training
img_6535.png,Alatrol,Training
img_6537.png,Alatrol,Training
img_6538.png,Alatrol,Training
img_6539.png,Alatrol,Training
img_6540.png,Alatrol,Training
img_6541.png,Alatrol,Training
img_6542.png,Alatrol,Training
img_6543.png,Alatrol,Training
img_6544.png,Alatrol,Training
img_6545.png,Alatrol,Training
img_6546.png,Alatrol,Training
img_6547.png,Alatrol,Training
img_6548.png,Alatrol,Training
img_6549.png,Alatrol,Training
img_6550.png,Alatrol,Training
img_6551.png,Alatrol,Training
img_6552.png,Alatrol,Training
img_6553.png,Alatrol,Training
img_6554.png,Alatrol,Training
img_6555.png,Alatrol,Training
img_6556.png,Alatrol,Training
img_6557.png,Alatrol,Training
img_6558.png,Alatrol,Training
img_6559.png,Alatrol,Training
img_6560.png,Alatrol,Training
img_6561.png,Alatrol,Training
img_6562.png,Alatrol,Training
img_6563.png,Alatrol,Training
img_6564.png,Alatrol,Training
img_6565.png,Alatrol,Training
img_6566.png,Alatrol,Training
img_6567.png,Alatrol,Training
img_6568.png,Amodis,Training
img_6569.png,Amodis,Training
img_6570.png,Amodis,Training
img_6571.png,Amodis,Training
img_6572.png,Amodis,Training
img_6573.png,Amodis,Training
img_6574.png,Amodis,Training
img_6575.png,Amodis,Training
img_6576.png,Amodis,Training
img_6577.png,Amodis,Training
img_6578.png,Amodis,Training
img_6579.png,Amodis,Training
img_6580.png,Amodis,Training
img_6581.png,Amodis,Training
img_6582.png,Amodis,Training
img_6583.png,Amodis,Training
img_6584.png,Amodis,Training
img_6585.png,Amodis,Training
img_6586.png,Amodis,Training
img_6587.png,Amodis,Training
img_6588.png,Amodis,Training
img_6589.png,Amodis,Training
img_6590.png,Amodis,Training
img_6591.png,Amodis,Training
img_6592.png,Amodis,Training
img_6593.png,Amodis,Training
img_6594.png,Amodis,Training
img_6595.png,Amodis,Training
img_6596.png,Amodis,Training
img_6597.png,Amodis,Training
img_6598.png,Amodis,Training
img_6599.png,Amodis,Training
img_6600.png,Amodis,Training
img_6601.png,Amodis,Training
img_6602.png,Amodis,Training
img_6603.png,Amodis,Training
img_6604.png,Amodis,Training
img_6605.png,Amodis,Training
img_6606.png,Amodis,Training
img_6607.png,Amodis,Training
img_6608.png,Atrizin,Training
img_6609.png,Atrizin,Training
img_6610.png,Atrizin,Training
img_6611.png,Atrizin,Training
img_6612.png,Atrizin,Training
img_6613.png,Atrizin,Training
img_6614.png,Atrizin,Training
img_6615.png,Atrizin,Training
img_6616.png,Atrizin,Training
img_6617.png,Atrizin,Training
img_6618.png,Atrizin,Training
img_6619.png,Atrizin,Training
img_6620.png,Atrizin,Training
img_6621.png,Atrizin,Training
img_6622.png,Atrizin,Training
img_6623.png,Atrizin,Training
img_6624.png,Atrizin,Training
img_6625.png,Atrizin,Training
img_6626.png,Atrizin,Training
img_6627.png,Atrizin,Training
img_6628.png,Atrizin,Training
img_6630.png,Atrizin,Training
img_6631.png,Atrizin,Training
img_6632.png,Atrizin,Training
img_6633.png,Atrizin,Training
img_6634.png,Atrizin,Training
img_6635.png,Atrizin,Training
img_6636.png,Atrizin,Training
img_6637.png,Atrizin,Training
img_6638.png,Atrizin,Training
img_6640.png,Atrizin,Training
img_6641.png,Atrizin,Training
img_6642.png,Atrizin,Training
img_6643.png,Atrizin,Training
img_6644.png,Atrizin,Training
img_6645.png,Atrizin,Training
img_6646.png,Atrizin,Training
img_6647.png,Atrizin,Training
img_6648.png,Axodin,Training
img_6649.png,Axodin,Training
img_6650.png,Axodin,Training
img_6651.png,Axodin,Training
img_6652.png,Axodin,Training
img_6653.png,Axodin,Training
img_6654.png,Axodin,Training
img_6655.png,Axodin,Training
img_6656.png,Axodin,Training
img_6657.png,Axodin,Training
img_6658.png,Axodin,Training
img_6659.png,Axodin,Training
img_6660.png,Axodin,Training
img_6661.png,Axodin,Training
img_6662.png,Axodin,Training
img_6663.png,Axodin,Training
img_6664.png,Axodin,Training
img_6665.png,Axodin,Training
img_6666.png,Axodin,Training
img_6667.png,Axodin,Training
img_6668.png,Axodin,Training
img_6669.png,Axodin,Training
img_6670.png,Axodin,Training
img_6671.png,Axodin,Training
img_6672.png,Axodin,Training
img_6673.png,Axodin,Training
img_6674.png,Axodin,Training
img_6675.png,Axodin,Training
img_6676.png,Axodin,Training
img_6677.png,Axodin,Training
img_6678.png,Axodin,Training
img_6679.png,Axodin,Training
img_6680.png,Axodin,Training
img_6681.png,Axodin,Training
img_6682.png,Axodin,Training
img_6683.png,Axodin,Training
img_6684.png,Axodin,Training
img_6686.png,Axodin,Training
img_6687.png,Axodin,Training
img_6688.png,Azithrocin,Training
img_6689.png,Azithrocin,Training
img_6690.png,Azithrocin,Training
img_6691.png,Azithrocin,Training
img_6692.png,Azithrocin,Training
img_6693.png,Azithrocin,Training
img_6694.png,Azithrocin,Training
img_6695.png,Azithrocin,Training
img_6696.png,Azithrocin,Training
img_6697.png,Azithrocin,Training
img_6698.png,Azithrocin,Training
img_6699.png,Azithrocin,Training
img_6700.png,Azithrocin,Training
img_6701.png,Azithrocin,Training
img_6702.png,Azithrocin,Training
img_6703.png,Azithrocin,Training
img_6704.png,Azithrocin,Training
img_6705.png,Azithrocin,Training
img_6706.png,Azithrocin,Training
img_6707.png,Azithrocin,Training
img_6708.png,Azithrocin,Training
img_6709.png,Azithrocin,Training
img_6710.png,Azithrocin,Training
img_6711.png,Azithrocin,Training
img_6712.png,Azithrocin,Training
img_6713.png,Azithrocin,Training
img_6714.png,Azithrocin,Training
img_6715.png,Azithrocin,Training
img_6716.png,Azithrocin,Training
img_6718.png,Azithrocin,Training
img_6719.png,Azithrocin,Training
img_6720.png,Azithrocin,Training
img_6721.png,Azithrocin,Training
img_6722.png,Azithrocin,Training
img_6723.png,Azithrocin,Training
img_6724.png,Azithrocin,Training
img_6725.png,Azithrocin,Training
img_6726.png,Azithrocin,Training
img_6727.png,Azithrocin,Training
img_6728.png,Azyth,Training
img_6729.png,Azyth,Training
img_6730.png,Azyth,Training
img_6731.png,Azyth,Training
img_6732.png,Azyth,Training
img_6733.png,Azyth,Training
img_6734.png,Azyth,Training
img_6735.png,Azyth,Training
img_6736.png,Azyth,Training
img_6737.png,Azyth,Training
img_6738.png,Azyth,Training
img_6739.png,Azyth,Training
img_6740.png,Azyth,Training
img_6741.png,Azyth,Training
img_6742.png,Azyth,Training
img_6743.png,Azyth,Training
img_6744.png,Azyth,Training
img_6745.png,Azyth,Training
img_6746.png,Azyth,Training
img_6747.png,Azyth,Training
img_6748.png,Azyth,Training
img_6749.png,Azyth,Training
img_6750.png,Azyth,Training
img_6751.png,Azyth,Training
img_6752.png,Azyth,Training
img_6753.png,Azyth,Training
img_6754.png,Azyth,Training
img_6755.png,Azyth,Training
img_6756.png,Azyth,Training
img_6757.png,Azyth,Training
img_6758.png,Azyth,Training
img_6759.png,Azyth,Training
img_6760.png,Azyth,Training
img_6761.png,Azyth,Training
img_6762.png,Azyth,Training
img_6763.png,Azyth,Training
img_6764.png,Azyth,Training
img_6765.png,Azyth,Training
img_6766.png,Azyth,Training
img_6767.png,Azyth,Training
img_6768.png,Az,Training
img_6769.png,Az,Training
img_6770.png,Az,Training
img_6771.png,Az,Training
img_6772.png,Az,Training
img_6773.png,Az,Training
img_6774.png,Az,Training
img_6775.png,Az,Training
img_6776.png,Az,Training
img_6777.png,Az,Training
img_6778.png,Az,Training
img_6779.png,Az,Training
img_6780.png,Az,Training
img_6781.png,Az,Training
img_6782.png,Az,Training
img_6783.png,Az,Training
img_6784.png,Az,Training
img_6785.png,Az,Training
img_6786.png,Az,Training
img_6787.png,Az,Training
img_6788.png,Az,Training
img_6789.png,Az,Training
img_6790.png,Az,Training
img_6791.png,Az,Training
img_6792.png,Az,Training
img_6793.png,Az,Training
img_6794.png,Az,Training
img_6795.png,Az,Training
img_6796.png,Az,Training
img_6797.png,Az,Training
img_6798.png,Az,Training
img_6799.png,Az,Training
img_6800.png,Az,Training
img_6801.png,Az,Training
img_6802.png,Az,Training
img_6803.png,Az,Training
img_6804.png,Az,Training
img_6805.png,Az,Training
img_6806.png,Az,Training
img_6807.png,Az,Training
img_6808.png,Bacaid,Training
img_6809.png,Bacaid,Training
img_6810.png,Bacaid,Training
img_6811.png,Bacaid,Training
img_6812.png,Bacaid,Training
img_6813.png,Bacaid,Training
img_6814.png,Bacaid,Training
img_6815.png,Bacaid,Training
img_6816.png,Bacaid,Training
img_6817.png,Bacaid,Training
img_6818.png,Bacaid,Training
img_6819.png,Bacaid,Training
img_6820.png,Bacaid,Training
img_6821.png,Bacaid,Training
img_6822.png,Bacaid,Training
img_6823.png,Bacaid,Training
img_6824.png,Bacaid,Training
img_6825.png,Bacaid,Training
img_6826.png,Bacaid,Training
img_6827.png,Bacaid,Training
img_6828.png,Bacaid,Training
img_6829.png,Bacaid,Training
img_6830.png,Bacaid,Training
img_6831.png,Bacaid,Training
img_6832.png,Bacaid,Training
img_6833.png,Bacaid,Training
img_6834.png,Bacaid,Training
img_6835.png,Bacaid,Training
img_6836.png,Bacaid,Training
img_6837.png,Bacaid,Training
img_6838.png,Bacaid,Training
img_6839.png,Bacaid,Training
img_6840.png,Bacaid,Training
img_6841.png,Bacaid,Training
img_6842.png,Bacaid,Training
img_6843.png,Bacaid,Training
img_6844.png,Bacaid,Training
img_6845.png,Bacaid,Training
img_6846.png,Bacaid,Training
img_6847.png,Bacaid,Training
img_6848.png,Backtone,Training
img_6849.png,Backtone,Training
img_6850.png,Backtone,Training
img_6851.png,Backtone,Training
img_6852.png,Backtone,Training
img_6853.png,Backtone,Training
img_6854.png,Backtone,Training
img_6855.png,Backtone,Training
img_6856.png,Backtone,Training
img_6857.png,Backtone,Training
img_6858.png,Backtone,Training
img_6859.png,Backtone,Training
img_6860.png,Backtone,Training
img_6861.png,Backtone,Training
img_6862.png,Backtone,Training
img_6863.png,Backtone,Training
img_6864.png,Backtone,Training
img_6865.png,Backtone,Training
img_6866.png,Backtone,Training
img_6867.png,Backtone,Training
img_6868.png,Backtone,Training
img_6869.png,Backtone,Training
img_6870.png,Backtone,Training
img_6871.png,Backtone,Training
img_6872.png,Backtone,Training
img_6873.png,Backtone,Training
img_6874.png,Backtone,Training
img_6875.png,Backtone,Training
img_6876.png,Backtone,Training
img_6877.png,Backtone,Training
img_6878.png,Backtone,Training
img_6879.png,Backtone,Training
img_6880.png,Backtone,Training
img_6881.png,Backtone,Training
img_6882.png,Backtone,Training
img_6883.png,Backtone,Training
img_6884.png,Backtone,Training
img_6885.png,Backtone,Training
img_6886.png,Backtone,Training
img_6887.png,Backtone,Training
img_6888.png,Baclofen,Training
img_6889.png,Baclofen,Training
img_6890.png,Baclofen,Training
img_6891.png,Baclofen,Training
img_6892.png,Baclofen,Training
img_6893.png,Baclofen,Training
img_6894.png,Baclofen,Training
img_6895.png,Baclofen,Training
img_6896.png,Baclofen,Training
img_6898.png,Baclofen,Training
img_6899.png,Baclofen,Training
img_6901.png,Baclofen,Training
img_6902.png,Baclofen,Training
img_6903.png,Baclofen,Training
img_6904.png,Baclofen,Training
img_6905.png,Baclofen,Training
img_6906.png,Baclofen,Training
img_6907.png,Baclofen,Training
img_6908.png,Baclofen,Training
img_6909.png,Baclofen,Training
img_6910.png,Baclofen,Training
img_6911.png,Baclofen,Training
img_6912.png,Baclofen,Training
img_6913.png,Baclofen,Training
img_6914.png,Baclofen,Training
img_6915.png,Baclofen,Training
img_6916.png,Baclofen,Training
img_6918.png,Baclofen,Training
img_6919.png,Baclofen,Training
img_6920.png,Baclofen,Training
img_6921.png,Baclofen,Training
img_6922.png,Baclofen,Training
img_6923.png,Baclofen,Training
img_6924.png,Baclofen,Training
img_6925.png,Baclofen,Training
img_6926.png,Baclofen,Training
img_6927.png,Baclofen,Training
img_6928.png,Baclon,Training
img_6929.png,Baclon,Training
img_6930.png,Baclon,Training
img_6931.png,Baclon,Training
img_6936.png,Baclon,Training
img_6937.png,Baclon,Training
img_6943.png,Baclon,Training
img_6944.png,Baclon,Training
img_6945.png,Baclon,Training
img_6950.png,Baclon,Training
img_6951.png,Baclon,Training
img_6952.png,Baclon,Training
img_6953.png,Baclon,Training
img_6954.png,Baclon,Training
img_6955.png,Baclon,Training
img_6956.png,Baclon,Training
img_6958.png,Baclon,Training
img_6959.png,Baclon,Training
img_6960.png,Baclon,Training
img_6961.png,Baclon,Training
img_6965.png,Baclon,Training
img_6966.png,Baclon,Training
img_6968.png,Bacmax,Training
img_6969.png,Bacmax,Training
img_6970.png,Bacmax,Training
img_6971.png,Bacmax,Training
img_6972.png,Bacmax,Training
img_6974.png,Bacmax,Training
img_6976.png,Bacmax,Training
img_6977.png,Bacmax,Training
img_6979.png,Bacmax,Training
img_6980.png,Bacmax,Training
img_6982.png,Bacmax,Training
img_6983.png,Bacmax,Training
img_6984.png,Bacmax,Training
img_6985.png,Bacmax,Training
img_6986.png,Bacmax,Training
img_6988.png,Bacmax,Training
img_6990.png,Bacmax,Training
img_6991.png,Bacmax,Training
img_6992.png,Bacmax,Training
img_6993.png,Bacmax,Training
img_6994.png,Bacmax,Training
img_6995.png,Bacmax,Training
img_6996.png,Bacmax,Training
img_6997.png,Bacmax,Training
img_6998.png,Bacmax,Training
img_6999.png,Bacmax,Training
img_7000.png,Bacmax,Training
img_7001.png,Bacmax,Training
img_7003.png,Bacmax,Training
img_7005.png,Bacmax,Training
img_7007.png,Bacmax,Training
img_7008.png,Beklo,Training
img_7009.png,Beklo,Training
img_7010.png,Beklo,Training
img_7011.png,Beklo,Training
img_7012.png,Beklo,Training
img_7013.png,Beklo,Training
img_7014.png,Beklo,Training
img_7015.png,Beklo,Training
img_7016.png,Beklo,Training
img_7017.png,Beklo,Training
img_7018.png,Beklo,Training
img_7019.png,Beklo,Training
img_7020.png,Beklo,Training
img_7021.png,Beklo,Training
img_7022.png,Beklo,Training
img_7023.png,Beklo,Training
img_7024.png,Beklo,Training
img_7025.png,Beklo,Training
img_7026.png,Beklo,Training
img_7027.png,Beklo,Training
img_7028.png,Beklo,Training
img_7029.png,Beklo,Training
img_7030.png,Beklo,Training
img_7031.png,Beklo,Training
img_7032.png,Beklo,Training
img_7033.png,Beklo,Training
img_7034.png,Beklo,Training
img_7035.png,Beklo,Training
img_7036.png,Beklo,Training
img_7037.png,Beklo,Training
img_7038.png,Beklo,Training
img_7039.png,Beklo,Training
img_7040.png,Beklo,Training
img_7041.png,Beklo,Training
img_7042.png,Beklo,Training
img_7043.png,Beklo,Training
img_7044.png,Beklo,Training
img_7045.png,Beklo,Training
img_7046.png,Beklo,Training
img_7047.png,Beklo,Training
img_7048.png,Bicozin,Training
img_7049.png,Bicozin,Training
img_7050.png,Bicozin,Training
img_7051.png,Bicozin,Training
img_7053.png,Bicozin,Training
img_7054.png,Bicozin,Training
img_7055.png,Bicozin,Training
img_7056.png,Bicozin,Training
img_7057.png,Bicozin,Training
img_7058.png,Bicozin,Training
img_7059.png,Bicozin,Training
img_7060.png,Bicozin,Training
img_7061.png,Bicozin,Training
img_7062.png,Bicozin,Training
img_7063.png,Bicozin,Training
img_7064.png,Bicozin,Training
img_7065.png,Bicozin,Training
img_7066.png,Bicozin,Training
img_7067.png,Bicozin,Training
img_7068.png,Bicozin,Training
img_7069.png,Bicozin,Training
img_7070.png,Bicozin,Training
img_7071.png,Bicozin,Training
img_7072.png,Bicozin,Training
img_7073.png,Bicozin,Training
img_7074.png,Bicozin,Training
img_7075.png,Bicozin,Training
img_7076.png,Bicozin,Training
img_7077.png,Bicozin,Training
img_7079.png,Bicozin,Training
img_7080.png,Bicozin,Training
img_7082.png,Bicozin,Training
img_7083.png,Bicozin,Training
img_7084.png,Bicozin,Training
img_7085.png,Bicozin,Training
img_7086.png,Bicozin,Training
img_7087.png,Bicozin,Training
img_7088.png,Canazole,Training
img_7089.png,Canazole,Training
img_7090.png,Canazole,Training
img_7091.png,Canazole,Training
img_7092.png,Canazole,Training
img_7093.png,Canazole,Training
img_7094.png,Canazole,Training
img_7095.png,Canazole,Training
img_7096.png,Canazole,Training
img_7097.png,Canazole,Training
img_7098.png,Canazole,Training
img_7099.png,Canazole,Training
img_7100.png,Canazole,Training
img_7101.png,Canazole,Training
img_7102.png,Canazole,Training
img_7103.png,Canazole,Training
img_7104.png,Canazole,Training
img_7105.png,Canazole,Training
img_7106.png,Canazole,Training
img_7107.png,Canazole,Training
img_7108.png,Canazole,Training
img_7109.png,Canazole,Training
img_7110.png,Canazole,Training
img_7111.png,Canazole,Training
img_7112.png,Canazole,Training
img_7113.png,Canazole,Training
img_7114.png,Canazole,Training
img_7115.png,Canazole,Training
img_7116.png,Canazole,Training
img_7117.png,Canazole,Training
img_7118.png,Canazole,Training
img_7119.png,Canazole,Training
img_7120.png,Canazole,Training
img_7121.png,Canazole,Training
img_7124.png,Canazole,Training
img_7126.png,Canazole,Training
img_7127.png,Canazole,Training
img_7128.png,Candinil,Training
img_7129.png,Candinil,Training
img_7130.png,Candinil,Training
img_7131.png,Candinil,Training
img_7132.png,Candinil,Training
img_7133.png,Candinil,Training
img_7134.png,Candinil,Training
img_7135.png,Candinil,Training
img_7136.png,Candinil,Training
img_7137.png,Candinil,Training
img_7138.png,Candinil,Training
img_7139.png,Candinil,Training
img_7140.png,Candinil,Training
img_7141.png,Candinil,Training
img_7142.png,Candinil,Training
img_7143.png,Candinil,Training
img_7144.png,Candinil,Training
img_7145.png,Candinil,Training
img_7146.png,Candinil,Training
img_7147.png,Candinil,Training
img_7148.png,Candinil,Training
img_7149.png,Candinil,Training
img_7150.png,Candinil,Training
img_7151.png,Candinil,Training
img_7152.png,Candinil,Training
img_7153.png,Candinil,Training
img_7154.png,Candinil,Training
img_7155.png,Candinil,Training
img_7156.png,Candinil,Training
img_7157.png,Candinil,Training
img_7158.png,Candinil,Training
img_7159.png,Candinil,Training
img_7160.png,Candinil,Training
img_7161.png,Candinil,Training
img_7162.png,Candinil,Training
img_7163.png,Candinil,Training
img_7164.png,Candinil,Training
img_7165.png,Candinil,Training
img_7166.png,Candinil,Training
img_7167.png,Candinil,Training
img_7168.png,Cetisoft,Training
img_7169.png,Cetisoft,Training
img_7170.png,Cetisoft,Training
img_7171.png,Cetisoft,Training
img_7172.png,Cetisoft,Training
img_7173.png,Cetisoft,Training
img_7174.png,Cetisoft,Training
img_7175.png,Cetisoft,Training
img_7176.png,Cetisoft,Training
img_7177.png,Cetisoft,Training
img_7178.png,Cetisoft,Training
img_7179.png,Cetisoft,Training
img_7180.png,Cetisoft,Training
img_7181.png,Cetisoft,Training
img_7182.png,Cetisoft,Training
img_7183.png,Cetisoft,Training
img_7184.png,Cetisoft,Training
img_7185.png,Cetisoft,Training
img_7186.png,Cetisoft,Training
img_7187.png,Cetisoft,Training
img_7188.png,Cetisoft,Training
img_7189.png,Cetisoft,Training
img_7190.png,Cetisoft,Training
img_7191.png,Cetisoft,Training
img_7192.png,Cetisoft,Training
img_7193.png,Cetisoft,Training
img_7194.png,Cetisoft,Training
img_7195.png,Cetisoft,Training
img_7196.png,Cetisoft,Training
img_7197.png,Cetisoft,Training
img_7198.png,Cetisoft,Training
img_7199.png,Cetisoft,Training
img_7200.png,Cetisoft,Training
img_7201.png,Cetisoft,Training
img_7202.png,Cetisoft,Training
img_7203.png,Cetisoft,Training
img_7204.png,Cetisoft,Training
img_7205.png,Cetisoft,Training
img_7206.png,Cetisoft,Training
img_7207.png,Cetisoft,Training
img_7208.png,Conaz,Training
img_7209.png,Conaz,Training
img_7210.png,Conaz,Training
img_7211.png,Conaz,Training
img_7212.png,Conaz,Training
img_7213.png,Conaz,Training
img_7214.png,Conaz,Training
img_7215.png,Conaz,Training
img_7216.png,Conaz,Training
img_7217.png,Conaz,Training
img_7218.png,Conaz,Training
img_7219.png,Conaz,Training
img_7220.png,Conaz,Training
img_7221.png,Conaz,Training
img_7222.png,Conaz,Training
img_7223.png,Conaz,Training
img_7224.png,Conaz,Training
img_7225.png,Conaz,Training
img_7226.png,Conaz,Training
img_7227.png,Conaz,Training
img_7228.png,Conaz,Training
img_7229.png,Conaz,Training
img_7230.png,Conaz,Training
img_7231.png,Conaz,Training
img_7232.png,Conaz,Training
img_7233.png,Conaz,Training
img_7234.png,Conaz,Training
img_7235.png,Conaz,Training
img_7236.png,Conaz,Training
img_7237.png,Conaz,Training
img_7238.png,Conaz,Training
img_7239.png,Conaz,Training
img_7240.png,Conaz,Training
img_7241.png,Conaz,Training
img_7242.png,Conaz,Training
img_7243.png,Conaz,Training
img_7244.png,Conaz,Training
img_7245.png,Conaz,Training
img_7246.png,Conaz,Training
img_7247.png,Conaz,Training
img_7248.png,Dancel,Training
img_7249.png,Dancel,Training
img_7250.png,Dancel,Training
img_7251.png,Dancel,Training
img_7252.png,Dancel,Training
img_7253.png,Dancel,Training
img_7254.png,Dancel,Training
img_7255.png,Dancel,Training
img_7256.png,Dancel,Training
img_7257.png,Dancel,Training
img_7258.png,Dancel,Training
img_7259.png,Dancel,Training
img_7260.png,Dancel,Training
img_7261.png,Dancel,Training
img_7262.png,Dancel,Training
img_7263.png,Dancel,Training
img_7264.png,Dancel,Training
img_7265.png,Dancel,Training
img_7266.png,Dancel,Training
img_7267.png,Dancel,Training
img_7268.png,Dancel,Training
img_7269.png,Dancel,Training
img_7270.png,Dancel,Training
img_7271.png,Dancel,Training
img_7272.png,Dancel,Training
img_7273.png,Dancel,Training
img_7274.png,Dancel,Training
img_7275.png,Dancel,Training
img_7276.png,Dancel,Training
img_7277.png,Dancel,Training
img_7278.png,Dancel,Training
img_7280.png,Dancel,Training
img_7281.png,Dancel,Training
img_7282.png,Dancel,Training
img_7283.png,Dancel,Training
img_7284.png,Dancel,Training
img_7285.png,Dancel,Training
img_7286.png,Dancel,Training
img_7287.png,Dancel,Training
img_7288.png,Denixil,Training
img_7289.png,Denixil,Training
img_7290.png,Denixil,Training
img_7291.png,Denixil,Training
img_7293.png,Denixil,Training
img_7294.png,Denixil,Training
img_7295.png,Denixil,Training
img_7296.png,Denixil,Training
img_7297.png,Denixil,Training
img_7298.png,Denixil,Training
img_7299.png,Denixil,Training
img_7300.png,Denixil,Training
img_7301.png,Denixil,Training
img_7302.png,Denixil,Training
img_7303.png,Denixil,Training
img_7304.png,Denixil,Training
img_7305.png,Denixil,Training
img_7306.png,Denixil,Training
img_7308.png,Denixil,Training
img_7310.png,Denixil,Training
img_7311.png,Denixil,Training
img_7312.png,Denixil,Training
img_7314.png,Denixil,Training
img_7316.png,Denixil,Training
img_7317.png,Denixil,Training
img_7320.png,Denixil,Training
img_7322.png,Denixil,Training
img_7323.png,Denixil,Training
img_7324.png,Denixil,Training
img_7325.png,Denixil,Training
img_7326.png,Denixil,Training
img_7327.png,Denixil,Training
img_7328.png,Diflu,Training
img_7329.png,Diflu,Training
img_7330.png,Diflu,Training
img_7331.png,Diflu,Training
img_7332.png,Diflu,Training
img_7333.png,Diflu,Training
img_7334.png,Diflu,Training
img_7335.png,Diflu,Training
img_7336.png,Diflu,Training
img_7337.png,Diflu,Training
img_7338.png,Diflu,Training
img_7339.png,Diflu,Training
img_7340.png,Diflu,Training
img_7341.png,Diflu,Training
img_7342.png,Diflu,Training
img_7343.png,Diflu,Training
img_7344.png,Diflu,Training
img_7346.png,Diflu,Training
img_7347.png,Diflu,Training
img_7348.png,Diflu,Training
img_7349.png,Diflu,Training
img_7350.png,Diflu,Training
img_7351.png,Diflu,Training
img_7352.png,Diflu,Training
img_7353.png,Diflu,Training
img_7354.png,Diflu,Training
img_7355.png,Diflu,Training
img_7356.png,Diflu,Training
img_7357.png,Diflu,Training
img_7358.png,Diflu,Training
img_7360.png,Diflu,Training
img_7362.png,Diflu,Training
img_7363.png,Diflu,Training
img_7364.png,Diflu,Training
img_7365.png,Diflu,Training
img_7366.png,Diflu,Training
img_7367.png,Diflu,Training
img_7368.png,Dinafex,Training
img_7369.png,Dinafex,Training
img_7370.png,Dinafex,Training
img_7371.png,Dinafex,Training
img_7372.png,Dinafex,Training
img_7373.png,Dinafex,Training
img_7374.png,Dinafex,Training
img_7375.png,Dinafex,Training
img_7376.png,Dinafex,Training
img_7377.png,Dinafex,Training
img_7378.png,Dinafex,Training
img_7379.png,Dinafex,Training
img_7380.png,Dinafex,Training
img_7381.png,Dinafex,Training
img_7382.png,Dinafex,Training
img_7383.png,Dinafex,Training
img_7384.png,Dinafex,Training
img_7385.png,Dinafex,Training
img_7386.png,Dinafex,Training
img_7387.png,Dinafex,Training
img_7388.png,Dinafex,Training
img_7389.png,Dinafex,Training
img_7390.png,Dinafex,Training
img_7391.png,Dinafex,Training
img_7392.png,Dinafex,Training
img_7393.png,Dinafex,Training
img_7394.png,Dinafex,Training
img_7395.png,Dinafex,Training
img_7396.png,Dinafex,Training
img_7397.png,Dinafex,Training
img_7400.png,Dinafex,Training
img_7401.png,Dinafex,Training
img_7402.png,Dinafex,Training
img_7403.png,Dinafex,Training
img_7404.png,Dinafex,Training
img_7405.png,Dinafex,Training
img_7406.png,Dinafex,Training
img_7407.png,Dinafex,Training
img_7408.png,Disopan,Training
img_7409.png,Disopan,Training
img_7410.png,Disopan,Training
img_7411.png,Disopan,Training
img_7412.png,Disopan,Training
img_7413.png,Disopan,Training
img_7414.png,Disopan,Training
img_7415.png,Disopan,Training
img_7416.png,Disopan,Training
img_7417.png,Disopan,Training
img_7418.png,Disopan,Training
img_7419.png,Disopan,Training
img_7420.png,Disopan,Training
img_7421.png,Disopan,Training
img_7422.png,Disopan,Training
img_7423.png,Disopan,Training
img_7424.png,Disopan,Training
img_7425.png,Disopan,Training
img_7426.png,Disopan,Training
img_7427.png,Disopan,Training
img_7428.png,Disopan,Training
img_7429.png,Disopan,Training
img_7430.png,Disopan,Training
img_7431.png,Disopan,Training
img_7432.png,Disopan,Training
img_7433.png,Disopan,Training
img_7434.png,Disopan,Training
img_7435.png,Disopan,Training
img_7436.png,Disopan,Training
img_7437.png,Disopan,Training
img_7438.png,Disopan,Training
img_7439.png,Disopan,Training
img_7440.png,Disopan,Training
img_7441.png,Disopan,Training
img_7442.png,Disopan,Training
img_7443.png,Disopan,Training
img_7444.png,Disopan,Training
img_7445.png,Disopan,Training
img_7446.png,Disopan,Training
img_7447.png,Disopan,Training
img_7448.png,Esonix,Training
img_7449.png,Esonix,Training
img_7450.png,Esonix,Training
img_7451.png,Esonix,Training
img_7452.png,Esonix,Training
img_7453.png,Esonix,Training
img_7454.png,Esonix,Training
img_7455.png,Esonix,Training
img_7456.png,Esonix,Training
img_7457.png,Esonix,Training
img_7458.png,Esonix,Training
img_7459.png,Esonix,Training
img_7460.png,Esonix,Training
img_7461.png,Esonix,Training
img_7462.png,Esonix,Training
img_7463.png,Esonix,Training
img_7464.png,Esonix,Training
img_7466.png,Esonix,Training
img_7467.png,Esonix,Training
img_7468.png,Esonix,Training
img_7469.png,Esonix,Training
img_7470.png,Esonix,Training
img_7472.png,Esonix,Training
img_7473.png,Esonix,Training
img_7475.png,Esonix,Training
img_7477.png,Esonix,Training
img_7478.png,Esonix,Training
img_7480.png,Esonix,Training
img_7481.png,Esonix,Training
img_7482.png,Esonix,Training
img_7483.png,Esonix,Training
img_7484.png,Esonix,Training
img_7485.png,Esonix,Training
img_7486.png,Esonix,Training
img_7487.png,Esonix,Training
img_7488.png,Esoral,Training
img_7489.png,Esoral,Training
img_7490.png,Esoral,Training
img_7491.png,Esoral,Training
img_7492.png,Esoral,Training
img_7493.png,Esoral,Training
img_7494.png,Esoral,Training
img_7495.png,Esoral,Training
img_7496.png,Esoral,Training
img_7497.png,Esoral,Training
img_7498.png,Esoral,Training
img_7499.png,Esoral,Training
img_7500.png,Esoral,Training
img_7501.png,Esoral,Training
img_7502.png,Esoral,Training
img_7503.png,Esoral,Training
img_7504.png,Esoral,Training
img_7505.png,Esoral,Training
img_7506.png,Esoral,Training
img_7507.png,Esoral,Training
img_7508.png,Esoral,Training
img_7509.png,Esoral,Training
img_7510.png,Esoral,Training
img_7511.png,Esoral,Training
img_7512.png,Esoral,Training
img_7513.png,Esoral,Training
img_7514.png,Esoral,Training
img_7515.png,Esoral,Training
img_7516.png,Esoral,Training
img_7517.png,Esoral,Training
img_7518.png,Esoral,Training
img_7519.png,Esoral,Training
img_7520.png,Esoral,Training
img_7521.png,Esoral,Training
img_7522.png,Esoral,Training
img_7523.png,Esoral,Training
img_7524.png,Esoral,Training
img_7525.png,Esoral,Training
img_7526.png,Esoral,Training
img_7527.png,Esoral,Training
img_7528.png,Etizin,Training
img_7529.png,Etizin,Training
img_7530.png,Etizin,Training
img_7531.png,Etizin,Training
img_7532.png,Etizin,Training
img_7533.png,Etizin,Training
img_7534.png,Etizin,Training
img_7535.png,Etizin,Training
img_7536.png,Etizin,Training
img_7537.png,Etizin,Training
img_7538.png,Etizin,Training
img_7539.png,Etizin,Training
img_7540.png,Etizin,Training
img_7541.png,Etizin,Training
img_7542.png,Etizin,Training
img_7543.png,Etizin,Training
img_7544.png,Etizin,Training
img_7545.png,Etizin,Training
img_7546.png,Etizin,Training
img_7547.png,Etizin,Training
img_7548.png,Etizin,Training
img_7550.png,Etizin,Training
img_7551.png,Etizin,Training
img_7553.png,Etizin,Training
img_7554.png,Etizin,Training
img_7555.png,Etizin,Training
img_7556.png,Etizin,Training
img_7557.png,Etizin,Training
img_7558.png,Etizin,Training
img_7559.png,Etizin,Training
img_7560.png,Etizin,Training
img_7561.png,Etizin,Training
img_7562.png,Etizin,Training
img_7563.png,Etizin,Training
img_7564.png,Etizin,Training
img_7565.png,Etizin,Training
img_7566.png,Etizin,Training
img_7567.png,Etizin,Training
img_7568.png,Exium,Training
img_7569.png,Exium,Training
img_7570.png,Exium,Training
img_7571.png,Exium,Training
img_7573.png,Exium,Training
img_7574.png,Exium,Training
img_7575.png,Exium,Training
img_7576.png,Exium,Training
img_7577.png,Exium,Training
img_7578.png,Exium,Training
img_7579.png,Exium,Training
img_7580.png,Exium,Training
img_7581.png,Exium,Training
img_7582.png,Exium,Training
img_7583.png,Exium,Training
img_7584.png,Exium,Training
img_7585.png,Exium,Training
img_7586.png,Exium,Training
img_7587.png,Exium,Training
img_7588.png,Exium,Training
img_7589.png,Exium,Training
img_7590.png,Exium,Training
img_7591.png,Exium,Training
img_7592.png,Exium,Training
img_7594.png,Exium,Training
img_7596.png,Exium,Training
img_7597.png,Exium,Training
img_7600.png,Exium,Training
img_7601.png,Exium,Training
img_7602.png,Exium,Training
img_7603.png,Exium,Training
img_7604.png,Exium,Training
img_7605.png,Exium,Training
img_7606.png,Exium,Training
img_7607.png,Exium,Training
img_7608.png,Fenadin,Training
img_7609.png,Fenadin,Training
img_7610.png,Fenadin,Training
img_7611.png,Fenadin,Training
img_7612.png,Fenadin,Training
img_7613.png,Fenadin,Training
img_7614.png,Fenadin,Training
img_7615.png,Fenadin,Training
img_7616.png,Fenadin,Training
img_7617.png,Fenadin,Training
img_7619.png,Fenadin,Training
img_7620.png,Fenadin,Training
img_7621.png,Fenadin,Training
img_7622.png,Fenadin,Training
img_7623.png,Fenadin,Training
img_7624.png,Fenadin,Training
img_7625.png,Fenadin,Training
img_7626.png,Fenadin,Training
img_7628.png,Fenadin,Training
img_7630.png,Fenadin,Training
img_7631.png,Fenadin,Training
img_7632.png,Fenadin,Training
img_7634.png,Fenadin,Training
img_7635.png,Fenadin,Training
img_7636.png,Fenadin,Training
img_7637.png,Fenadin,Training
img_7638.png,Fenadin,Training
img_7639.png,Fenadin,Training
img_7640.png,Fenadin,Training
img_7641.png,Fenadin,Training
img_7642.png,Fenadin,Training
img_7643.png,Fenadin,Training
img_7644.png,Fenadin,Training
img_7645.png,Fenadin,Training
img_7646.png,Fenadin,Training
img_7647.png,Fenadin,Training
img_7648.png,Fexofast,Training
img_7649.png,Fexofast,Training
img_7650.png,Fexofast,Training
img_7651.png,Fexofast,Training
img_7652.png,Fexofast,Training
img_7653.png,Fexofast,Training
img_7654.png,Fexofast,Training
img_7655.png,Fexofast,Training
img_7656.png,Fexofast,Training
img_7657.png,Fexofast,Training
img_7658.png,Fexofast,Training
img_7659.png,Fexofast,Training
img_7660.png,Fexofast,Training
img_7661.png,Fexofast,Training
img_7662.png,Fexofast,Training
img_7663.png,Fexofast,Training
img_7664.png,Fexofast,Training
img_7665.png,Fexofast,Training
img_7666.png,Fexofast,Training
img_7667.png,Fexofast,Training
img_7668.png,Fexofast,Training
img_7669.png,Fexofast,Training
img_7671.png,Fexofast,Training
img_7672.png,Fexofast,Training
img_7673.png,Fexofast,Training
img_7674.png,Fexofast,Training
img_7675.png,Fexofast,Training
img_7676.png,Fexofast,Training
img_7678.png,Fexofast,Training
img_7679.png,Fexofast,Training
img_7680.png,Fexofast,Training
img_7681.png,Fexofast,Training
img_7682.png,Fexofast,Training
img_7683.png,Fexofast,Training
img_7684.png,Fexofast,Training
img_7685.png,Fexofast,Training
img_7686.png,Fexofast,Training
img_7689.png,Fexo,Training
img_7690.png,Fexo,Training
img_7691.png,Fexo,Training
img_7692.png,Fexo,Training
img_7693.png,Fexo,Training
img_7694.png,Fexo,Training
img_7695.png,Fexo,Training
img_7696.png,Fexo,Training
img_7697.png,Fexo,Training
img_7698.png,Fexo,Training
img_7699.png,Fexo,Training
img_7700.png,Fexo,Training
img_7701.png,Fexo,Training
img_7702.png,Fexo,Training
img_7703.png,Fexo,Training
img_7704.png,Fexo,Training
img_7705.png,Fexo,Training
img_7706.png,Fexo,Training
img_7707.png,Fexo,Training
img_7708.png,Fexo,Training
img_7709.png,Fexo,Training
img_7710.png,Fexo,Training
img_7711.png,Fexo,Training
img_7712.png,Fexo,Training
img_7713.png,Fexo,Training
img_7714.png,Fexo,Training
img_7715.png,Fexo,Training
img_7716.png,Fexo,Training
img_7717.png,Fexo,Training
img_7720.png,Fexo,Training
img_7721.png,Fexo,Training
img_7722.png,Fexo,Training
img_7723.png,Fexo,Training
img_7724.png,Fexo,Training
img_7725.png,Fexo,Training
img_7726.png,Fexo,Training
img_7727.png,Fexo,Training
img_7728.png,Filmet,Training
img_7729.png,Filmet,Training
img_7730.png,Filmet,Training
img_7731.png,Filmet,Training
img_7732.png,Filmet,Training
img_7733.png,Filmet,Training
img_7734.png,Filmet,Training
img_7735.png,Filmet,Training
img_7736.png,Filmet,Training
img_7737.png,Filmet,Training
img_7738.png,Filmet,Training
img_7739.png,Filmet,Training
img_7740.png,Filmet,Training
img_7741.png,Filmet,Training
img_7742.png,Filmet,Training
img_7743.png,Filmet,Training
img_7744.png,Filmet,Training
img_7745.png,Filmet,Training
img_7746.png,Filmet,Training
img_7747.png,Filmet,Training
img_7748.png,Filmet,Training
img_7749.png,Filmet,Training
img_7750.png,Filmet,Training
img_7751.png,Filmet,Training
img_7752.png,Filmet,Training
img_7753.png,Filmet,Training
img_7754.png,Filmet,Training
img_7755.png,Filmet,Training
img_7756.png,Filmet,Training
img_7757.png,Filmet,Training
img_7758.png,Filmet,Training
img_7759.png,Filmet,Training
img_7760.png,Filmet,Training
img_7761.png,Filmet,Training
img_7762.png,Filmet,Training
img_7763.png,Filmet,Training
img_7764.png,Filmet,Training
img_7765.png,Filmet,Training
img_7766.png,Filmet,Training
img_7767.png,Filmet,Training
img_7768.png,Fixal,Training
img_7769.png,Fixal,Training
img_7770.png,Fixal,Training
img_7772.png,Fixal,Training
img_7773.png,Fixal,Training
img_7774.png,Fixal,Training
img_7775.png,Fixal,Training
img_7776.png,Fixal,Training
img_7777.png,Fixal,Training
img_7778.png,Fixal,Training
img_7779.png,Fixal,Training
img_7780.png,Fixal,Training
img_7781.png,Fixal,Training
img_7782.png,Fixal,Training
img_7783.png,Fixal,Training
img_7784.png,Fixal,Training
img_7785.png,Fixal,Training
img_7786.png,Fixal,Training
img_7787.png,Fixal,Training
img_7788.png,Fixal,Training
img_7789.png,Fixal,Training
img_7790.png,Fixal,Training
img_7791.png,Fixal,Training
img_7793.png,Fixal,Training
img_7795.png,Fixal,Training
img_7797.png,Fixal,Training
img_7798.png,Fixal,Training
img_7800.png,Fixal,Training
img_7801.png,Fixal,Training
img_7802.png,Fixal,Training
img_7803.png,Fixal,Training
img_7804.png,Fixal,Training
img_7805.png,Fixal,Training
img_7806.png,Fixal,Training
img_7807.png,Fixal,Training
img_7808.png,Flamyd,Training
img_7809.png,Flamyd,Training
img_7810.png,Flamyd,Training
img_7811.png,Flamyd,Training
img_7812.png,Flamyd,Training
img_7813.png,Flamyd,Training
img_7814.png,Flamyd,Training
img_7815.png,Flamyd,Training
img_7816.png,Flamyd,Training
img_7817.png,Flamyd,Training
img_7818.png,Flamyd,Training
img_7819.png,Flamyd,Training
img_7820.png,Flamyd,Training
img_7821.png,Flamyd,Training
img_7822.png,Flamyd,Training
img_7823.png,Flamyd,Training
img_7824.png,Flamyd,Training
img_7825.png,Flamyd,Training
img_7826.png,Flamyd,Training
img_7827.png,Flamyd,Training
img_7828.png,Flamyd,Training
img_7829.png,Flamyd,Training
img_7830.png,Flamyd,Training
img_7831.png,Flamyd,Training
img_7832.png,Flamyd,Training
img_7833.png,Flamyd,Training
img_7834.png,Flamyd,Training
img_7835.png,Flamyd,Training
img_7836.png,Flamyd,Training
img_7837.png,Flamyd,Training
img_7838.png,Flamyd,Training
img_7839.png,Flamyd,Training
img_7840.png,Flamyd,Training
img_7841.png,Flamyd,Training
img_7842.png,Flamyd,Training
img_7843.png,Flamyd,Training
img_7844.png,Flamyd,Training
img_7848.png,Flexibac,Training
img_7849.png,Flexibac,Training
img_7850.png,Flexibac,Training
img_7851.png,Flexibac,Training
img_7853.png,Flexibac,Training
img_7854.png,Flexibac,Training
img_7855.png,Flexibac,Training
img_7856.png,Flexibac,Training
img_7857.png,Flexibac,Training
img_7858.png,Flexibac,Training
img_7859.png,Flexibac,Training
img_7860.png,Flexibac,Training
img_7861.png,Flexibac,Training
img_7862.png,Flexibac,Training
img_7863.png,Flexibac,Training
img_7864.png,Flexibac,Training
img_7865.png,Flexibac,Training
img_7866.png,Flexibac,Training
img_7867.png,Flexibac,Training
img_7868.png,Flexibac,Training
img_7869.png,Flexibac,Training
img_7870.png,Flexibac,Training
img_7871.png,Flexibac,Training
img_7872.png,Flexibac,Training
img_7873.png,Flexibac,Training
img_7874.png,Flexibac,Training
img_7876.png,Flexibac,Training
img_7877.png,Flexibac,Training
img_7880.png,Flexibac,Training
img_7882.png,Flexibac,Training
img_7883.png,Flexibac,Training
img_7884.png,Flexibac,Training
img_7885.png,Flexibac,Training
img_7886.png,Flexibac,Training
img_7887.png,Flexibac,Training
img_7888.png,Flexilax,Training
img_7889.png,Flexilax,Training
img_7890.png,Flexilax,Training
img_7891.png,Flexilax,Training
img_7892.png,Flexilax,Training
img_7893.png,Flexilax,Training
img_7894.png,Flexilax,Training
img_7895.png,Flexilax,Training
img_7896.png,Flexilax,Training
img_7897.png,Flexilax,Training
img_7898.png,Flexilax,Training
img_7899.png,Flexilax,Training
img_7900.png,Flexilax,Training
img_7901.png,Flexilax,Training
img_7903.png,Flexilax,Training
img_7904.png,Flexilax,Training
img_7905.png,Flexilax,Training
img_7906.png,Flexilax,Training
img_7907.png,Flexilax,Training
img_7908.png,Flexilax,Training
img_7909.png,Flexilax,Training
img_7910.png,Flexilax,Training
img_7911.png,Flexilax,Training
img_7913.png,Flexilax,Training
img_7915.png,Flexilax,Training
img_7917.png,Flexilax,Training
img_7918.png,Flexilax,Training
img_7920.png,Flexilax,Training
img_7921.png,Flexilax,Training
img_7922.png,Flexilax,Training
img_7924.png,Flexilax,Training
img_7925.png,Flexilax,Training
img_7926.png,Flexilax,Training
img_7927.png,Flexilax,Training
img_7928.png,Flugal,Training
img_7929.png,Flugal,Training
img_7930.png,Flugal,Training
img_7931.png,Flugal,Training
img_7932.png,Flugal,Training
img_7933.png,Flugal,Training
img_7935.png,Flugal,Training
img_7936.png,Flugal,Training
img_7937.png,Flugal,Training
img_7938.png,Flugal,Training
img_7939.png,Flugal,Training
img_7941.png,Flugal,Training
img_7942.png,Flugal,Training
img_7943.png,Flugal,Training
img_7944.png,Flugal,Training
img_7945.png,Flugal,Training
img_7946.png,Flugal,Training
img_7947.png,Flugal,Training
img_7948.png,Flugal,Training
img_7949.png,Flugal,Training
img_7950.png,Flugal,Training
img_7951.png,Flugal,Training
img_7952.png,Flugal,Training
img_7953.png,Flugal,Training
img_7954.png,Flugal,Training
img_7955.png,Flugal,Training
img_7956.png,Flugal,Training
img_7958.png,Flugal,Training
img_7959.png,Flugal,Training
img_7960.png,Flugal,Training
img_7961.png,Flugal,Training
img_7962.png,Flugal,Training
img_7964.png,Flugal,Training
img_7965.png,Flugal,Training
img_7966.png,Flugal,Training
img_7967.png,Flugal,Training
img_7968.png,Ketocon,Training
img_7969.png,Ketocon,Training
img_7970.png,Ketocon,Training
img_7971.png,Ketocon,Training
img_7972.png,Ketocon,Training
img_7973.png,Ketocon,Training
img_7974.png,Ketocon,Training
img_7975.png,Ketocon,Training
img_7976.png,Ketocon,Training
img_7977.png,Ketocon,Training
img_7978.png,Ketocon,Training
img_7979.png,Ketocon,Training
img_7980.png,Ketocon,Training
img_7981.png,Ketocon,Training
img_7982.png,Ketocon,Training
img_7983.png,Ketocon,Training
img_7984.png,Ketocon,Training
img_7986.png,Ketocon,Training
img_7987.png,Ketocon,Training
img_7988.png,Ketocon,Training
img_7989.png,Ketocon,Training
img_7990.png,Ketocon,Training
img_7991.png,Ketocon,Training
img_7992.png,Ketocon,Training
img_7993.png,Ketocon,Training
img_7994.png,Ketocon,Training
img_7995.png,Ketocon,Training
img_7996.png,Ketocon,Training
img_7997.png,Ketocon,Training
img_7998.png,Ketocon,Training
img_7999.png,Ketocon,Training
img_8000.png,Ketocon,Training
img_8002.png,Ketocon,Training
img_8003.png,Ketocon,Training
img_8004.png,Ketocon,Training
img_8005.png,Ketocon,Training
img_8006.png,Ketocon,Training
img_8007.png,Ketocon,Training
img_8008.png,Ketoral,Training
img_8009.png,Ketoral,Training
img_8010.png,Ketoral,Training
img_8011.png,Ketoral,Training
img_8013.png,Ketoral,Training
img_8014.png,Ketoral,Training
img_8015.png,Ketoral,Training
img_8016.png,Ketoral,Training
img_8017.png,Ketoral,Training
img_8018.png,Ketoral,Training
img_8019.png,Ketoral,Training
img_8020.png,Ketoral,Training
img_8021.png,Ketoral,Training
img_8022.png,Ketoral,Training
img_8023.png,Ketoral,Training
img_8024.png,Ketoral,Training
img_8025.png,Ketoral,Training
img_8026.png,Ketoral,Training
img_8027.png,Ketoral,Training
img_8028.png,Ketoral,Training
img_8029.png,Ketoral,Training
img_8030.png,Ketoral,Training
img_8031.png,Ketoral,Training
img_8032.png,Ketoral,Training
img_8033.png,Ketoral,Training
img_8034.png,Ketoral,Training
img_8035.png,Ketoral,Training
img_8036.png,Ketoral,Training
img_8037.png,Ketoral,Training
img_8038.png,Ketoral,Training
img_8039.png,Ketoral,Training
img_8040.png,Ketoral,Training
img_8042.png,Ketoral,Training
img_8043.png,Ketoral,Training
img_8044.png,Ketoral,Training
img_8045.png,Ketoral,Training
img_8046.png,Ketoral,Training
img_8047.png,Ketoral,Training
img_8048.png,Ketotab,Training
img_8049.png,Ketotab,Training
img_8050.png,Ketotab,Training
img_8052.png,Ketotab,Training
img_8053.png,Ketotab,Training
img_8054.png,Ketotab,Training
img_8055.png,Ketotab,Training
img_8056.png,Ketotab,Training
img_8057.png,Ketotab,Training
img_8058.png,Ketotab,Training
img_8059.png,Ketotab,Training
img_8061.png,Ketotab,Training
img_8062.png,Ketotab,Training
img_8063.png,Ketotab,Training
img_8064.png,Ketotab,Training
img_8065.png,Ketotab,Training
img_8066.png,Ketotab,Training
img_8067.png,Ketotab,Training
img_8068.png,Ketotab,Training
img_8069.png,Ketotab,Training
img_8070.png,Ketotab,Training
img_8071.png,Ketotab,Training
img_8072.png,Ketotab,Training
img_8073.png,Ketotab,Training
img_8074.png,Ketotab,Training
img_8075.png,Ketotab,Training
img_8076.png,Ketotab,Training
img_8077.png,Ketotab,Training
img_8079.png,Ketotab,Training
img_8081.png,Ketotab,Training
img_8083.png,Ketotab,Training
img_8085.png,Ketotab,Training
img_8086.png,Ketotab,Training
img_8087.png,Ketotab,Training
img_8088.png,Ketozol,Training
img_8089.png,Ketozol,Training
img_8090.png,Ketozol,Training
img_8091.png,Ketozol,Training
img_8092.png,Ketozol,Training
img_8093.png,Ketozol,Training
img_8095.png,Ketozol,Training
img_8096.png,Ketozol,Training
img_8097.png,Ketozol,Training
img_8098.png,Ketozol,Training
img_8099.png,Ketozol,Training
img_8101.png,Ketozol,Training
img_8102.png,Ketozol,Training
img_8103.png,Ketozol,Training
img_8104.png,Ketozol,Training
img_8106.png,Ketozol,Training
img_8107.png,Ketozol,Training
img_8108.png,Ketozol,Training
img_8109.png,Ketozol,Training
img_8110.png,Ketozol,Training
img_8111.png,Ketozol,Training
img_8112.png,Ketozol,Training
img_8113.png,Ketozol,Training
img_8114.png,Ketozol,Training
img_8115.png,Ketozol,Training
img_8116.png,Ketozol,Training
img_8117.png,Ketozol,Training
img_8118.png,Ketozol,Training
img_8120.png,Ketozol,Training
img_8125.png,Ketozol,Training
img_8126.png,Ketozol,Training
img_8127.png,Ketozol,Training
img_8128.png,Leptic,Training
img_8129.png,Leptic,Training
img_8130.png,Leptic,Training
img_8131.png,Leptic,Training
img_8132.png,Leptic,Training
img_8133.png,Leptic,Training
img_8134.png,Leptic,Training
img_8135.png,Leptic,Training
img_8136.png,Leptic,Training
img_8137.png,Leptic,Training
img_8138.png,Leptic,Training
img_8139.png,Leptic,Training
img_8140.png,Leptic,Training
img_8141.png,Leptic,Training
img_8142.png,Leptic,Training
img_8143.png,Leptic,Training
img_8144.png,Leptic,Training
img_8145.png,Leptic,Training
img_8146.png,Leptic,Training
img_8147.png,Leptic,Training
img_8148.png,Leptic,Training
img_8149.png,Leptic,Training
img_8150.png,Leptic,Training
img_8151.png,Leptic,Training
img_8152.png,Leptic,Training
img_8153.png,Leptic,Training
img_8154.png,Leptic,Training
img_8155.png,Leptic,Training
img_8156.png,Leptic,Training
img_8157.png,Leptic,Training
img_8158.png,Leptic,Training
img_8159.png,Leptic,Training
img_8160.png,Leptic,Training
img_8161.png,Leptic,Training
img_8162.png,Leptic,Training
img_8163.png,Leptic,Training
img_8164.png,Leptic,Training
img_8165.png,Leptic,Training
img_8166.png,Leptic,Training
img_8167.png,Leptic,Training
img_8168.png,Lucan-R,Training
img_8169.png,Lucan-R,Training
img_8170.png,Lucan-R,Training
img_8171.png,Lucan-R,Training
img_8172.png,Lucan-R,Training
img_8173.png,Lucan-R,Training
img_8174.png,Lucan-R,Training
img_8175.png,Lucan-R,Training
img_8176.png,Lucan-R,Training
img_8177.png,Lucan-R,Training
img_8178.png,Lucan-R,Training
img_8179.png,Lucan-R,Training
img_8180.png,Lucan-R,Training
img_8181.png,Lucan-R,Training
img_8182.png,Lucan-R,Training
img_8183.png,Lucan-R,Training
img_8184.png,Lucan-R,Training
img_8185.png,Lucan-R,Training
img_8186.png,Lucan-R,Training
img_8187.png,Lucan-R,Training
img_8188.png,Lucan-R,Training
img_8189.png,Lucan-R,Training
img_8190.png,Lucan-R,Training
img_8191.png,Lucan-R,Training
img_8192.png,Lucan-R,Training
img_8193.png,Lucan-R,Training
img_8194.png,Lucan-R,Training
img_8195.png,Lucan-R,Training
img_8196.png,Lucan-R,Training
img_8197.png,Lucan-R,Training
img_8198.png,Lucan-R,Training
img_8199.png,Lucan-R,Training
img_8200.png,Lucan-R,Training
img_8201.png,Lucan-R,Training
img_8202.png,Lucan-R,Training
img_8203.png,Lucan-R,Training
img_8204.png,Lucan-R,Training
img_8205.png,Lucan-R,Training
img_8206.png,Lucan-R,Training
img_8207.png,Lucan-R,Training
img_8208.png,Lumona,Training
img_8209.png,Lumona,Training
img_8210.png,Lumona,Training
img_8211.png,Lumona,Training
img_8213.png,Lumona,Training
img_8214.png,Lumona,Training
img_8215.png,Lumona,Training
img_8216.png,Lumona,Training
img_8217.png,Lumona,Training
img_8218.png,Lumona,Training
img_8219.png,Lumona,Training
img_8220.png,Lumona,Training
img_8221.png,Lumona,Training
img_8222.png,Lumona,Training
img_8223.png,Lumona,Training
img_8224.png,Lumona,Training
img_8225.png,Lumona,Training
img_8226.png,Lumona,Training
img_8228.png,Lumona,Training
img_8229.png,Lumona,Training
img_8230.png,Lumona,Training
img_8231.png,Lumona,Training
img_8232.png,Lumona,Training
img_8233.png,Lumona,Training
img_8234.png,Lumona,Training
img_8236.png,Lumona,Training
img_8237.png,Lumona,Training
img_8242.png,Lumona,Training
img_8243.png,Lumona,Training
img_8244.png,Lumona,Training
img_8245.png,Lumona,Training
img_8246.png,Lumona,Training
img_8247.png,Lumona,Training
img_8248.png,M-Kast,Training
img_8249.png,M-Kast,Training
img_8250.png,M-Kast,Training
img_8251.png,M-Kast,Training
img_8252.png,M-Kast,Training
img_8253.png,M-Kast,Training
img_8254.png,M-Kast,Training
img_8255.png,M-Kast,Training
img_8256.png,M-Kast,Training
img_8257.png,M-Kast,Training
img_8258.png,M-Kast,Training
img_8259.png,M-Kast,Training
img_8260.png,M-Kast,Training
img_8261.png,M-Kast,Training
img_8262.png,M-Kast,Training
img_8263.png,M-Kast,Training
img_8264.png,M-Kast,Training
img_8265.png,M-Kast,Training
img_8266.png,M-Kast,Training
img_8267.png,M-Kast,Training
img_8268.png,M-Kast,Training
img_8269.png,M-Kast,Training
img_8270.png,M-Kast,Training
img_8271.png,M-Kast,Training
img_8272.png,M-Kast,Training
img_8273.png,M-Kast,Training
img_8274.png,M-Kast,Training
img_8275.png,M-Kast,Training
img_8276.png,M-Kast,Training
img_8277.png,M-Kast,Training
img_8278.png,M-Kast,Training
img_8279.png,M-Kast,Training
img_8280.png,M-Kast,Training
img_8281.png,M-Kast,Training
img_8282.png,M-Kast,Training
img_8283.png,M-Kast,Training
img_8284.png,M-Kast,Training
img_8285.png,M-Kast,Training
img_8286.png,M-Kast,Training
img_8287.png,M-Kast,Training
img_8288.png,Maxima,Training
img_8290.png,Maxima,Training
img_8291.png,Maxima,Training
img_8293.png,Maxima,Training
img_8294.png,Maxima,Training
img_8295.png,Maxima,Training
img_8296.png,Maxima,Training
img_8297.png,Maxima,Training
img_8298.png,Maxima,Training
img_8299.png,Maxima,Training
img_8300.png,Maxima,Training
img_8301.png,Maxima,Training
img_8302.png,Maxima,Training
img_8303.png,Maxima,Training
img_8305.png,Maxima,Training
img_8306.png,Maxima,Training
img_8307.png,Maxima,Training
img_8308.png,Maxima,Training
img_8309.png,Maxima,Training
img_8310.png,Maxima,Training
img_8311.png,Maxima,Training
img_8312.png,Maxima,Training
img_8313.png,Maxima,Training
img_8314.png,Maxima,Training
img_8315.png,Maxima,Training
img_8316.png,Maxima,Training
img_8318.png,Maxima,Training
img_8322.png,Maxima,Training
img_8323.png,Maxima,Training
img_8324.png,Maxima,Training
img_8325.png,Maxima,Training
img_8326.png,Maxima,Training
img_8327.png,Maxima,Training
img_8328.png,Maxpro,Training
img_8330.png,Maxpro,Training
img_8331.png,Maxpro,Training
img_8332.png,Maxpro,Training
img_8333.png,Maxpro,Training
img_8334.png,Maxpro,Training
img_8336.png,Maxpro,Training
img_8337.png,Maxpro,Training
img_8338.png,Maxpro,Training
img_8339.png,Maxpro,Training
img_8340.png,Maxpro,Training
img_8341.png,Maxpro,Training
img_8342.png,Maxpro,Training
img_8343.png,Maxpro,Training
img_8344.png,Maxpro,Training
img_8346.png,Maxpro,Training
img_8347.png,Maxpro,Training
img_8348.png,Maxpro,Training
img_8349.png,Maxpro,Training
img_8350.png,Maxpro,Training
img_8351.png,Maxpro,Training
img_8352.png,Maxpro,Training
img_8353.png,Maxpro,Training
img_8354.png,Maxpro,Training
img_8355.png,Maxpro,Training
img_8357.png,Maxpro,Training
img_8359.png,Maxpro,Training
img_8360.png,Maxpro,Training
img_8363.png,Maxpro,Training
img_8364.png,Maxpro,Training
img_8365.png,Maxpro,Training
img_8366.png,Maxpro,Training
img_8367.png,Maxpro,Training
img_8368.png,Metro,Training
img_8369.png,Metro,Training
img_8370.png,Metro,Training
img_8371.png,Metro,Training
img_8372.png,Metro,Training
img_8373.png,Metro,Training
img_8374.png,Metro,Training
img_8375.png,Metro,Training
img_8376.png,Metro,Training
img_8377.png,Metro,Training
img_8378.png,Metro,Training
img_8379.png,Metro,Training
img_8380.png,Metro,Training
img_8381.png,Metro,Training
img_8382.png,Metro,Training
img_8383.png,Metro,Training
img_8385.png,Metro,Training
img_8386.png,Metro,Training
img_8387.png,Metro,Training
img_8388.png,Metro,Training
img_8389.png,Metro,Training
img_8390.png,Metro,Training
img_8391.png,Metro,Training
img_8392.png,Metro,Training
img_8393.png,Metro,Training
img_8394.png,Metro,Training
img_8395.png,Metro,Training
img_8396.png,Metro,Training
img_8398.png,Metro,Training
img_8399.png,Metro,Training
img_8400.png,Metro,Training
img_8401.png,Metro,Training
img_8402.png,Metro,Training
img_8405.png,Metro,Training
img_8406.png,Metro,Training
img_8407.png,Metro,Training
img_8408.png,Metsina,Training
img_8409.png,Metsina,Training
img_8410.png,Metsina,Training
img_8411.png,Metsina,Training
img_8413.png,Metsina,Training
img_8414.png,Metsina,Training
img_8415.png,Metsina,Training
img_8416.png,Metsina,Training
img_8417.png,Metsina,Training
img_8418.png,Metsina,Training
img_8419.png,Metsina,Training
img_8420.png,Metsina,Training
img_8421.png,Metsina,Training
img_8422.png,Metsina,Training
img_8423.png,Metsina,Training
img_8424.png,Metsina,Training
img_8425.png,Metsina,Training
img_8426.png,Metsina,Training
img_8427.png,Metsina,Training
img_8428.png,Metsina,Training
img_8429.png,Metsina,Training
img_8430.png,Metsina,Training
img_8431.png,Metsina,Training
img_8433.png,Metsina,Training
img_8435.png,Metsina,Training
img_8436.png,Metsina,Training
img_8437.png,Metsina,Training
img_8439.png,Metsina,Training
img_8440.png,Metsina,Training
img_8442.png,Metsina,Training
img_8443.png,Metsina,Training
img_8444.png,Metsina,Training
img_8445.png,Metsina,Training
img_8446.png,Metsina,Training
img_8447.png,Metsina,Training
img_8448.png,Monas,Training
img_8449.png,Monas,Training
img_8450.png,Monas,Training
img_8451.png,Monas,Training
img_8452.png,Monas,Training
img_8453.png,Monas,Training
img_8454.png,Monas,Training
img_8455.png,Monas,Training
img_8456.png,Monas,Training
img_8457.png,Monas,Training
img_8458.png,Monas,Training
img_8459.png,Monas,Training
img_8460.png,Monas,Training
img_8461.png,Monas,Training
img_8462.png,Monas,Training
img_8463.png,Monas,Training
img_8464.png,Monas,Training
img_8465.png,Monas,Training
img_8466.png,Monas,Training
img_8468.png,Monas,Training
img_8469.png,Monas,Training
img_8470.png,Monas,Training
img_8471.png,Monas,Training
img_8472.png,Monas,Training
img_8474.png,Monas,Training
img_8475.png,Monas,Training
img_8476.png,Monas,Training
img_8477.png,Monas,Training
img_8478.png,Monas,Training
img_8480.png,Monas,Training
img_8481.png,Monas,Training
img_8482.png,Monas,Training
img_8483.png,Monas,Training
img_8484.png,Monas,Training
img_8485.png,Monas,Training
img_8486.png,Monas,Training
img_8487.png,Monas,Training
img_8488.png,Montair,Training
img_8489.png,Montair,Training
img_8490.png,Montair,Training
img_8491.png,Montair,Training
img_8492.png,Montair,Training
img_8493.png,Montair,Training
img_8494.png,Montair,Training
img_8495.png,Montair,Training
img_8496.png,Montair,Training
img_8497.png,Montair,Training
img_8498.png,Montair,Training
img_8499.png,Montair,Training
img_8500.png,Montair,Training
img_8502.png,Montair,Training
img_8504.png,Montair,Training
img_8505.png,Montair,Training
img_8506.png,Montair,Training
img_8507.png,Montair,Training
img_8508.png,Montair,Training
img_8509.png,Montair,Training
img_8510.png,Montair,Training
img_8511.png,Montair,Training
img_8512.png,Montair,Training
img_8513.png,Montair,Training
img_8514.png,Montair,Training
img_8515.png,Montair,Training
img_8516.png,Montair,Training
img_8517.png,Montair,Training
img_8518.png,Montair,Training
img_8519.png,Montair,Training
img_8520.png,Montair,Training
img_8521.png,Montair,Training
img_8522.png,Montair,Training
img_8523.png,Montair,Training
img_8524.png,Montair,Training
img_8525.png,Montair,Training
img_8526.png,Montair,Training
img_8527.png,Montair,Training
img_8528.png,Montene,Training
img_8529.png,Montene,Training
img_8530.png,Montene,Training
img_8531.png,Montene,Training
img_8532.png,Montene,Training
img_8533.png,Montene,Training
img_8534.png,Montene,Training
img_8535.png,Montene,Training
img_8536.png,Montene,Training
img_8537.png,Montene,Training
img_8538.png,Montene,Training
img_8539.png,Montene,Training
img_8540.png,Montene,Training
img_8541.png,Montene,Training
img_8542.png,Montene,Training
img_8543.png,Montene,Training
img_8544.png,Montene,Training
img_8545.png,Montene,Training
img_8546.png,Montene,Training
img_8547.png,Montene,Training
img_8548.png,Montene,Training
img_8549.png,Montene,Training
img_8550.png,Montene,Training
img_8551.png,Montene,Training
img_8552.png,Montene,Training
img_8553.png,Montene,Training
img_8554.png,Montene,Training
img_8555.png,Montene,Training
img_8556.png,Montene,Training
img_8557.png,Montene,Training
img_8558.png,Montene,Training
img_8559.png,Montene,Training
img_8560.png,Montene,Training
img_8561.png,Montene,Training
img_8562.png,Montene,Training
img_8563.png,Montene,Training
img_8564.png,Montene,Training
img_8565.png,Montene,Training
img_8566.png,Montene,Training
img_8567.png,Montene,Training
img_8568.png,Montex,Training
img_8569.png,Montex,Training
img_8570.png,Montex,Training
img_8571.png,Montex,Training
img_8572.png,Montex,Training
img_8573.png,Montex,Training
img_8574.png,Montex,Training
img_8575.png,Montex,Training
img_8576.png,Montex,Training
img_8577.png,Montex,Training
img_8578.png,Montex,Training
img_8579.png,Montex,Training
img_8580.png,Montex,Training
img_8581.png,Montex,Training
img_8582.png,Montex,Training
img_8583.png,Montex,Training
img_8584.png,Montex,Training
img_8585.png,Montex,Training
img_8586.png,Montex,Training
img_8587.png,Montex,Training
img_8588.png,Montex,Training
img_8589.png,Montex,Training
img_8590.png,Montex,Training
img_8591.png,Montex,Training
img_8592.png,Montex,Training
img_8593.png,Montex,Training
img_8594.png,Montex,Training
img_8595.png,Montex,Training
img_8596.png,Montex,Training
img_8597.png,Montex,Training
img_8598.png,Montex,Training
img_8599.png,Montex,Training
img_8600.png,Montex,Training
img_8601.png,Montex,Training
img_8602.png,Montex,Training
img_8603.png,Montex,Training
img_8604.png,Montex,Training
img_8605.png,Montex,Training
img_8606.png,Montex,Training
img_8607.png,Montex,Training
img_8608.png,Napa Extend,Training
img_8609.png,Napa Extend,Training
img_8610.png,Napa Extend,Training
img_8611.png,Napa Extend,Training
img_8612.png,Napa Extend,Training
img_8613.png,Napa Extend,Training
img_8614.png,Napa Extend,Training
img_8615.png,Napa Extend,Training
img_8616.png,Napa Extend,Training
img_8617.png,Napa Extend,Training
img_8618.png,Napa Extend,Training
img_8619.png,Napa Extend,Training
img_8620.png,Napa Extend,Training
img_8621.png,Napa Extend,Training
img_8622.png,Napa Extend,Training
img_8623.png,Napa Extend,Training
img_8624.png,Napa Extend,Training
img_8625.png,Napa Extend,Training
img_8626.png,Napa Extend,Training
img_8627.png,Napa Extend,Training
img_8628.png,Napa Extend,Training
img_8629.png,Napa Extend,Training
img_8630.png,Napa Extend,Training
img_8631.png,Napa Extend,Training
img_8632.png,Napa Extend,Training
img_8633.png,Napa Extend,Training
img_8634.png,Napa Extend,Training
img_8635.png,Napa Extend,Training
img_8636.png,Napa Extend,Training
img_8637.png,Napa Extend,Training
img_8638.png,Napa Extend,Training
img_8639.png,Napa Extend,Training
img_8640.png,Napa Extend,Training
img_8641.png,Napa Extend,Training
img_8642.png,Napa Extend,Training
img_8643.png,Napa Extend,Training
img_8644.png,Napa Extend,Training
img_8645.png,Napa Extend,Training
img_8646.png,Napa Extend,Training
img_8647.png,Napa Extend,Training
img_8648.png,Napa,Training
img_8649.png,Napa,Training
img_8650.png,Napa,Training
img_8651.png,Napa,Training
img_8652.png,Napa,Training
img_8653.png,Napa,Training
img_8654.png,Napa,Training
img_8655.png,Napa,Training
img_8656.png,Napa,Training
img_8657.png,Napa,Training
img_8658.png,Napa,Training
img_8659.png,Napa,Training
img_8660.png,Napa,Training
img_8661.png,Napa,Training
img_8662.png,Napa,Training
img_8663.png,Napa,Training
img_8664.png,Napa,Training
img_8665.png,Napa,Training
img_8666.png,Napa,Training
img_8667.png,Napa,Training
img_8668.png,Napa,Training
img_8669.png,Napa,Training
img_8670.png,Napa,Training
img_8671.png,Napa,Training
img_8672.png,Napa,Training
img_8673.png,Napa,Training
img_8674.png,Napa,Training
img_8675.png,Napa,Training
img_8676.png,Napa,Training
img_8677.png,Napa,Training
img_8678.png,Napa,Training
img_8679.png,Napa,Training
img_8680.png,Napa,Training
img_8681.png,Napa,Training
img_8682.png,Napa,Training
img_8683.png,Napa,Training
img_8684.png,Napa,Training
img_8685.png,Napa,Training
img_8686.png,Napa,Training
img_8687.png,Napa,Training
img_8688.png,Nexcap,Training
img_8689.png,Nexcap,Training
img_8690.png,Nexcap,Training
img_8691.png,Nexcap,Training
img_8692.png,Nexcap,Training
img_8693.png,Nexcap,Training
img_8694.png,Nexcap,Training
img_8695.png,Nexcap,Training
img_8696.png,Nexcap,Training
img_8697.png,Nexcap,Training
img_8698.png,Nexcap,Training
img_8699.png,Nexcap,Training
img_8700.png,Nexcap,Training
img_8701.png,Nexcap,Training
img_8702.png,Nexcap,Training
img_8703.png,Nexcap,Training
img_8704.png,Nexcap,Training
img_8705.png,Nexcap,Training
img_8706.png,Nexcap,Training
img_8707.png,Nexcap,Training
img_8708.png,Nexcap,Training
img_8709.png,Nexcap,Training
img_8710.png,Nexcap,Training
img_8711.png,Nexcap,Training
img_8712.png,Nexcap,Training
img_8714.png,Nexcap,Training
img_8716.png,Nexcap,Training
img_8717.png,Nexcap,Training
img_8718.png,Nexcap,Training
img_8720.png,Nexcap,Training
img_8723.png,Nexcap,Training
img_8724.png,Nexcap,Training
img_8725.png,Nexcap,Training
img_8726.png,Nexcap,Training
img_8727.png,Nexcap,Training
img_8728.png,Nexum,Training
img_8729.png,Nexum,Training
img_8730.png,Nexum,Training
img_8731.png,Nexum,Training
img_8732.png,Nexum,Training
img_8733.png,Nexum,Training
img_8734.png,Nexum,Training
img_8735.png,Nexum,Training
img_8736.png,Nexum,Training
img_8737.png,Nexum,Training
img_8738.png,Nexum,Training
img_8739.png,Nexum,Training
img_8740.png,Nexum,Training
img_8741.png,Nexum,Training
img_8742.png,Nexum,Training
img_8744.png,Nexum,Training
img_8745.png,Nexum,Training
img_8746.png,Nexum,Training
img_8747.png,Nexum,Training
img_8748.png,Nexum,Training
img_8749.png,Nexum,Training
img_8750.png,Nexum,Training
img_8751.png,Nexum,Training
img_8752.png,Nexum,Training
img_8753.png,Nexum,Training
img_8754.png,Nexum,Training
img_8755.png,Nexum,Training
img_8756.png,Nexum,Training
img_8757.png,Nexum,Training
img_8758.png,Nexum,Training
img_8759.png,Nexum,Training
img_8760.png,Nexum,Training
img_8761.png,Nexum,Training
img_8762.png,Nexum,Training
img_8763.png,Nexum,Training
img_8764.png,Nexum,Training
img_8766.png,Nexum,Training
img_8768.png,Nidazyl,Training
img_8769.png,Nidazyl,Training
img_8770.png,Nidazyl,Training
img_8771.png,Nidazyl,Training
img_8772.png,Nidazyl,Training
img_8773.png,Nidazyl,Training
img_8774.png,Nidazyl,Training
img_8775.png,Nidazyl,Training
img_8776.png,Nidazyl,Training
img_8777.png,Nidazyl,Training
img_8778.png,Nidazyl,Training
img_8779.png,Nidazyl,Training
img_8780.png,Nidazyl,Training
img_8781.png,Nidazyl,Training
img_8782.png,Nidazyl,Training
img_8783.png,Nidazyl,Training
img_8784.png,Nidazyl,Training
img_8785.png,Nidazyl,Training
img_8786.png,Nidazyl,Training
img_8787.png,Nidazyl,Training
img_8788.png,Nidazyl,Training
img_8789.png,Nidazyl,Training
img_8790.png,Nidazyl,Training
img_8791.png,Nidazyl,Training
img_8792.png,Nidazyl,Training
img_8793.png,Nidazyl,Training
img_8794.png,Nidazyl,Training
img_8795.png,Nidazyl,Training
img_8796.png,Nidazyl,Training
img_8797.png,Nidazyl,Training
img_8798.png,Nidazyl,Training
img_8800.png,Nidazyl,Training
img_8802.png,Nidazyl,Training
img_8803.png,Nidazyl,Training
img_8804.png,Nidazyl,Training
img_8805.png,Nidazyl,Training
img_8806.png,Nidazyl,Training
img_8807.png,Nidazyl,Training
img_8808.png,Nizoder,Training
img_8809.png,Nizoder,Training
img_8810.png,Nizoder,Training
img_8811.png,Nizoder,Training
img_8812.png,Nizoder,Training
img_8813.png,Nizoder,Training
img_8814.png,Nizoder,Training
img_8815.png,Nizoder,Training
img_8816.png,Nizoder,Training
img_8817.png,Nizoder,Training
img_8818.png,Nizoder,Training
img_8819.png,Nizoder,Training
img_8820.png,Nizoder,Training
img_8821.png,Nizoder,Training
img_8822.png,Nizoder,Training
img_8823.png,Nizoder,Training
img_8824.png,Nizoder,Training
img_8825.png,Nizoder,Training
img_8826.png,Nizoder,Training
img_8827.png,Nizoder,Training
img_8828.png,Nizoder,Training
img_8829.png,Nizoder,Training
img_8830.png,Nizoder,Training
img_8831.png,Nizoder,Training
img_8832.png,Nizoder,Training
img_8833.png,Nizoder,Training
img_8834.png,Nizoder,Training
img_8835.png,Nizoder,Training
img_8836.png,Nizoder,Training
img_8837.png,Nizoder,Training
img_8838.png,Nizoder,Training
img_8839.png,Nizoder,Training
img_8840.png,Nizoder,Training
img_8841.png,Nizoder,Training
img_8842.png,Nizoder,Training
img_8843.png,Nizoder,Training
img_8844.png,Nizoder,Training
img_8845.png,Nizoder,Training
img_8846.png,Nizoder,Training
img_8848.png,Odmon,Training
img_8849.png,Odmon,Training
img_8850.png,Odmon,Training
img_8851.png,Odmon,Training
img_8852.png,Odmon,Training
img_8853.png,Odmon,Training
img_8854.png,Odmon,Training
img_8855.png,Odmon,Training
img_8856.png,Odmon,Training
img_8857.png,Odmon,Training
img_8858.png,Odmon,Training
img_8859.png,Odmon,Training
img_8860.png,Odmon,Training
img_8861.png,Odmon,Training
img_8862.png,Odmon,Training
img_8863.png,Odmon,Training
img_8864.png,Odmon,Training
img_8865.png,Odmon,Training
img_8866.png,Odmon,Training
img_8867.png,Odmon,Training
img_8868.png,Odmon,Training
img_8869.png,Odmon,Training
img_8870.png,Odmon,Training
img_8871.png,Odmon,Training
img_8872.png,Odmon,Training
img_8873.png,Odmon,Training
img_8874.png,Odmon,Training
img_8875.png,Odmon,Training
img_8877.png,Odmon,Training
img_8878.png,Odmon,Training
img_8879.png,Odmon,Training
img_8880.png,Odmon,Training
img_8881.png,Odmon,Training
img_8882.png,Odmon,Training
img_8883.png,Odmon,Training
img_8884.png,Odmon,Training
img_8885.png,Odmon,Training
img_8886.png,Odmon,Training
img_8887.png,Odmon,Training
img_8888.png,Omastin,Training
img_8889.png,Omastin,Training
img_8890.png,Omastin,Training
img_8891.png,Omastin,Training
img_8893.png,Omastin,Training
img_8894.png,Omastin,Training
img_8895.png,Omastin,Training
img_8896.png,Omastin,Training
img_8897.png,Omastin,Training
img_8898.png,Omastin,Training
img_8899.png,Omastin,Training
img_8900.png,Omastin,Training
img_8902.png,Omastin,Training
img_8903.png,Omastin,Training
img_8904.png,Omastin,Training
img_8905.png,Omastin,Training
img_8906.png,Omastin,Training
img_8907.png,Omastin,Training
img_8908.png,Omastin,Training
img_8909.png,Omastin,Training
img_8910.png,Omastin,Training
img_8911.png,Omastin,Training
img_8912.png,Omastin,Training
img_8913.png,Omastin,Training
img_8914.png,Omastin,Training
img_8915.png,Omastin,Training
img_8916.png,Omastin,Training
img_8917.png,Omastin,Training
img_8920.png,Omastin,Training
img_8922.png,Omastin,Training
img_8923.png,Omastin,Training
img_8924.png,Omastin,Training
img_8925.png,Omastin,Training
img_8926.png,Omastin,Training
img_8927.png,Omastin,Training
img_8928.png,Opton,Training
img_8929.png,Opton,Training
img_8930.png,Opton,Training
img_8931.png,Opton,Training
img_8932.png,Opton,Training
img_8933.png,Opton,Training
img_8934.png,Opton,Training
img_8935.png,Opton,Training
img_8936.png,Opton,Training
img_8937.png,Opton,Training
img_8938.png,Opton,Training
img_8939.png,Opton,Training
img_8940.png,Opton,Training
img_8941.png,Opton,Training
img_8942.png,Opton,Training
img_8943.png,Opton,Training
img_8944.png,Opton,Training
img_8945.png,Opton,Training
img_8946.png,Opton,Training
img_8947.png,Opton,Training
img_8948.png,Opton,Training
img_8949.png,Opton,Training
img_8950.png,Opton,Training
img_8951.png,Opton,Training
img_8952.png,Opton,Training
img_8953.png,Opton,Training
img_8954.png,Opton,Training
img_8955.png,Opton,Training
img_8956.png,Opton,Training
img_8957.png,Opton,Training
img_8959.png,Opton,Training
img_8960.png,Opton,Training
img_8961.png,Opton,Training
img_8962.png,Opton,Training
img_8964.png,Opton,Training
img_8965.png,Opton,Training
img_8966.png,Opton,Training
img_8967.png,Opton,Training
img_8968.png,Progut,Training
img_8969.png,Progut,Training
img_8970.png,Progut,Training
img_8971.png,Progut,Training
img_8972.png,Progut,Training
img_8973.png,Progut,Training
img_8974.png,Progut,Training
img_8975.png,Progut,Training
img_8976.png,Progut,Training
img_8977.png,Progut,Training
img_8978.png,Progut,Training
img_8979.png,Progut,Training
img_8980.png,Progut,Training
img_8981.png,Progut,Training
img_8982.png,Progut,Training
img_8983.png,Progut,Training
img_8984.png,Progut,Training
img_8985.png,Progut,Training
img_8986.png,Progut,Training
img_8987.png,Progut,Training
img_8988.png,Progut,Training
img_8989.png,Progut,Training
img_8990.png,Progut,Training
img_8991.png,Progut,Training
img_8992.png,Progut,Training
img_8993.png,Progut,Training
img_8994.png,Progut,Training
img_8996.png,Progut,Training
img_8997.png,Progut,Training
img_8998.png,Progut,Training
img_8999.png,Progut,Training
img_9000.png,Progut,Training
img_9001.png,Progut,Training
img_9002.png,Progut,Training
img_9003.png,Progut,Training
img_9004.png,Progut,Training
img_9005.png,Progut,Training
img_9006.png,Progut,Training
img_9007.png,Progut,Training
img_9008.png,Provair,Training
img_9009.png,Provair,Training
img_9010.png,Provair,Training
img_9011.png,Provair,Training
img_9012.png,Provair,Training
img_9013.png,Provair,Training
img_9014.png,Provair,Training
img_9015.png,Provair,Training
img_9016.png,Provair,Training
img_9017.png,Provair,Training
img_9018.png,Provair,Training
img_9019.png,Provair,Training
img_9020.png,Provair,Training
img_9021.png,Provair,Training
img_9022.png,Provair,Training
img_9023.png,Provair,Training
img_9024.png,Provair,Training
img_9025.png,Provair,Training
img_9026.png,Provair,Training
img_9027.png,Provair,Training
img_9028.png,Provair,Training
img_9029.png,Provair,Training
img_9030.png,Provair,Training
img_9031.png,Provair,Training
img_9032.png,Provair,Training
img_9033.png,Provair,Training
img_9034.png,Provair,Training
img_9035.png,Provair,Training
img_9036.png,Provair,Training
img_9037.png,Provair,Training
img_9038.png,Provair,Training
img_9039.png,Provair,Training
img_9040.png,Provair,Training
img_9041.png,Provair,Training
img_9042.png,Provair,Training
img_9043.png,Provair,Training
img_9045.png,Provair,Training
img_9046.png,Provair,Training
img_9047.png,Provair,Training
img_9048.png,Renova,Training
img_9049.png,Renova,Training
img_9050.png,Renova,Training
img_9051.png,Renova,Training
img_9052.png,Renova,Training
img_9053.png,Renova,Training
img_9054.png,Renova,Training
img_9055.png,Renova,Training
img_9056.png,Renova,Training
img_9057.png,Renova,Training
img_9058.png,Renova,Training
img_9059.png,Renova,Training
img_9060.png,Renova,Training
img_9061.png,Renova,Training
img_9062.png,Renova,Training
img_9063.png,Renova,Training
img_9064.png,Renova,Training
img_9065.png,Renova,Training
img_9066.png,Renova,Training
img_9067.png,Renova,Training
img_9068.png,Renova,Training
img_9069.png,Renova,Training
img_9070.png,Renova,Training
img_9071.png,Renova,Training
img_9072.png,Renova,Training
img_9073.png,Renova,Training
img_9074.png,Renova,Training
img_9075.png,Renova,Training
img_9076.png,Renova,Training
img_9077.png,Renova,Training
img_9078.png,Renova,Training
img_9079.png,Renova,Training
img_9080.png,Renova,Training
img_9081.png,Renova,Training
img_9082.png,Renova,Training
img_9083.png,Renova,Training
img_9084.png,Renova,Training
img_9085.png,Renova,Training
img_9086.png,Renova,Training
img_9087.png,Renova,Training
img_9088.png,Rhinil,Training
img_9089.png,Rhinil,Training
img_9090.png,Rhinil,Training
img_9091.png,Rhinil,Training
img_9092.png,Rhinil,Training
img_9093.png,Rhinil,Training
img_9094.png,Rhinil,Training
img_9095.png,Rhinil,Training
img_9096.png,Rhinil,Training
img_9097.png,Rhinil,Training
img_9098.png,Rhinil,Training
img_9099.png,Rhinil,Training
img_9100.png,Rhinil,Training
img_9101.png,Rhinil,Training
img_9102.png,Rhinil,Training
img_9103.png,Rhinil,Training
img_9104.png,Rhinil,Training
img_9105.png,Rhinil,Training
img_9106.png,Rhinil,Training
img_9107.png,Rhinil,Training
img_9108.png,Rhinil,Training
img_9109.png,Rhinil,Training
img_9110.png,Rhinil,Training
img_9111.png,Rhinil,Training
img_9112.png,Rhinil,Training
img_9113.png,Rhinil,Training
img_9114.png,Rhinil,Training
img_9115.png,Rhinil,Training
img_9116.png,Rhinil,Training
img_9117.png,Rhinil,Training
img_9118.png,Rhinil,Training
img_9119.png,Rhinil,Training
img_9120.png,Rhinil,Training
img_9121.png,Rhinil,Training
img_9122.png,Rhinil,Training
img_9123.png,Rhinil,Training
img_9124.png,Rhinil,Training
img_9125.png,Rhinil,Training
img_9126.png,Rhinil,Training
img_9127.png,Rhinil,Training
img_9128.png,Ritch,Training
img_9129.png,Ritch,Training
img_9130.png,Ritch,Training
img_9131.png,Ritch,Training
img_9132.png,Ritch,Training
img_9133.png,Ritch,Training
img_9134.png,Ritch,Training
img_9135.png,Ritch,Training
img_9136.png,Ritch,Training
img_9137.png,Ritch,Training
img_9138.png,Ritch,Training
img_9139.png,Ritch,Training
img_9140.png,Ritch,Training
img_9141.png,Ritch,Training
img_9142.png,Ritch,Training
img_9143.png,Ritch,Training
img_9144.png,Ritch,Training
img_9145.png,Ritch,Training
img_9146.png,Ritch,Training
img_9147.png,Ritch,Training
img_9148.png,Ritch,Training
img_9149.png,Ritch,Training
img_9150.png,Ritch,Training
img_9151.png,Ritch,Training
img_9152.png,Ritch,Training
img_9153.png,Ritch,Training
img_9154.png,Ritch,Training
img_9155.png,Ritch,Training
img_9156.png,Ritch,Training
img_9157.png,Ritch,Training
img_9158.png,Ritch,Training
img_9159.png,Ritch,Training
img_9160.png,Ritch,Training
img_9162.png,Ritch,Training
img_9163.png,Ritch,Training
img_9164.png,Ritch,Training
img_9165.png,Ritch,Training
img_9166.png,Ritch,Training
img_9167.png,Ritch,Training
img_9168.png,Rivotril,Training
img_9169.png,Rivotril,Training
img_9170.png,Rivotril,Training
img_9171.png,Rivotril,Training
img_9172.png,Rivotril,Training
img_9173.png,Rivotril,Training
img_9174.png,Rivotril,Training
img_9175.png,Rivotril,Training
img_9176.png,Rivotril,Training
img_9177.png,Rivotril,Training
img_9178.png,Rivotril,Training
img_9179.png,Rivotril,Training
img_9180.png,Rivotril,Training
img_9181.png,Rivotril,Training
img_9182.png,Rivotril,Training
img_9183.png,Rivotril,Training
img_9184.png,Rivotril,Training
img_9185.png,Rivotril,Training
img_9186.png,Rivotril,Training
img_9187.png,Rivotril,Training
img_9188.png,Rivotril,Training
img_9189.png,Rivotril,Training
img_9190.png,Rivotril,Training
img_9191.png,Rivotril,Training
img_9192.png,Rivotril,Training
img_9193.png,Rivotril,Training
img_9194.png,Rivotril,Training
img_9195.png,Rivotril,Training
img_9196.png,Rivotril,Training
img_9197.png,Rivotril,Training
img_9198.png,Rivotril,Training
img_9199.png,Rivotril,Training
img_9200.png,Rivotril,Training
img_9201.png,Rivotril,Training
img_9202.png,Rivotril,Training
img_9203.png,Rivotril,Training
img_9204.png,Rivotril,Training
img_9205.png,Rivotril,Training
img_9206.png,Rivotril,Training
img_9207.png,Rivotril,Training
img_9208.png,Romycin,Training
img_9209.png,Romycin,Training
img_9210.png,Romycin,Training
img_9211.png,Romycin,Training
img_9212.png,Romycin,Training
img_9213.png,Romycin,Training
img_9214.png,Romycin,Training
img_9215.png,Romycin,Training
img_9216.png,Romycin,Training
img_9217.png,Romycin,Training
img_9218.png,Romycin,Training
img_9219.png,Romycin,Training
img_9220.png,Romycin,Training
img_9221.png,Romycin,Training
img_9222.png,Romycin,Training
img_9223.png,Romycin,Training
img_9224.png,Romycin,Training
img_9225.png,Romycin,Training
img_9226.png,Romycin,Training
img_9227.png,Romycin,Training
img_9228.png,Romycin,Training
img_9229.png,Romycin,Training
img_9230.png,Romycin,Training
img_9231.png,Romycin,Training
img_9232.png,Romycin,Training
img_9233.png,Romycin,Training
img_9234.png,Romycin,Training
img_9235.png,Romycin,Training
img_9236.png,Romycin,Training
img_9237.png,Romycin,Training
img_9238.png,Romycin,Training
img_9239.png,Romycin,Training
img_9240.png,Romycin,Training
img_9241.png,Romycin,Training
img_9242.png,Romycin,Training
img_9243.png,Romycin,Training
img_9244.png,Romycin,Training
img_9245.png,Romycin,Training
img_9246.png,Romycin,Training
img_9247.png,Romycin,Training
img_9248.png,Rozith,Training
img_9249.png,Rozith,Training
img_9250.png,Rozith,Training
img_9251.png,Rozith,Training
img_9252.png,Rozith,Training
img_9253.png,Rozith,Training
img_9254.png,Rozith,Training
img_9255.png,Rozith,Training
img_9256.png,Rozith,Training
img_9257.png,Rozith,Training
img_9258.png,Rozith,Training
img_9259.png,Rozith,Training
img_9260.png,Rozith,Training
img_9261.png,Rozith,Training
img_9262.png,Rozith,Training
img_9263.png,Rozith,Training
img_9264.png,Rozith,Training
img_9265.png,Rozith,Training
img_9266.png,Rozith,Training
img_9267.png,Rozith,Training
img_9268.png,Rozith,Training
img_9269.png,Rozith,Training
img_9270.png,Rozith,Training
img_9271.png,Rozith,Training
img_9272.png,Rozith,Training
img_9273.png,Rozith,Training
img_9274.png,Rozith,Training
img_9275.png,Rozith,Training
img_9276.png,Rozith,Training
img_9277.png,Rozith,Training
img_9278.png,Rozith,Training
img_9279.png,Rozith,Training
img_9280.png,Rozith,Training
img_9281.png,Rozith,Training
img_9282.png,Rozith,Training
img_9283.png,Rozith,Training
img_9284.png,Rozith,Training
img_9285.png,Rozith,Training
img_9286.png,Rozith,Training
img_9287.png,Rozith,Training
img_9288.png,Sergel,Training
img_9289.png,Sergel,Training
img_9291.png,Sergel,Training
img_9292.png,Sergel,Training
img_9294.png,Sergel,Training
img_9295.png,Sergel,Training
img_9296.png,Sergel,Training
img_9297.png,Sergel,Training
img_9298.png,Sergel,Training
img_9299.png,Sergel,Training
img_9300.png,Sergel,Training
img_9301.png,Sergel,Training
img_9302.png,Sergel,Training
img_9303.png,Sergel,Training
img_9304.png,Sergel,Training
img_9305.png,Sergel,Training
img_9307.png,Sergel,Training
img_9309.png,Sergel,Training
img_9310.png,Sergel,Training
img_9311.png,Sergel,Training
img_9313.png,Sergel,Training
img_9315.png,Sergel,Training
img_9317.png,Sergel,Training
img_9318.png,Sergel,Training
img_9320.png,Sergel,Training
img_9321.png,Sergel,Training
img_9322.png,Sergel,Training
img_9323.png,Sergel,Training
img_9324.png,Sergel,Training
img_9325.png,Sergel,Training
img_9326.png,Sergel,Training
img_9327.png,Sergel,Training
img_9328.png,Tamen,Training
img_9329.png,Tamen,Training
img_9330.png,Tamen,Training
img_9331.png,Tamen,Training
img_9332.png,Tamen,Training
img_9333.png,Tamen,Training
img_9334.png,Tamen,Training
img_9335.png,Tamen,Training
img_9336.png,Tamen,Training
img_9337.png,Tamen,Training
img_9338.png,Tamen,Training
img_9339.png,Tamen,Training
img_9340.png,Tamen,Training
img_9341.png,Tamen,Training
img_9342.png,Tamen,Training
img_9343.png,Tamen,Training
img_9344.png,Tamen,Training
img_9346.png,Tamen,Training
img_9347.png,Tamen,Training
img_9348.png,Tamen,Training
img_9349.png,Tamen,Training
img_9350.png,Tamen,Training
img_9351.png,Tamen,Training
img_9352.png,Tamen,Training
img_9353.png,Tamen,Training
img_9354.png,Tamen,Training
img_9355.png,Tamen,Training
img_9356.png,Tamen,Training
img_9357.png,Tamen,Training
img_9358.png,Tamen,Training
img_9359.png,Tamen,Training
img_9360.png,Tamen,Training
img_9361.png,Tamen,Training
img_9362.png,Tamen,Training
img_9363.png,Tamen,Training
img_9364.png,Tamen,Training
img_9365.png,Tamen,Training
img_9366.png,Tamen,Training
img_9367.png,Tamen,Training
img_9368.png,Telfast,Training
img_9369.png,Telfast,Training
img_9370.png,Telfast,Training
img_9371.png,Telfast,Training
img_9372.png,Telfast,Training
img_9373.png,Telfast,Training
img_9374.png,Telfast,Training
img_9375.png,Telfast,Training
img_9376.png,Telfast,Training
img_9377.png,Telfast,Training
img_9378.png,Telfast,Training
img_9379.png,Telfast,Training
img_9380.png,Telfast,Training
img_9381.png,Telfast,Training
img_9382.png,Telfast,Training
img_9383.png,Telfast,Training
img_9384.png,Telfast,Training
img_9386.png,Telfast,Training
img_9387.png,Telfast,Training
img_9388.png,Telfast,Training
img_9390.png,Telfast,Training
img_9391.png,Telfast,Training
img_9392.png,Telfast,Training
img_9394.png,Telfast,Training
img_9395.png,Telfast,Training
img_9396.png,Telfast,Training
img_9397.png,Telfast,Training
img_9398.png,Telfast,Training
img_9399.png,Telfast,Training
img_9400.png,Telfast,Training
img_9401.png,Telfast,Training
img_9402.png,Telfast,Training
img_9403.png,Telfast,Training
img_9404.png,Telfast,Training
img_9405.png,Telfast,Training
img_9406.png,Telfast,Training
img_9407.png,Telfast,Training
img_9408.png,Tridosil,Training
img_9409.png,Tridosil,Training
img_9410.png,Tridosil,Training
img_9411.png,Tridosil,Training
img_9412.png,Tridosil,Training
img_9413.png,Tridosil,Training
img_9414.png,Tridosil,Training
img_9415.png,Tridosil,Training
img_9416.png,Tridosil,Training
img_9417.png,Tridosil,Training
img_9418.png,Tridosil,Training
img_9419.png,Tridosil,Training
img_9420.png,Tridosil,Training
img_9421.png,Tridosil,Training
img_9422.png,Tridosil,Training
img_9423.png,Tridosil,Training
img_9424.png,Tridosil,Training
img_9425.png,Tridosil,Training
img_9426.png,Tridosil,Training
img_9427.png,Tridosil,Training
img_9428.png,Tridosil,Training
img_9429.png,Tridosil,Training
img_9430.png,Tridosil,Training
img_9431.png,Tridosil,Training
img_9432.png,Tridosil,Training
img_9433.png,Tridosil,Training
img_9434.png,Tridosil,Training
img_9435.png,Tridosil,Training
img_9436.png,Tridosil,Training
img_9437.png,Tridosil,Training
img_9438.png,Tridosil,Training
img_9439.png,Tridosil,Training
img_9440.png,Tridosil,Training
img_9441.png,Tridosil,Training
img_9442.png,Tridosil,Training
img_9443.png,Tridosil,Training
img_9444.png,Tridosil,Training
img_9445.png,Tridosil,Training
img_9446.png,Tridosil,Training
img_9447.png,Tridosil,Training
img_9448.png,Trilock,Training
img_9449.png,Trilock,Training
img_9450.png,Trilock,Training
img_9451.png,Trilock,Training
img_9452.png,Trilock,Training
img_9453.png,Trilock,Training
img_9454.png,Trilock,Training
img_9455.png,Trilock,Training
img_9456.png,Trilock,Training
img_9457.png,Trilock,Training
img_9458.png,Trilock,Training
img_9459.png,Trilock,Training
img_9460.png,Trilock,Training
img_9461.png,Trilock,Training
img_9462.png,Trilock,Training
img_9463.png,Trilock,Training
img_9464.png,Trilock,Training
img_9467.png,Trilock,Training
img_9468.png,Trilock,Training
img_9469.png,Trilock,Training
img_9470.png,Trilock,Training
img_9471.png,Trilock,Training
img_9472.png,Trilock,Training
img_9473.png,Trilock,Training
img_9474.png,Trilock,Training
img_9475.png,Trilock,Training
img_9476.png,Trilock,Training
img_9477.png,Trilock,Training
img_9478.png,Trilock,Training
img_9479.png,Trilock,Training
img_9480.png,Trilock,Training
img_9481.png,Trilock,Training
img_9482.png,Trilock,Training
img_9483.png,Trilock,Training
img_9484.png,Trilock,Training
img_9485.png,Trilock,Training
img_9486.png,Trilock,Training
img_9487.png,Trilock,Training
img_9488.png,Vifas,Training
img_9489.png,Vifas,Training
img_9490.png,Vifas,Training
img_9491.png,Vifas,Training
img_9492.png,Vifas,Training
img_9493.png,Vifas,Training
img_9494.png,Vifas,Training
img_9495.png,Vifas,Training
img_9496.png,Vifas,Training
img_9497.png,Vifas,Training
img_9498.png,Vifas,Training
img_9499.png,Vifas,Training
img_9500.png,Vifas,Training
img_9501.png,Vifas,Training
img_9502.png,Vifas,Training
img_9503.png,Vifas,Training
img_9504.png,Vifas,Training
img_9505.png,Vifas,Training
img_9506.png,Vifas,Training
img_9508.png,Vifas,Training
img_9509.png,Vifas,Training
img_9510.png,Vifas,Training
img_9511.png,Vifas,Training
img_9512.png,Vifas,Training
img_9513.png,Vifas,Training
img_9514.png,Vifas,Training
img_9515.png,Vifas,Training
img_9517.png,Vifas,Training
img_9518.png,Vifas,Training
img_9519.png,Vifas,Training
img_9520.png,Vifas,Training
img_9521.png,Vifas,Training
img_9522.png,Vifas,Training
img_9523.png,Vifas,Training
img_9524.png,Vifas,Training
img_9525.png,Vifas,Training
img_9526.png,Vifas,Training
img_9527.png,Vifas,Training
img_9528.png,Zithrin,Training
img_9529.png,Zithrin,Training
img_9530.png,Zithrin,Training
img_9531.png,Zithrin,Training
img_9532.png,Zithrin,Training
img_9533.png,Zithrin,Training
img_9534.png,Zithrin,Training
img_9535.png,Zithrin,Training
img_9536.png,Zithrin,Training
img_9537.png,Zithrin,Training
img_9538.png,Zithrin,Training
img_9539.png,Zithrin,Training
img_9540.png,Zithrin,Training
img_9541.png,Zithrin,Training
img_9542.png,Zithrin,Training
img_9543.png,Zithrin,Training
img_9544.png,Zithrin,Training
img_9545.png,Zithrin,Training
img_9546.png,Zithrin,Training
img_9547.png,Zithrin,Training
img_9548.png,Zithrin,Training
img_9549.png,Zithrin,Training
img_9550.png,Zithrin,Training
img_9551.png,Zithrin,Training
img_9552.png,Zithrin,Training
img_9553.png,Zithrin,Training
img_9554.png,Zithrin,Training
img_9555.png,Zithrin,Training
img_9556.png,Zithrin,Training
img_9557.png,Zithrin,Training
img_9558.png,Zithrin,Training
img_9559.png,Zithrin,Training
img_9560.png,Zithrin,Training
img_9561.png,Zithrin,Training
img_9562.png,Zithrin,Training
img_9563.png,Zithrin,Training
img_9566.png,Zithrin,Training
img_9567.png,Zithrin,Training
img_9569.png,Aceta,Validation
img_9570.png,Aceta,Validation
img_9571.png,Aceta,Validation
img_9572.png,Aceta,Validation
img_9573.png,Aceta,Validation
img_9574.png,Aceta,Validation
img_9575.png,Aceta,Validation
img_9576.png,Aceta,Validation
img_9577.png,Aceta,Validation
img_9578.png,Ace,Validation
img_9579.png,Ace,Validation
img_9580.png,Ace,Validation
img_9581.png,Ace,Validation
img_9582.png,Ace,Validation
img_9583.png,Ace,Validation
img_9584.png,Ace,Validation
img_9585.png,Ace,Validation
img_9586.png,Ace,Validation
img_9587.png,Ace,Validation
img_9588.png,Alatrol,Validation
img_9589.png,Alatrol,Validation
img_9590.png,Alatrol,Validation
img_9591.png,Alatrol,Validation
img_9592.png,Alatrol,Validation
img_9593.png,Alatrol,Validation
img_9594.png,Alatrol,Validation
img_9595.png,Alatrol,Validation
img_9596.png,Alatrol,Validation
img_9597.png,Alatrol,Validation
img_9598.png,Amodis,Validation
img_9599.png,Amodis,Validation
img_9600.png,Amodis,Validation
img_9601.png,Amodis,Validation
img_9602.png,Amodis,Validation
img_9603.png,Amodis,Validation
img_9604.png,Amodis,Validation
img_9605.png,Amodis,Validation
img_9606.png,Amodis,Validation
img_9607.png,Amodis,Validation
img_9608.png,Atrizin,Validation
img_9609.png,Atrizin,Validation
img_9610.png,Atrizin,Validation
img_9611.png,Atrizin,Validation
img_9612.png,Atrizin,Validation
img_9613.png,Atrizin,Validation
img_9614.png,Atrizin,Validation
img_9615.png,Atrizin,Validation
img_9616.png,Atrizin,Validation
img_9617.png,Atrizin,Validation
img_9618.png,Axodin,Validation
img_9619.png,Axodin,Validation
img_9620.png,Axodin,Validation
img_9621.png,Axodin,Validation
img_9622.png,Axodin,Validation
img_9623.png,Axodin,Validation
img_9624.png,Axodin,Validation
img_9625.png,Axodin,Validation
img_9626.png,Axodin,Validation
img_9627.png,Axodin,Validation
img_9628.png,Azithrocin,Validation
img_9629.png,Azithrocin,Validation
img_9630.png,Azithrocin,Validation
img_9631.png,Azithrocin,Validation
img_9634.png,Azithrocin,Validation
img_9636.png,Azithrocin,Validation
img_9637.png,Azithrocin,Validation
img_9638.png,Azyth,Validation
img_9639.png,Azyth,Validation
img_9640.png,Azyth,Validation
img_9641.png,Azyth,Validation
img_9642.png,Azyth,Validation
img_9643.png,Azyth,Validation
img_9644.png,Azyth,Validation
img_9645.png,Azyth,Validation
img_9646.png,Azyth,Validation
img_9647.png,Azyth,Validation
img_9648.png,Az,Validation
img_9649.png,Az,Validation
img_9650.png,Az,Validation
img_9651.png,Az,Validation
img_9652.png,Az,Validation
img_9653.png,Az,Validation
img_9654.png,Az,Validation
img_9655.png,Az,Validation
img_9656.png,Az,Validation
img_9657.png,Az,Validation
img_9658.png,Bacaid,Validation
img_9659.png,Bacaid,Validation
img_9660.png,Bacaid,Validation
img_9661.png,Bacaid,Validation
img_9662.png,Bacaid,Validation
img_9663.png,Bacaid,Validation
img_9664.png,Bacaid,Validation
img_9665.png,Bacaid,Validation
img_9666.png,Bacaid,Validation
img_9667.png,Bacaid,Validation
img_9668.png,Backtone,Validation
img_9669.png,Backtone,Validation
img_9670.png,Backtone,Validation
img_9671.png,Backtone,Validation
img_9672.png,Backtone,Validation
img_9673.png,Backtone,Validation
img_9674.png,Backtone,Validation
img_9675.png,Backtone,Validation
img_9676.png,Backtone,Validation
img_9677.png,Backtone,Validation
img_9678.png,Baclofen,Validation
img_9679.png,Baclofen,Validation
img_9680.png,Baclofen,Validation
img_9681.png,Baclofen,Validation
img_9682.png,Baclofen,Validation
img_9683.png,Baclofen,Validation
img_9684.png,Baclofen,Validation
img_9685.png,Baclofen,Validation
img_9686.png,Baclofen,Validation
img_9687.png,Baclofen,Validation
img_9688.png,Baclon,Validation
img_9689.png,Baclon,Validation
img_9698.png,Bacmax,Validation
img_9699.png,Bacmax,Validation
img_9700.png,Bacmax,Validation
img_9701.png,Bacmax,Validation
img_9702.png,Bacmax,Validation
img_9703.png,Bacmax,Validation
img_9704.png,Bacmax,Validation
img_9705.png,Bacmax,Validation
img_9706.png,Bacmax,Validation
img_9708.png,Beklo,Validation
img_9710.png,Beklo,Validation
img_9711.png,Beklo,Validation
img_9712.png,Beklo,Validation
img_9713.png,Beklo,Validation
img_9714.png,Beklo,Validation
img_9715.png,Beklo,Validation
img_9716.png,Beklo,Validation
img_9717.png,Beklo,Validation
img_9718.png,Bicozin,Validation
img_9720.png,Bicozin,Validation
img_9721.png,Bicozin,Validation
img_9722.png,Bicozin,Validation
img_9723.png,Bicozin,Validation
img_9724.png,Bicozin,Validation
img_9725.png,Bicozin,Validation
img_9726.png,Bicozin,Validation
img_9727.png,Bicozin,Validation
img_9728.png,Canazole,Validation
img_9729.png,Canazole,Validation
img_9730.png,Canazole,Validation
img_9731.png,Canazole,Validation
img_9732.png,Canazole,Validation
img_9733.png,Canazole,Validation
img_9734.png,Canazole,Validation
img_9735.png,Canazole,Validation
img_9736.png,Canazole,Validation
img_9737.png,Canazole,Validation
img_9738.png,Candinil,Validation
img_9739.png,Candinil,Validation
img_9740.png,Candinil,Validation
img_9741.png,Candinil,Validation
img_9742.png,Candinil,Validation
img_9743.png,Candinil,Validation
img_9744.png,Candinil,Validation
img_9745.png,Candinil,Validation
img_9746.png,Candinil,Validation
img_9747.png,Candinil,Validation
img_9748.png,Cetisoft,Validation
img_9749.png,Cetisoft,Validation
img_9750.png,Cetisoft,Validation
img_9751.png,Cetisoft,Validation
img_9752.png,Cetisoft,Validation
img_9753.png,Cetisoft,Validation
img_9754.png,Cetisoft,Validation
img_9755.png,Cetisoft,Validation
img_9756.png,Cetisoft,Validation
img_9757.png,Cetisoft,Validation
img_9758.png,Conaz,Validation
img_9759.png,Conaz,Validation
img_9760.png,Conaz,Validation
img_9761.png,Conaz,Validation
img_9762.png,Conaz,Validation
img_9763.png,Conaz,Validation
img_9764.png,Conaz,Validation
img_9765.png,Conaz,Validation
img_9766.png,Conaz,Validation
img_9767.png,Conaz,Validation
img_9768.png,Dancel,Validation
img_9769.png,Dancel,Validation
img_9770.png,Dancel,Validation
img_9771.png,Dancel,Validation
img_9772.png,Dancel,Validation
img_9773.png,Dancel,Validation
img_9774.png,Dancel,Validation
img_9775.png,Dancel,Validation
img_9776.png,Dancel,Validation
img_9777.png,Dancel,Validation
img_9778.png,Denixil,Validation
img_9779.png,Denixil,Validation
img_9780.png,Denixil,Validation
img_9781.png,Denixil,Validation
img_9782.png,Denixil,Validation
img_9783.png,Denixil,Validation
img_9784.png,Denixil,Validation
img_9785.png,Denixil,Validation
img_9786.png,Denixil,Validation
img_9787.png,Denixil,Validation
img_9788.png,Diflu,Validation
img_9789.png,Diflu,Validation
img_9790.png,Diflu,Validation
img_9791.png,Diflu,Validation
img_9792.png,Diflu,Validation
img_9793.png,Diflu,Validation
img_9794.png,Diflu,Validation
img_9795.png,Diflu,Validation
img_9796.png,Diflu,Validation
img_9797.png,Diflu,Validation
img_9798.png,Dinafex,Validation
img_9799.png,Dinafex,Validation
img_9800.png,Dinafex,Validation
img_9801.png,Dinafex,Validation
img_9802.png,Dinafex,Validation
img_9803.png,Dinafex,Validation
img_9804.png,Dinafex,Validation
img_9805.png,Dinafex,Validation
img_9806.png,Dinafex,Validation
img_9807.png,Dinafex,Validation
img_9808.png,Disopan,Validation
img_9809.png,Disopan,Validation
img_9810.png,Disopan,Validation
img_9811.png,Disopan,Validation
img_9812.png,Disopan,Validation
img_9813.png,Disopan,Validation
img_9814.png,Disopan,Validation
img_9815.png,Disopan,Validation
img_9816.png,Disopan,Validation
img_9817.png,Disopan,Validation
img_9818.png,Esonix,Validation
img_9820.png,Esonix,Validation
img_9821.png,Esonix,Validation
img_9822.png,Esonix,Validation
img_9823.png,Esonix,Validation
img_9824.png,Esonix,Validation
img_9825.png,Esonix,Validation
img_9826.png,Esonix,Validation
img_9827.png,Esonix,Validation
img_9828.png,Esoral,Validation
img_9829.png,Esoral,Validation
img_9830.png,Esoral,Validation
img_9831.png,Esoral,Validation
img_9832.png,Esoral,Validation
img_9833.png,Esoral,Validation
img_9834.png,Esoral,Validation
img_9835.png,Esoral,Validation
img_9836.png,Esoral,Validation
img_9837.png,Esoral,Validation
img_9838.png,Etizin,Validation
img_9839.png,Etizin,Validation
img_9840.png,Etizin,Validation
img_9841.png,Etizin,Validation
img_9842.png,Etizin,Validation
img_9843.png,Etizin,Validation
img_9844.png,Etizin,Validation
img_9845.png,Etizin,Validation
img_9846.png,Etizin,Validation
img_9847.png,Etizin,Validation
img_9848.png,Exium,Validation
img_9849.png,Exium,Validation
img_9850.png,Exium,Validation
img_9851.png,Exium,Validation
img_9852.png,Exium,Validation
img_9853.png,Exium,Validation
img_9854.png,Exium,Validation
img_9855.png,Exium,Validation
img_9856.png,Exium,Validation
img_9857.png,Exium,Validation
img_9858.png,Fenadin,Validation
img_9859.png,Fenadin,Validation
img_9860.png,Fenadin,Validation
img_9861.png,Fenadin,Validation
img_9862.png,Fenadin,Validation
img_9863.png,Fenadin,Validation
img_9864.png,Fenadin,Validation
img_9865.png,Fenadin,Validation
img_9866.png,Fenadin,Validation
img_9867.png,Fenadin,Validation
img_9868.png,Fexofast,Validation
img_9869.png,Fexofast,Validation
img_9870.png,Fexofast,Validation
img_9871.png,Fexofast,Validation
img_9874.png,Fexofast,Validation
img_9876.png,Fexofast,Validation
img_9878.png,Fexo,Validation
img_9879.png,Fexo,Validation
img_9880.png,Fexo,Validation
img_9881.png,Fexo,Validation
img_9882.png,Fexo,Validation
img_9883.png,Fexo,Validation
img_9884.png,Fexo,Validation
img_9885.png,Fexo,Validation
img_9886.png,Fexo,Validation
img_9887.png,Fexo,Validation
img_9888.png,Filmet,Validation
img_9889.png,Filmet,Validation
img_9890.png,Filmet,Validation
img_9891.png,Filmet,Validation
img_9892.png,Filmet,Validation
img_9893.png,Filmet,Validation
img_9894.png,Filmet,Validation
img_9895.png,Filmet,Validation
img_9896.png,Filmet,Validation
img_9897.png,Filmet,Validation
img_9898.png,Fixal,Validation
img_9899.png,Fixal,Validation
img_9900.png,Fixal,Validation
img_9901.png,Fixal,Validation
img_9902.png,Fixal,Validation
img_9903.png,Fixal,Validation
img_9904.png,Fixal,Validation
img_9905.png,Fixal,Validation
img_9906.png,Fixal,Validation
img_9907.png,Fixal,Validation
img_9908.png,Flamyd,Validation
img_9910.png,Flamyd,Validation
img_9911.png,Flamyd,Validation
img_9912.png,Flamyd,Validation
img_9913.png,Flamyd,Validation
img_9914.png,Flamyd,Validation
img_9915.png,Flamyd,Validation
img_9916.png,Flamyd,Validation
img_9917.png,Flamyd,Validation
img_9918.png,Flexibac,Validation
img_9919.png,Flexibac,Validation
img_9920.png,Flexibac,Validation
img_9921.png,Flexibac,Validation
img_9922.png,Flexibac,Validation
img_9923.png,Flexibac,Validation
img_9924.png,Flexibac,Validation
img_9925.png,Flexibac,Validation
img_9926.png,Flexibac,Validation
img_9927.png,Flexibac,Validation
img_9928.png,Flexilax,Validation
img_9929.png,Flexilax,Validation
img_9930.png,Flexilax,Validation
img_9931.png,Flexilax,Validation
img_9932.png,Flexilax,Validation
img_9933.png,Flexilax,Validation
img_9934.png,Flexilax,Validation
img_9935.png,Flexilax,Validation
img_9936.png,Flexilax,Validation
img_9937.png,Flexilax,Validation
img_9938.png,Flugal,Validation
img_9939.png,Flugal,Validation
img_9940.png,Flugal,Validation
img_9941.png,Flugal,Validation
img_9942.png,Flugal,Validation
img_9943.png,Flugal,Validation
img_9944.png,Flugal,Validation
img_9945.png,Flugal,Validation
img_9946.png,Flugal,Validation
img_9947.png,Flugal,Validation
img_9948.png,Ketocon,Validation
img_9950.png,Ketocon,Validation
img_9951.png,Ketocon,Validation
img_9952.png,Ketocon,Validation
img_9953.png,Ketocon,Validation
img_9954.png,Ketocon,Validation
img_9955.png,Ketocon,Validation
img_9956.png,Ketocon,Validation
img_9957.png,Ketocon,Validation
img_9958.png,Ketoral,Validation
img_9959.png,Ketoral,Validation
img_9960.png,Ketoral,Validation
img_9961.png,Ketoral,Validation
img_9962.png,Ketoral,Validation
img_9963.png,Ketoral,Validation
img_9964.png,Ketoral,Validation
img_9965.png,Ketoral,Validation
img_9966.png,Ketoral,Validation
img_9967.png,Ketoral,Validation
img_9968.png,Ketotab,Validation
img_9969.png,Ketotab,Validation
img_9970.png,Ketotab,Validation
img_9971.png,Ketotab,Validation
img_9972.png,Ketotab,Validation
img_9973.png,Ketotab,Validation
img_9974.png,Ketotab,Validation
img_9978.png,Ketozol,Validation
img_9979.png,Ketozol,Validation
img_9980.png,Ketozol,Validation
img_9981.png,Ketozol,Validation
img_9982.png,Ketozol,Validation
img_9983.png,Ketozol,Validation
img_9984.png,Ketozol,Validation
img_9985.png,Ketozol,Validation
img_9986.png,Ketozol,Validation
img_9988.png,Leptic,Validation
img_9989.png,Leptic,Validation
img_9990.png,Leptic,Validation
img_9991.png,Leptic,Validation
img_9992.png,Leptic,Validation
img_9993.png,Leptic,Validation
img_9994.png,Leptic,Validation
img_9995.png,Leptic,Validation
img_9996.png,Leptic,Validation
img_9997.png,Leptic,Validation
img_9998.png,Lucan-R,Validation
img_9999.png,Lucan-R,Validation
img_10000.png,Lucan-R,Validation
img_10001.png,Lucan-R,Validation
img_10002.png,Lucan-R,Validation
img_10003.png,Lucan-R,Validation
img_10004.png,Lucan-R,Validation
img_10005.png,Lucan-R,Validation
img_10006.png,Lucan-R,Validation
img_10007.png,Lucan-R,Validation
img_10008.png,Lumona,Validation
img_10009.png,Lumona,Validation
img_10010.png,Lumona,Validation
img_10011.png,Lumona,Validation
img_10012.png,Lumona,Validation
img_10013.png,Lumona,Validation
img_10014.png,Lumona,Validation
img_10015.png,Lumona,Validation
img_10016.png,Lumona,Validation
img_10017.png,Lumona,Validation
img_10018.png,M-Kast,Validation
img_10019.png,M-Kast,Validation
img_10020.png,M-Kast,Validation
img_10021.png,M-Kast,Validation
img_10022.png,M-Kast,Validation
img_10023.png,M-Kast,Validation
img_10024.png,M-Kast,Validation
img_10025.png,M-Kast,Validation
img_10026.png,M-Kast,Validation
img_10027.png,M-Kast,Validation
img_10029.png,Maxima,Validation
img_10033.png,Maxima,Validation
img_10038.png,Maxpro,Validation
img_10039.png,Maxpro,Validation
img_10040.png,Maxpro,Validation
img_10041.png,Maxpro,Validation
img_10042.png,Maxpro,Validation
img_10043.png,Maxpro,Validation
img_10044.png,Maxpro,Validation
img_10045.png,Maxpro,Validation
img_10046.png,Maxpro,Validation
img_10049.png,Metro,Validation
img_10052.png,Metro,Validation
img_10054.png,Metro,Validation
img_10055.png,Metro,Validation
img_10056.png,Metro,Validation
img_10057.png,Metro,Validation
img_10058.png,Metsina,Validation
img_10059.png,Metsina,Validation
img_10060.png,Metsina,Validation
img_10061.png,Metsina,Validation
img_10062.png,Metsina,Validation
img_10063.png,Metsina,Validation
img_10064.png,Metsina,Validation
img_10065.png,Metsina,Validation
img_10066.png,Metsina,Validation
img_10067.png,Metsina,Validation
img_10068.png,Monas,Validation
img_10069.png,Monas,Validation
img_10070.png,Monas,Validation
img_10071.png,Monas,Validation
img_10072.png,Monas,Validation
img_10073.png,Monas,Validation
img_10074.png,Monas,Validation
img_10075.png,Monas,Validation
img_10076.png,Monas,Validation
img_10077.png,Monas,Validation
img_10078.png,Montair,Validation
img_10079.png,Montair,Validation
img_10080.png,Montair,Validation
img_10081.png,Montair,Validation
img_10082.png,Montair,Validation
img_10083.png,Montair,Validation
img_10084.png,Montair,Validation
img_10085.png,Montair,Validation
img_10086.png,Montair,Validation
img_10087.png,Montair,Validation
img_10088.png,Montene,Validation
img_10089.png,Montene,Validation
img_10090.png,Montene,Validation
img_10091.png,Montene,Validation
img_10092.png,Montene,Validation
img_10093.png,Montene,Validation
img_10094.png,Montene,Validation
img_10095.png,Montene,Validation
img_10096.png,Montene,Validation
img_10097.png,Montene,Validation
img_10098.png,Montex,Validation
img_10099.png,Montex,Validation
img_10100.png,Montex,Validation
img_10101.png,Montex,Validation
img_10102.png,Montex,Validation
img_10103.png,Montex,Validation
img_10104.png,Montex,Validation
img_10105.png,Montex,Validation
img_10106.png,Montex,Validation
img_10107.png,Montex,Validation
img_10108.png,Napa Extend,Validation
img_10109.png,Napa Extend,Validation
img_10110.png,Napa Extend,Validation
img_10111.png,Napa Extend,Validation
img_10112.png,Napa Extend,Validation
img_10113.png,Napa Extend,Validation
img_10114.png,Napa Extend,Validation
img_10115.png,Napa Extend,Validation
img_10116.png,Napa Extend,Validation
img_10117.png,Napa Extend,Validation
img_10118.png,Napa,Validation
img_10119.png,Napa,Validation
img_10120.png,Napa,Validation
img_10121.png,Napa,Validation
img_10122.png,Napa,Validation
img_10123.png,Napa,Validation
img_10124.png,Napa,Validation
img_10125.png,Napa,Validation
img_10126.png,Napa,Validation
img_10127.png,Napa,Validation
img_10128.png,Nexcap,Validation
img_10129.png,Nexcap,Validation
img_10130.png,Nexcap,Validation
img_10131.png,Nexcap,Validation
img_10132.png,Nexcap,Validation
img_10133.png,Nexcap,Validation
img_10134.png,Nexcap,Validation
img_10135.png,Nexcap,Validation
img_10136.png,Nexcap,Validation
img_10137.png,Nexcap,Validation
img_10138.png,Nexum,Validation
img_10139.png,Nexum,Validation
img_10140.png,Nexum,Validation
img_10141.png,Nexum,Validation
img_10142.png,Nexum,Validation
img_10143.png,Nexum,Validation
img_10144.png,Nexum,Validation
img_10145.png,Nexum,Validation
img_10147.png,Nexum,Validation
img_10148.png,Nidazyl,Validation
img_10149.png,Nidazyl,Validation
img_10150.png,Nidazyl,Validation
img_10151.png,Nidazyl,Validation
img_10152.png,Nidazyl,Validation
img_10153.png,Nidazyl,Validation
img_10154.png,Nidazyl,Validation
img_10155.png,Nidazyl,Validation
img_10156.png,Nidazyl,Validation
img_10157.png,Nidazyl,Validation
img_10158.png,Nizoder,Validation
img_10159.png,Nizoder,Validation
img_10160.png,Nizoder,Validation
img_10161.png,Nizoder,Validation
img_10162.png,Nizoder,Validation
img_10163.png,Nizoder,Validation
img_10164.png,Nizoder,Validation
img_10165.png,Nizoder,Validation
img_10166.png,Nizoder,Validation
img_10167.png,Nizoder,Validation
img_10168.png,Odmon,Validation
img_10169.png,Odmon,Validation
img_10170.png,Odmon,Validation
img_10171.png,Odmon,Validation
img_10172.png,Odmon,Validation
img_10173.png,Odmon,Validation
img_10174.png,Odmon,Validation
img_10175.png,Odmon,Validation
img_10176.png,Odmon,Validation
img_10177.png,Odmon,Validation
img_10178.png,Omastin,Validation
img_10179.png,Omastin,Validation
img_10180.png,Omastin,Validation
img_10181.png,Omastin,Validation
img_10182.png,Omastin,Validation
img_10183.png,Omastin,Validation
img_10184.png,Omastin,Validation
img_10185.png,Omastin,Validation
img_10186.png,Omastin,Validation
img_10187.png,Omastin,Validation
img_10188.png,Opton,Validation
img_10189.png,Opton,Validation
img_10190.png,Opton,Validation
img_10191.png,Opton,Validation
img_10192.png,Opton,Validation
img_10193.png,Opton,Validation
img_10194.png,Opton,Validation
img_10195.png,Opton,Validation
img_10196.png,Opton,Validation
img_10197.png,Opton,Validation
img_10198.png,Progut,Validation
img_10200.png,Progut,Validation
img_10201.png,Progut,Validation
img_10202.png,Progut,Validation
img_10203.png,Progut,Validation
img_10204.png,Progut,Validation
img_10205.png,Progut,Validation
img_10206.png,Progut,Validation
img_10207.png,Progut,Validation
img_10208.png,Provair,Validation
img_10209.png,Provair,Validation
img_10210.png,Provair,Validation
img_10211.png,Provair,Validation
img_10212.png,Provair,Validation
img_10213.png,Provair,Validation
img_10214.png,Provair,Validation
img_10215.png,Provair,Validation
img_10216.png,Provair,Validation
img_10217.png,Provair,Validation
img_10218.png,Renova,Validation
img_10219.png,Renova,Validation
img_10220.png,Renova,Validation
img_10221.png,Renova,Validation
img_10222.png,Renova,Validation
img_10223.png,Renova,Validation
img_10224.png,Renova,Validation
img_10225.png,Renova,Validation
img_10226.png,Renova,Validation
img_10227.png,Renova,Validation
img_10228.png,Rhinil,Validation
img_10229.png,Rhinil,Validation
img_10230.png,Rhinil,Validation
img_10231.png,Rhinil,Validation
img_10232.png,Rhinil,Validation
img_10233.png,Rhinil,Validation
img_10234.png,Rhinil,Validation
img_10235.png,Rhinil,Validation
img_10236.png,Rhinil,Validation
img_10237.png,Rhinil,Validation
img_10238.png,Ritch,Validation
img_10240.png,Ritch,Validation
img_10241.png,Ritch,Validation
img_10242.png,Ritch,Validation
img_10243.png,Ritch,Validation
img_10244.png,Ritch,Validation
img_10245.png,Ritch,Validation
img_10246.png,Ritch,Validation
img_10247.png,Ritch,Validation
img_10248.png,Rivotril,Validation
img_10249.png,Rivotril,Validation
img_10250.png,Rivotril,Validation
img_10251.png,Rivotril,Validation
img_10252.png,Rivotril,Validation
img_10253.png,Rivotril,Validation
img_10254.png,Rivotril,Validation
img_10255.png,Rivotril,Validation
img_10256.png,Rivotril,Validation
img_10257.png,Rivotril,Validation
img_10258.png,Romycin,Validation
img_10259.png,Romycin,Validation
img_10260.png,Romycin,Validation
img_10261.png,Romycin,Validation
img_10262.png,Romycin,Validation
img_10263.png,Romycin,Validation
img_10264.png,Romycin,Validation
img_10265.png,Romycin,Validation
img_10266.png,Romycin,Validation
img_10267.png,Romycin,Validation
img_10268.png,Rozith,Validation
img_10269.png,Rozith,Validation
img_10270.png,Rozith,Validation
img_10271.png,Rozith,Validation
img_10272.png,Rozith,Validation
img_10273.png,Rozith,Validation
img_10274.png,Rozith,Validation
img_10275.png,Rozith,Validation
img_10276.png,Rozith,Validation
img_10277.png,Rozith,Validation
img_10278.png,Sergel,Validation
img_10279.png,Sergel,Validation
img_10280.png,Sergel,Validation
img_10281.png,Sergel,Validation
img_10282.png,Sergel,Validation
img_10283.png,Sergel,Validation
img_10284.png,Sergel,Validation
img_10285.png,Sergel,Validation
img_10286.png,Sergel,Validation
img_10287.png,Sergel,Validation
img_10288.png,Tamen,Validation
img_10289.png,Tamen,Validation
img_10290.png,Tamen,Validation
img_10291.png,Tamen,Validation
img_10292.png,Tamen,Validation
img_10293.png,Tamen,Validation
img_10294.png,Tamen,Validation
img_10295.png,Tamen,Validation
img_10296.png,Tamen,Validation
img_10297.png,Tamen,Validation
img_10298.png,Telfast,Validation
img_10300.png,Telfast,Validation
img_10301.png,Telfast,Validation
img_10302.png,Telfast,Validation
img_10303.png,Telfast,Validation
img_10304.png,Telfast,Validation
img_10305.png,Telfast,Validation
img_10306.png,Telfast,Validation
img_10307.png,Telfast,Validation
img_10308.png,Tridosil,Validation
img_10309.png,Tridosil,Validation
img_10310.png,Tridosil,Validation
img_10311.png,Tridosil,Validation
img_10312.png,Tridosil,Validation
img_10313.png,Tridosil,Validation
img_10314.png,Tridosil,Validation
img_10315.png,Tridosil,Validation
img_10316.png,Tridosil,Validation
img_10317.png,Tridosil,Validation
img_10318.png,Trilock,Validation
img_10319.png,Trilock,Validation
img_10320.png,Trilock,Validation
img_10321.png,Trilock,Validation
img_10322.png,Trilock,Validation
img_10323.png,Trilock,Validation
img_10324.png,Trilock,Validation
img_10325.png,Trilock,Validation
img_10326.png,Trilock,Validation
img_10327.png,Trilock,Validation
img_10328.png,Vifas,Validation
img_10329.png,Vifas,Validation
img_10330.png,Vifas,Validation
img_10331.png,Vifas,Validation
img_10332.png,Vifas,Validation
img_10333.png,Vifas,Validation
img_10334.png,Vifas,Validation
img_10335.png,Vifas,Validation
img_10336.png,Vifas,Validation
img_10337.png,Vifas,Validation
img_10338.png,Zithrin,Validation
img_10339.png,Zithrin,Validation
img_10340.png,Zithrin,Validation
img_10341.png,Zithrin,Validation
img_10343.png,Zithrin,Validation
img_10347.png,Zithrin,Validation
img_690.jpg,Calbo-D,RxHand Original
img_889.jpg,Carulcal D,RxHand Original
img_5593.jpg,Xyril,RxHand Original
img_6296.png,Opton,Testing
img_7688.png,Fexo,Training
img_6386.png,Sergel,Testing
