filename,text
i_d06-086-10-01.png,would
i_b04-103-03-09.png,and
i_a03-034-03-05.png,came
i_a02-072-03-02.png,be
i_e02-086-08-07.png,can
i_c03-021a-03-00.png,strong
i_a02-004-00-04.png,personal
i_d01-049-01-08.png,his
i_c04-144-02-05.png,will
i_a06-070-06-07.png,the
i_b01-033-02-05.png,WEST
i_d06-104-05-05.png,so
i_a03-027-00-05.png,to
i_a04-019-05-11.png,full
i_c04-105-06-06.png,of
i_c04-089-04-07.png,the
i_d01-019-04-08.png,not
i_d04-131-02-09.png,was
i_c03-094d-09-08.png,lavish
i_b06-056-02-05.png,next
i_b06-012-03-05.png,which
i_a03-073-10-05.png,would
i_d01-060-09-00.png,is
i_a02-037-07-01.png,an
i_c03-003d-03-04.png,marriage
i_c04-122-02-11.png,PRODUCER
i_b05-098-02-06.png,on
i_a01-091u-07-04.png,It
i_b03-025-00-03.png,current
i_b03-087-03-07.png,all
i_a04-092-10-01.png,the
i_d01-060-08-04.png,of
i_a05-094-02-02.png,match
i_d04-111-05-06.png,Matzos
i_e04-091-00-06.png,and
i_a05-013-02-03.png,policy
i_b03-092-02-06.png,these
i_a06-008-06-00.png,was
i_a03-023-07-04.png,the
i_c02-007-02-02.png,An
i_b01-079-03-03.png,the
i_b04-026-00-07.png,to
i_e04-086-03-05.png,long
i_d06-015-02-02.png,to
i_b04-107-07-05.png,Overnight
i_a05-000-05-06.png,Services
i_e01-032-06-05.png,give
i_a06-075-04-01.png,negotiations
i_a01-030-02-08.png,of
i_c06-000-01-01.png,tranquilly
i_c04-089-06-01.png,in
i_c03-003c-08-00.png,create
i_b04-107-05-02.png,Suddenly
i_a06-152-05-01.png,faster
i_a03-023-05-01.png,useful
i_b04-004-00-06.png,who
i_a02-042-06-05.png,demonstrated
i_b05-038-01-02.png,manufacturing
i_a01-122u-05-00.png,the
i_d06-086-01-10.png,work
i_d01-016-01-08.png,due
i_a05-013-07-02.png,of
i_b01-004-04-07.png,on
i_b05-067-00-04.png,certain
i_a04-103-07-04.png,agreements
i_c03-087c-03-08.png,unredee-
i_a01-038x-00-00.png,Mr.
i_e04-119-04-03.png,boxes
i_e07-003-01-07.png,both
i_a06-064-06-00.png,of
i_b01-094-07-05.png,gets
i_d07-085-07-04.png,by
i_c03-016b-01-01.png,in
i_a02-000-03-06.png,way
i_a02-004-03-04.png,leadership
i_a03-034-04-02.png,years
i_a01-053u-04-04.png,of
i_d06-000-00-01.png,the
i_a01-082u-06-03.png,to
i_d04-053-03-03.png,people
i_b01-009-03-02.png,it
i_a01-053u-05-03.png,Weaver
i_d01-019-04-12.png,made
i_c03-021a-09-01.png,are
i_a02-020-04-04.png,trouble
i_b06-087-00-02.png,only
i_c03-094c-04-00.png,Richards
i_d07-102-06-08.png,which
i_a01-014u-05-03.png,chief
i_c03-000b-02-08.png,by
i_b06-110-04-07.png,suitable
i_c02-026-03-01.png,every
i_a04-081-05-03.png,concentration
i_c04-089-02-14.png,Just
i_d04-125-00-07.png,our
i_e04-058-00-01.png,you
i_b06-082-03-04.png,weapons
i_a01-049x-03-07.png,affilia-
i_d04-050-02-00.png,selfish
i_b06-053-01-00.png,if
i_b06-087-04-06.png,by
i_d04-037-04-01.png,Him
i_d06-067-08-03.png,railway
i_b01-089-08-03.png,port
i_b06-075-03-03.png,established
i_c06-080-01-03.png,not
i_c06-100-04-08.png,incidentally
i_c03-081b-02-07.png,in
i_b05-042-07-01.png,of
i_c02-007-03-06.png,Berlin
i_a05-094-05-06.png,Not
i_c03-021c-02-04.png,moved
i_a03-040-02-05.png,in
i_c03-007a-02-06.png,The
i_a01-068u-07-03.png,them
i_d01-123-06-04.png,have
i_e04-058-05-04.png,Fir
i_a02-020-00-00.png,Some
i_d01-060-00-04.png,difference
i_e04-068-03-08.png,outside
i_e02-025-02-05.png,upper
i_a06-128-04-02.png,20
i_e04-095-05-02.png,horizontally
i_a04-047-07-04.png,most
i_b04-096-00-02.png,Labour
i_a01-102u-04-06.png,which
i_d06-041-00-05.png,conveys
i_c04-017-02-08.png,into
i_c03-096f-05-06.png,is
i_b05-074-00-05.png,Treaty
i_a06-095-06-04.png,has
i_d04-111-05-04.png,Feast
i_a06-064-04-07.png,his
i_e04-052-01-07.png,bend
i_d06-046-08-04.png,tiredness
i_d04-053-06-08.png,heed
i_c04-013-00-03.png,five
i_b01-127-07-07.png,contrary
i_e04-124-02-00.png,with
i_a04-039-08-03.png,an
i_a02-008-05-04.png,draws
i_b04-154-07-02.png,him
i_c02-035-04-08.png,ocean
i_a03-059-07-00.png,ranging
i_a03-017-04-08.png,1951
i_a01-102-10-02.png,of
i_b01-057-00-03.png,on
i_c03-096e-06-01.png,odd
i_e07-061-08-05.png,both
i_a04-031-04-02.png,made
i_c03-094a-06-04.png,from
i_a02-072-05-06.png,call
i_e04-004-02-06.png,go
i_a04-069-06-07.png,the
i_d07-085-02-00.png,sugya
i_e07-012-04-01.png,be
i_b01-118-04-03.png,to
i_e06-070-00-08.png,cover
i_e04-132-02-07.png,and
i_a04-047-05-07.png,even
i_a05-025-06-01.png,Festing
i_c04-023-04-05.png,Strasberg
i_b06-015-05-03.png,year
i_a06-020-01-06.png,for
i_b05-098-00-02.png,called
i_c04-116-01-03.png,writes
i_a06-095-02-03.png,gain
i_d06-063-03-09.png,those
i_b05-074-07-05.png,live
i_d03-117-03-06.png,in
i_c03-007a-01-00.png,taken
i_c04-066-04-07.png,say
i_a02-032-05-03.png,urged
i_a01-011-04-06.png,elected
i_b01-044-06-04.png,into
i_b03-109-04-08.png,the
i_b06-093-05-03.png,and
i_e02-074-06-02.png,it
i_c03-081c-02-03.png,altogether
i_a03-043-01-00.png,Diefenbaker
i_a06-100-06-01.png,shelter
i_a01-122-02-12.png,a
i_a01-043x-06-01.png,be
i_a04-010-00-03.png,get
i_e01-055-04-06.png,was
i_c03-021b-02-02.png,yet
i_b01-079-03-01.png,have
i_a06-039-02-01.png,proud
i_d06-063-09-00.png,sleep
i_b04-047-05-00.png,may
i_a05-013-05-01.png,to
i_a05-116-07-03.png,sighs
i_a01-091u-08-01.png,people
i_a06-057-03-04.png,of
i_a06-124-03-00.png,the
i_e06-053-01-04.png,usually
i_d06-020-03-02.png,and
i_b06-004-05-08.png,was
i_a01-049u-09-07.png,letter
i_a01-003-08-04.png,not
i_d04-050-04-11.png,your
i_e02-000-01-00.png,legs
i_d03-112-03-00.png,pairi-deaza
i_b05-088-07-00.png,a
i_a01-014-08-02.png,a
i_a05-104-04-04.png,condemnation
i_c03-021c-08-07.png,for
i_a03-017-05-00.png,to
i_a03-040-00-04.png,strongholds
i_a02-102-04-03.png,other
i_e04-030-03-00.png,made
i_b01-062-05-05.png,total
i_a01-117-07-02.png,action
i_a01-038x-01-08.png,Roy
i_b06-045-00-01.png,many
i_d01-052-05-00.png,which
i_a03-071-05-06.png,prestige
i_b06-079-01-06.png,the
i_a02-106-07-05.png,A
i_a05-053-08-02.png,said
i_a04-043-03-01.png,in
i_c04-144-01-01.png,switch
i_c03-094f-02-01.png,palely
i_c06-128-05-01.png,there
i_a04-072-10-05.png,Mr.
i_d06-100-04-07.png,of
i_d06-041-01-01.png,tiredness
i_a02-012-05-00.png,gate
i_c04-139-02-00.png,parts
i_c02-017-08-03.png,of
i_c04-116-00-05.png,of
i_b04-107-04-06.png,became
i_a01-102-09-04.png,to
i_b06-036-02-05.png,from
i_c03-007f-01-02.png,town
i_e06-070-05-03.png,be
i_a05-025-04-05.png,utmost
i_c03-007-03-05.png,school
i_b05-055-03-01.png,averages
i_e06-015-01-05.png,an
i_e06-041-00-04.png,This
i_a01-049u-00-02.png,Ellender
i_c03-094e-07-00.png,their
i_b04-187-00-07.png,Chester
i_a02-027-07-04.png,resumed
i_a02-012-09-03.png,Sir
i_b01-132-07-03.png,record
i_b02-105-02-00.png,while
i_c02-059-01-06.png,Berlin
i_d07-082-02-00.png,too
i_b02-097-07-01.png,and
i_a01-128u-00-01.png,Mr.
i_b04-040-03-07.png,understanding
i_e06-021-09-06.png,hatching
i_c03-016a-08-00.png,her
i_e02-086-05-06.png,as
i_b01-089-02-02.png,diverting
i_b04-134-07-01.png,with
i_c04-150-02-00.png,O
i_c06-005-08-02.png,or
i_c03-021e-04-05.png,the
i_a06-124-01-09.png,banks
i_a03-027-00-01.png,correspondent
i_c03-021e-06-08.png,shares
i_a01-113u-05-01.png,too
i_b06-000-00-06.png,the
i_a04-050-03-04.png,which
i_a01-011-04-02.png,to
i_d05-008-05-04.png,dashed
i_c03-081d-06-00.png,makes
i_c02-030-07-01.png,his
i_a05-053-08-05.png,could
i_b01-089-09-04.png,be
i_b05-017-01-07.png,wrote
i_a02-116-02-00.png,Committee
i_a01-014-01-04.png,the
i_c06-095-06-02.png,take
i_a05-084-00-00.png,The
i_d06-027-01-04.png,and
i_e02-000-05-00.png,the
i_b06-049-00-03.png,our
i_b04-162-04-09.png,for
i_a01-063x-05-00.png,Washington
i_a01-107u-07-05.png,they
i_a01-091-07-03.png,policy
i_a04-099-09-03.png,obligation
i_d06-015-03-03.png,We
i_a04-010-07-05.png,his
i_d04-021-05-02.png,but
i_c04-139-03-06.png,Appointment
i_e01-081-03-00.png,secure
i_e04-030-05-00.png,are
i_a01-043-00-03.png,Lancaster
i_c02-003-04-05.png,He
i_e06-070-03-04.png,which
i_a03-054-04-00.png,days
i_b06-082-04-08.png,people
i_a01-068u-02-01.png,upsetting
i_a01-000u-02-05.png,a
i_c03-084c-05-03.png,on
i_b06-004-01-02.png,the
i_a05-073-08-03.png,negotiation
i_e04-019-01-06.png,personal
i_e07-066-08-04.png,alive
i_d07-085-06-01.png,of
i_d01-024-04-07.png,been
i_a01-030u-04-04.png,an
i_c06-011-00-03.png,a
i_e06-041-05-02.png,suggest
i_a04-050-01-07.png,it
i_b01-000-04-05.png,it
i_c03-003c-07-01.png,Logan
i_c03-094d-04-01.png,abashed
i_d06-096-03-03.png,it
i_b01-118-06-06.png,of
i_c03-003d-00-08.png,has
i_e07-003-08-05.png,pathogens
i_a01-072u-07-03.png,run
i_c03-007d-03-01.png,and
i_c06-100-04-10.png,who
i_d04-016-02-03.png,the
i_a02-008-08-01.png,team
i_e07-007-01-05.png,American
i_c03-000f-00-04.png,Miss
i_b06-090-00-01.png,a
i_a06-039-00-07.png,Soviet
i_e07-061-03-03.png,6
i_c04-039-02-04.png,last
i_c03-021a-08-08.png,you
i_a01-026x-01-03.png,last
i_b04-034-02-05.png,elderly
i_a01-072u-03-04.png,President
i_b01-038-07-01.png,it
i_e04-095-04-03.png,each
i_c03-084f-04-03.png,Play
i_c03-081a-07-07.png,exacting
i_b06-059-00-04.png,to
i_d01-024-04-04.png,original
i_c03-003a-00-01.png,is
i_d01-104-03-09.png,which
i_b05-071-00-05.png,with
i_e06-026-08-02.png,the
i_a03-011-06-10.png,topics
i_d07-093-01-04.png,of
i_a05-094-09-01.png,Press
i_c06-111-00-03.png,situation
i_e02-117-02-05.png,some
i_b06-064-00-02.png,have
i_d07-093-04-04.png,that
i_a06-114-04-04.png,YOU
i_a01-014x-08-06.png,talks
i_c04-028-06-09.png,Double
i_e02-082-00-05.png,important
i_a01-038-07-02.png,Greenfield
i_e01-025-08-05.png,will
i_d07-100-08-01.png,was
i_e06-033-09-06.png,herring
i_a04-099-08-08.png,upon
i_c03-021c-04-00.png,expectant
i_a04-054-01-02.png,as
i_a01-058-07-03.png,more
i_b04-103-03-03.png,shed
i_a04-010-04-07.png,from
i_e07-066-07-02.png,latest
i_b04-195-02-06.png,to
i_d06-072-08-00.png,compartments
i_b06-068-01-05.png,Kennedy
i_e02-074-07-00.png,other
i_d06-113-00-08.png,at
i_a03-011-06-00.png,subjects
i_b05-058-04-02.png,that
i_a04-039-00-04.png,flying
i_b03-104-07-07.png,of
i_c03-081f-01-03.png,allowing
i_a06-004-08-00.png,companies
i_c04-056-02-07.png,same
i_a03-011-06-03.png,Congo
i_a05-053-06-05.png,Mr.
i_a01-063u-03-01.png,with
i_b04-169-02-01.png,teenagers
i_a02-012-01-05.png,Sir
i_c03-007b-05-01.png,in
i_a06-119-06-01.png,last
i_b04-066-01-07.png,And
i_c03-007f-07-01.png,memory
i_b02-035-09-05.png,disguise
i_a04-085-00-01.png,that
i_a01-038-01-02.png,refused
i_e01-055-02-00.png,complete
i_b03-087-01-04.png,To
i_e04-022-06-05.png,edges
i_e01-062-01-04.png,runners
i_e07-012-00-00.png,From
i_b04-054-00-02.png,puts
i_c03-000d-00-01.png,film
i_b03-104-04-01.png,specialists
i_c03-096e-00-01.png,Mr.
i_a03-006-01-01.png,arrived
i_d01-080-00-04.png,commonest
i_b04-096-01-04.png,on
i_a02-120-07-05.png,with
i_d06-096-01-00.png,can
i_c04-008-02-04.png,Against
i_e01-119-01-02.png,Catch
i_d01-104-06-09.png,In
i_c03-094d-04-06.png,and
i_a01-049-09-03.png,saying
i_b01-136-01-06.png,a
i_a01-038-00-00.png,Mr.
i_a02-116-01-04.png,members
i_c03-003f-01-01.png,throughout
i_c04-066-00-00.png,HOW
i_e02-014-03-01.png,before
i_b06-015-02-04.png,within
i_b01-009-05-05.png,policy
i_d03-112-07-03.png,used
i_a06-057-05-08.png,said
i_d06-041-02-07.png,on
i_a03-040-04-00.png,of
i_a02-124-03-05.png,in
i_e04-109-06-00.png,to
i_a03-063-01-00.png,Mr.
i_b06-075-04-00.png,being
i_c06-052-03-04.png,be
i_a02-124-00-08.png,A
i_e04-008-01-01.png,should
i_b06-045-07-03.png,seeking
i_b04-066-04-08.png,the
i_a06-025-02-04.png,up
i_d04-062-00-05.png,serve
i_a01-128-04-00.png,on
i_a01-007-08-01.png,Welensky
i_a01-011-06-09.png,of
i_b06-004-05-00.png,clear
i_b03-092-04-05.png,of
i_c03-007f-01-01.png,a
i_b04-066-06-05.png,of
i_c03-021e-01-08.png,a
i_a01-026u-08-00.png,Welensky
i_e01-081-02-09.png,and
i_a03-054-04-06.png,hard
i_b04-169-03-03.png,it
i_a04-043-02-01.png,he
i_d06-020-04-00.png,them
i_b01-127-08-00.png,apartheid
i_a06-141-05-01.png,there
i_c03-016d-05-02.png,and
i_b04-107-03-04.png,valuable
i_e06-041-09-00.png,being
i_e02-117-06-05.png,been
i_d04-121-02-02.png,to
i_c03-094a-08-07.png,lavish
i_b02-102-02-06.png,of
i_e01-025-06-01.png,craft
i_a03-040-00-06.png,Last
i_a02-037-00-08.png,of
i_a04-031-03-04.png,Ogden
i_c02-049-02-05.png,Femme
i_a02-067-05-04.png,Russell
i_a01-011u-05-02.png,action
i_a04-010-01-05.png,made
i_b01-004-05-03.png,arguments
i_e06-037-06-05.png,These
i_b06-036-03-09.png,the
i_a03-006-04-03.png,though
i_a03-059-02-03.png,liberalism
i_b06-087-05-02.png,to
i_d04-021-06-09.png,22
i_a05-044-00-01.png,defeat
i_a03-080-08-06.png,any
i_e02-094-03-00.png,in
i_c06-039-01-01.png,St.
i_a01-020-02-05.png,now
i_a06-134-01-03.png,published
i_b01-127-05-07.png,the
i_b06-082-06-05.png,has
i_d04-086-02-10.png,of
i_e04-058-03-12.png,building
i_a06-051-03-07.png,Mr.
i_d05-008-03-00.png,spoiled
i_e02-074-01-00.png,are
i_c06-005-04-00.png,hard-core
i_a06-025-03-02.png,Byrne
i_e04-019-05-04.png,pins
i_d05-013-02-02.png,to
i_a03-073-00-02.png,specific
i_a04-015-04-00.png,close
i_a04-085-05-04.png,was
i_b01-027-04-06.png,an
i_c04-023-02-06.png,she
i_e01-032-08-01.png,feminine
i_b06-042-10-05.png,the
i_b05-071-03-06.png,is
i_c03-003b-05-03.png,which
i_e01-014-00-02.png,from
i_b04-000-00-01.png,BAFFLED
i_b01-118-05-02.png,the
i_d05-025-09-00.png,Communion
i_c03-084c-06-01.png,destructive
i_e01-086-00-10.png,the
i_c03-021c-07-01.png,companionship
i_c03-096d-06-01.png,to
i_a01-007-05-06.png,Nationalist
i_a06-075-06-02.png,Cons.
i_b06-087-02-03.png,the
i_a04-015-01-08.png,West
i_e04-099-03-06.png,ft.
i_a01-049u-00-00.png,Senator
i_d07-089-05-00.png,the
i_c06-106-07-04.png,she
i_d06-050-03-03.png,state
i_a04-096-02-01.png,in
i_e01-014-00-07.png,Pepys
i_a04-047-03-08.png,the
i_a06-070-01-02.png,crowded
i_a05-094-03-03.png,the
i_b05-045-07-06.png,between
i_a05-073-08-07.png,debate
i_e04-119-03-01.png,them
i_a02-086-05-02.png,must
i_b05-088-00-04.png,couched
i_a01-113u-06-06.png,a
i_b04-004-08-00.png,Belgium
i_d04-101-05-03.png,That
i_e06-026-04-04.png,bring
i_d06-067-01-02.png,become
i_c03-096a-07-00.png,act
i_b04-175-04-06.png,for
i_b04-116-03-07.png,never
i_a01-026u-08-05.png,the
i_a01-096u-10-00.png,people
i_c02-082-03-06.png,film
i_a01-030-06-03.png,had
i_e04-103-04-08.png,the
i_c03-016a-01-01.png,realism
i_a05-048-08-05.png,to
i_d06-086-10-02.png,find
i_a01-107-04-09.png,they
i_c02-000-00-00.png,AFTER
i_e04-052-07-02.png,to
i_a05-025-05-04.png,Field-Marshal
i_e01-081-02-06.png,position
i_a01-049x-05-00.png,is
i_e06-010-01-00.png,Their
i_d05-030-05-07.png,with
i_e01-050-05-01.png,with
i_b04-004-00-03.png,President
i_e06-053-08-03.png,some
i_e04-083-05-00.png,moulds
i_e04-079-05-00.png,if
i_a05-113-07-03.png,nuclear
i_b06-036-01-09.png,Germans
i_a02-072-01-03.png,and
i_a06-051-05-05.png,inside
i_b05-079-06-01.png,situation
i_c03-081e-09-01.png,of
i_a04-059-01-08.png,from
i_b02-102-04-04.png,not
i_d06-076-03-14.png,Time
i_b01-118-02-00.png,water
i_a01-072x-00-03.png,are
i_b06-075-06-07.png,by
i_b06-032-01-00.png,American
i_a01-096u-02-05.png,had
i_b04-026-01-05.png,is
i_c03-081f-01-00.png,technical
i_b05-045-03-05.png,in
i_d07-085-05-03.png,Levi
i_c06-039-00-00.png,Among
i_a02-012-04-06.png,dele-
i_a05-108-01-02.png,had
i_a02-008-04-06.png,Once
i_b04-075-02-00.png,pleasant
i_d06-041-02-03.png,of
i_d06-025-02-04.png,a
i_a02-106-09-03.png,but
i_a01-011u-03-06.png,will
i_e01-113-05-06.png,you
i_a01-113u-05-06.png,Answering
i_a02-042-05-01.png,and
i_b06-064-03-02.png,bases
i_a01-063-07-04.png,debt
i_a06-025-01-02.png,not
i_e01-081-03-04.png,Run
i_e06-021-03-00.png,that
i_a05-073-02-05.png,about
i_d06-063-06-06.png,days
i_b05-045-04-03.png,to
i_d01-024-00-05.png,a
i_a06-128-02-00.png,in
i_c04-056-06-00.png,the
i_d06-091-08-01.png,critic
i_a01-132x-03-06.png,claimed
i_d04-075-07-08.png,that
i_c03-096e-02-00.png,rest
i_a02-120-09-07.png,Battle
i_c03-084d-03-01.png,them
i_d07-102-04-02.png,court
i_a01-077-00-00.png,And
i_a01-072u-00-05.png,big
i_a01-030u-07-02.png,Callaghan
i_b06-064-01-05.png,issues
i_b06-049-03-00.png,movement
i_a02-053-01-10.png,which
i_a03-011-00-02.png,now
i_c06-103-00-01.png,Marriage-Go-Round
i_a06-075-06-07.png,out
i_a01-132u-01-04.png,adjustment
i_d06-091-03-05.png,even
i_c06-052-00-05.png,book
i_b04-162-03-06.png,army
i_e04-052-06-10.png,marked
i_a01-038-02-05.png,messages
i_e04-004-00-12.png,1/4
i_d01-019-02-05.png,is
i_b05-055-03-06.png,blight
i_b04-020-04-07.png,reminding
i_d05-021-05-04.png,at
i_c04-035-03-04.png,film
i_b06-036-05-13.png,Strauss
i_a01-087u-02-06.png,and
i_d06-041-04-02.png,has
i_b06-004-07-05.png,of
i_a01-020x-08-01.png,Chiefs
i_a06-000-02-03.png,of
i_c04-028-04-07.png,mug
i_c03-094d-03-01.png,Maxwell
i_e04-030-03-08.png,stout
i_e04-114-02-02.png,this
i_d04-053-07-09.png,turn
i_d04-028-00-05.png,cry
i_d04-131-01-10.png,from
i_b01-004-05-01.png,the
i_b02-097-00-11.png,is
i_a03-034-02-06.png,accomplishments
i_d04-053-06-01.png,and
i_a04-023-01-02.png,Lady
i_e04-043-01-08.png,and
i_a06-152-08-00.png,DURING
i_e01-025-07-00.png,adapted
i_c02-030-08-03.png,a
i_e07-000-03-05.png,with
i_a01-113-00-04.png,their
i_a01-107u-02-01.png,need
i_d05-013-02-05.png,Confirmation
i_a01-007u-01-01.png,have
i_b01-057-09-05.png,as
i_a03-017-01-03.png,but
i_a06-147-04-03.png,world
i_b05-058-04-07.png,of
i_d06-056-04-06.png,our
i_e01-014-03-01.png,mean
i_d04-081-08-06.png,)
i_d04-075-00-00.png,The
i_e02-082-06-04.png,hardwood
i_b04-154-04-05.png,minded
i_a04-050-01-01.png,deny
i_e04-099-05-07.png,not
i_a02-024-03-05.png,Africa
i_b01-023-06-00.png,or
i_d01-049-07-00.png,this
i_a02-027-05-00.png,man
i_c06-116-09-01.png,by
i_c04-008-07-07.png,get
i_a03-066-03-03.png,worth
i_d06-091-07-06.png,have
i_c06-100-04-01.png,real
i_c06-047-02-04.png,since
i_e06-000-02-03.png,It
i_c04-017-02-02.png,and
i_b04-175-08-00.png,understand
i_a01-011-06-01.png,Iain
i_a01-096u-06-04.png,horrified
i_a06-119-04-05.png,This
i_a01-053u-03-05.png,Senator
i_a06-090-04-00.png,Mr.
i_a03-030-06-00.png,election
i_a01-020-05-02.png,are
i_b04-121-04-10.png,the
i_a05-125-03-04.png,queue
i_a01-020-05-01.png,they
i_e02-086-07-07.png,guide
i_a04-023-00-05.png,House
i_c02-026-00-05.png,can
i_a05-017-04-01.png,National
i_a01-049u-03-06.png,had
i_d06-037-05-01.png,that
i_c03-096d-01-03.png,motives
i_b04-140-03-05.png,Britain
i_e04-119-01-10.png,boat
i_b02-035-09-03.png,tries
i_a06-152-03-05.png,pouring
i_d04-047-05-01.png,wish
i_c03-007d-02-02.png,has
i_b04-175-01-02.png,spend
i_e07-000-05-07.png,dead
i_a05-025-08-02.png,Richard
i_e07-061-08-08.png,died
i_a05-080-03-06.png,be
i_c03-084c-00-06.png,effective
i_c04-050-02-09.png,Jeff
i_a04-089-07-00.png,already
i_b01-118-01-04.png,hewers
i_e01-014-01-07.png,lace
i_e06-000-06-03.png,(
i_a03-023-09-04.png,miles
i_d04-101-02-00.png,Living
i_a01-107-01-06.png,with
i_b06-082-05-02.png,talk
i_b06-059-08-01.png,of
i_e07-000-02-08.png,acres
i_b03-104-00-05.png,GRAHAM
i_a01-058x-07-03.png,He
i_d03-112-08-05.png,of
i_e01-014-06-04.png,laced
i_d06-050-02-10.png,much
i_d06-060-03-00.png,and
i_a04-006-02-07.png,unconditional
i_d06-111-02-03.png,and
i_b02-105-05-00.png,when
i_a04-039-05-05.png,thanked
i_b06-008-07-06.png,his
i_e06-021-08-00.png,the
i_d04-089-01-03.png,deficient
i_a06-070-05-04.png,Trade
i_b05-067-06-02.png,the
i_a03-020-03-04.png,all
i_e04-052-01-10.png,and
i_e07-072-08-07.png,be
i_d04-066-09-00.png,them
i_c03-016c-00-08.png,and
i_e01-050-02-07.png,was
i_e01-119-07-00.png,across
i_a04-047-04-06.png,base
i_c03-003e-01-01.png,throughout
i_b04-121-03-07.png,try
i_e02-117-02-01.png,this
i_b04-154-00-06.png,The
i_b01-009-03-05.png,a
i_c03-003d-00-00.png,This
i_a01-043x-03-07.png,anti-Negro
i_c04-004-06-00.png,doing
i_a05-009-01-09.png,Earl
i_b06-075-01-03.png,false
i_d04-028-04-06.png,the
i_b01-057-01-02.png,that
i_c02-000-06-00.png,angelo
i_c03-087e-06-03.png,if
i_d07-100-01-00.png,is
i_e04-127-04-01.png,an
i_b02-035-07-02.png,Rhodesia
i_a05-048-09-01.png,reserves
i_e01-055-01-01.png,and
i_b06-110-02-05.png,area
i_c01-066-03-09.png,over
i_a01-087u-01-05.png,higher
i_b05-098-05-03.png,may
i_b05-045-02-01.png,ceramic
i_c03-081a-02-03.png,we
i_b02-045-06-02.png,give
i_d06-046-02-05.png,feeling
i_e04-083-01-02.png,the
i_e01-035-03-08.png,to
i_a03-030-04-00.png,ference
i_a01-030-06-01.png,Sir
i_b05-055-00-04.png,the
i_c04-165-04-04.png,them
i_a04-019-02-01.png,should
i_d06-020-02-09.png,the
i_d06-015-04-01.png,are
i_d06-020-05-02.png,with
i_c03-003a-05-08.png,Fanny
i_a01-020-04-01.png,do
i_b06-053-02-03.png,the
i_b04-060-05-00.png,for
i_e02-100-04-04.png,a
i_c03-016b-08-05.png,who
i_c03-081c-00-00.png,Arguably
i_e06-037-02-00.png,summer
i_b01-127-05-02.png,THERE
i_e06-033-02-12.png,east-
i_a01-007x-00-06.png,Peers
i_a01-038x-08-07.png,the
i_b06-012-00-02.png,is
i_c03-003f-05-07.png,life
i_a06-014-01-01.png,to
i_c03-016d-05-00.png,sordid
i_e06-026-08-06.png,Norfolk
i_d06-027-03-01.png,really
i_a05-004-03-05.png,There
i_a02-098-06-04.png,Mr.
i_a04-019-02-10.png,the
i_a05-044-06-07.png,de
i_e02-074-04-05.png,items
i_a05-073-04-03.png,Russians
i_e01-035-00-01.png,in
i_a01-026u-05-02.png,the
i_d07-082-02-05.png,but
i_b03-098-05-07.png,of
i_e01-035-03-02.png,only
i_b02-097-02-01.png,this
i_e06-053-06-03.png,the
i_d04-050-04-05.png,of
i_c03-084f-04-05.png,the
i_e01-119-00-08.png,long
i_b01-113-01-11.png,a
i_c03-087f-01-00.png,most
i_b05-098-03-03.png,might
i_a01-102-06-01.png,an
i_d05-021-01-02.png,mood
i_a03-023-08-01.png,of
i_e01-119-02-02.png,through
i_b04-140-08-08.png,?
i_d06-030-04-00.png,effective
i_e01-107-00-02.png,of
i_a04-031-08-00.png,to
i_a04-099-06-04.png,on
i_d01-123-00-03.png,the
i_b05-098-03-08.png,a
i_e01-029-01-02.png,colour
i_d04-081-01-03.png,day-time
i_c06-111-03-03.png,learned
i_b05-067-00-06.png,from
i_a03-059-03-00.png,week
i_e04-030-04-03.png,in
i_b03-098-06-02.png,have
i_e02-094-06-06.png,generally
i_c03-096a-08-00.png,tradition
i_b04-175-04-01.png,still
i_d06-011-03-01.png,some
i_b04-181-03-01.png,and
i_c03-096b-05-02.png,is
i_c06-111-06-06.png,Domestic
i_a04-019-01-10.png,ceasefire
i_c04-122-07-02.png,film
i_a06-157-03-00.png,They
i_b04-116-06-00.png,Africans
i_a03-073-09-08.png,their
i_a02-053-05-05.png,the
i_a02-053-06-04.png,pressure
i_c03-003f-00-05.png,play
i_a03-023-03-02.png,pro-communists
i_c06-011-01-02.png,hours
i_d01-024-02-06.png,the
i_c04-050-08-03.png,in
i_a02-124-04-03.png,West
i_a01-132x-07-00.png,foods
i_e04-015-05-03.png,from
i_a06-014-05-03.png,not
i_a01-102-08-05.png,descended
i_c03-007a-07-00.png,integral
i_b04-010-04-04.png,hooded
i_c03-021a-02-03.png,but
i_a03-066-06-05.png,no
i_b03-092-03-06.png,is
i_e04-083-04-06.png,fastened
i_c03-084c-06-05.png,ambition
i_c03-094b-08-03.png,lavish
i_b06-042-04-02.png,writing
i_a04-010-05-00.png,Airport
i_c03-096e-02-02.png,one
i_d06-041-01-10.png,by
i_a05-029-01-09.png,in
i_e06-037-03-04.png,even
i_a01-063-00-03.png,discussions
i_a04-054-01-07.png,nuclear
i_a06-147-02-00.png,WEST
i_e06-033-01-07.png,without
i_a03-017-08-01.png,centre
i_d06-076-04-02.png,we
i_e01-018-08-03.png,delicate
i_a02-072-04-02.png,conference
i_e04-000-03-03.png,the
i_c06-047-06-08.png,finished
i_c02-082-01-03.png,(
i_d06-086-02-07.png,the
i_a01-122u-06-00.png,of
i_b05-067-02-06.png,only
i_a02-093-01-00.png,priority
i_a02-024-04-01.png,Mr
i_a04-010-04-04.png,President
i_a01-000u-04-00.png,put
i_a05-125-01-03.png,the
i_c03-081d-07-05.png,longest
i_a01-020u-04-02.png,These
i_c03-016e-01-01.png,realism
i_c03-021e-01-03.png,man
i_b04-202-05-01.png,GLENN
i_c02-035-02-02.png,In
i_e07-007-05-02.png,by
i_d04-125-03-09.png,ways
i_c03-081a-07-02.png,in
i_d04-047-05-08.png,serve
i_d04-005-00-02.png,the
i_c02-035-01-02.png,Vita
i_d05-008-06-07.png,Puritans
i_e01-035-01-06.png,women
i_a01-030-03-02.png,Britain
i_e04-052-06-00.png,is
i_c03-007b-02-10.png,pavements
i_c03-081f-06-03.png,brief
i_d07-089-07-05.png,the
i_b04-154-06-03.png,being
i_d04-071-00-08.png,the
i_d06-056-02-01.png,mental
i_c06-138-08-01.png,the
i_b01-062-01-07.png,would
i_d04-053-02-00.png,midst
i_d04-111-10-01.png,the
i_b03-104-01-06.png,mess
i_d05-030-07-00.png,with
i_c01-014-04-03.png,need
i_c06-083-02-08.png,shining
i_c03-096a-00-05.png,therefore
i_c03-096b-07-02.png,queer
i_b05-050-03-02.png,village
i_d01-104-00-05.png,had
i_a02-067-00-04.png,show
i_c06-083-02-04.png,the
i_d06-050-01-12.png,an
i_c03-007b-02-09.png,wet
i_c04-050-05-07.png,though
i_e04-086-04-06.png,will
i_a01-007u-01-03.png,created
i_c06-106-07-05.png,has
i_b06-064-10-02.png,.
i_b04-047-00-00.png,He
i_c04-017-04-00.png,VERDICT
i_a05-039-01-02.png,Nationalist
i_b01-113-07-00.png,cramped
i_a01-003-07-02.png,House
i_c03-007-02-00.png,and
i_d06-104-06-03.png,they
i_d04-075-06-07.png,Talmud
i_a03-043-01-03.png,ahead
i_c03-094e-08-00.png,efficiency
i_c03-021d-02-03.png,but
i_b06-049-02-06.png,to
i_d04-050-04-08.png,help
i_c03-021a-05-04.png,comforter
i_a01-003-00-03.png,gather
i_a01-026x-02-01.png,secret
i_d03-117-03-00.png,enlarged
i_c04-098-05-13.png,with
i_e01-014-02-09.png,But
i_a01-011u-00-03.png,Kenneth
i_a05-025-06-03.png,who
i_c03-021d-06-09.png,and
i_a01-026x-07-03.png,Welensky
i_c04-050-00-02.png,last
i_d04-121-06-00.png,conducting
i_e07-066-03-06.png,the
i_b01-113-06-00.png,their
i_c03-021a-04-09.png,acts
i_a04-019-00-12.png,the
i_c03-081a-06-00.png,few
i_a06-119-02-00.png,time
i_d07-093-01-08.png,quoted
i_a04-047-03-10.png,and
i_a03-050-04-02.png,advisers
i_a06-134-00-09.png,to
i_b05-062-01-02.png,weighed
i_e07-007-01-00.png,is
i_a04-019-01-04.png,the
i_d04-016-08-00.png,for
i_a01-102u-06-03.png,it
i_e04-000-04-02.png,youngster
i_c04-050-05-02.png,Why
i_c03-084c-00-01.png,Bryan
i_c04-128-00-02.png,feel
i_c03-081e-07-00.png,Mr.
i_c04-061-04-06.png,not
i_c03-000b-05-08.png,and
i_c03-081c-01-05.png,speak
i_a06-100-04-05.png,Our
i_d04-032-01-01.png,is
i_c03-096c-06-07.png,queer
i_a01-068u-03-02.png,Germany
i_b05-058-01-00.png,EICHMANN
i_d07-093-02-05.png,in
i_b01-094-03-00.png,political
i_b06-049-06-01.png,of
i_c02-026-02-04.png,in
i_b04-066-04-09.png,optimists
i_b04-004-04-00.png,Belgium
i_a01-003-07-00.png,that
i_e04-043-06-04.png,with
i_b06-082-01-01.png,in
i_c06-128-01-01.png,family
i_b01-004-00-00.png,There
i_d06-056-01-05.png,and
i_b06-093-09-05.png,whether
i_a03-080-05-07.png,obstacle
i_b01-044-04-06.png,than
i_a04-081-00-02.png,Council
i_c01-066-09-03.png,little
i_d06-008-07-04.png,and
i_a06-147-05-06.png,peace
i_d06-107-06-01.png,have
i_b04-187-07-05.png,film
i_a01-128u-00-04.png,down
i_a05-009-06-05.png,that
i_b06-059-07-02.png,is
i_c02-030-01-01.png,joke
i_a02-086-00-06.png,taken
i_a03-043-06-04.png,Prime
i_a05-104-02-03.png,nations
i_c04-156-04-05.png,a
i_c02-012-09-01.png,reality
i_c03-096e-07-02.png,of
i_a06-141-05-02.png,has
i_a01-020x-02-06.png,revealed
i_c04-128-06-01.png,medley
i_e01-025-04-05.png,than
i_a02-082-03-03.png,the
i_b04-147-02-02.png,in
i_a03-023-04-00.png,province
i_b06-068-07-05.png,that
i_d04-021-02-00.png,diamond
i_a05-073-00-07.png,on
i_c04-075-06-08.png,hammers
i_a03-080-07-04.png,directly
i_c04-116-03-12.png,1956
i_c02-007-03-09.png,most
i_b05-074-05-01.png,in
i_c02-026-04-01.png,brutal
i_c02-012-09-03.png,an
i_b01-027-01-04.png,in
i_c04-144-07-03.png,be
i_c03-096f-03-07.png,the
i_d06-027-02-05.png,do
i_e04-091-00-00.png,The
i_a06-128-06-01.png,KRUSCHEV
i_b06-075-06-03.png,can
i_a01-049u-05-02.png,which
i_c03-081b-07-07.png,that
i_a05-062-02-08.png,Anthony
i_a04-103-03-06.png,A
i_b06-056-07-04.png,movement
i_b04-134-06-08.png,is
i_e04-058-00-04.png,have
i_e06-003-05-02.png,Geography
i_b01-073-07-02.png,dignified
i_e06-033-03-05.png,half
i_c03-007e-05-01.png,strewn
i_b05-017-02-05.png,about
i_c04-056-08-04.png,of
i_e02-086-06-00.png,nature
i_e01-062-04-05.png,work
i_c06-087-04-10.png,Lollo
i_c03-003c-03-04.png,the
i_a04-031-09-08.png,stable
i_a01-091u-01-04.png,massed
i_a02-008-05-02.png,of
i_e01-022-05-00.png,these
i_a04-096-06-07.png,long
i_c03-084e-02-03.png,without
i_a05-022-05-03.png,with
i_b06-079-06-04.png,nuclear
i_c04-128-00-05.png,done
i_a01-043x-04-09.png,Mr.
i_e02-074-04-07.png,toys
i_a01-026u-04-04.png,has
i_a05-080-05-00.png,on
i_d06-025-04-01.png,of
i_b04-128-03-02.png,in
i_a01-087-02-07.png,outwardly
i_e06-046-02-03.png,even
i_c04-139-02-06.png,available
i_c06-076-00-03.png,to
i_a01-132x-03-00.png,the
i_a04-031-04-04.png,Vienna
i_a03-011-04-04.png,even
i_c03-096b-00-01.png,Mr.
i_d01-104-02-05.png,the
i_a01-020-08-02.png,of
i_d06-037-03-08.png,may
i_c02-012-02-02.png,accuracy
i_e01-035-07-01.png,around
i_e06-049-01-03.png,the
i_a01-113-07-07.png,strain
i_d06-067-06-04.png,from
i_d04-037-03-09.png,God
i_b06-075-09-10.png,the
i_e04-052-00-04.png,Canada
i_c06-116-08-04.png,in
i_b04-096-05-08.png,wins
i_d07-100-05-04.png,had
i_a02-072-06-03.png,at
i_b04-075-05-00.png,rare
i_a03-027-04-00.png,and
i_e04-062-01-09.png,to
i_c03-084e-05-10.png,on
i_a03-034-05-00.png,illusion
i_c03-021c-03-03.png,unborn
i_d06-037-06-08.png,normal
i_b05-017-03-05.png,for
i_d06-056-04-07.png,own
i_a04-081-05-01.png,the
i_c03-016a-05-06.png,it
i_b01-113-00-05.png,the
i_c03-003b-02-07.png,the
i_b04-075-04-01.png,St.
i_c03-087d-07-01.png,we
i_a01-077-08-00.png,aides
i_b01-057-03-06.png,little
i_d01-123-00-04.png,roll
i_a06-128-10-01.png,year
i_e04-119-03-00.png,shift
i_a01-063-04-07.png,is
i_c06-100-03-00.png,Sandra
i_a02-012-00-04.png,of
i_e06-010-07-02.png,are
i_e06-030-09-02.png,rump
i_d01-016-02-03.png,the
i_a01-058-04-00.png,day
i_d01-052-02-06.png,of
i_a01-014-09-01.png,Macmillan
i_c04-017-01-10.png,advised
i_b05-067-00-03.png,a
i_c03-084f-00-00.png,Mr.
i_c04-035-02-00.png,loose
i_b01-018-07-07.png,one
i_e02-094-08-00.png,machines
i_d07-102-03-03.png,Shem
i_e04-030-05-03.png,as
i_e07-000-02-01.png,DDT
i_c03-081b-05-07.png,scenes
i_b01-023-01-06.png,Commonwealth
i_d07-082-00-06.png,two
i_c02-012-00-05.png,superfluous
i_b05-083-02-06.png,doubt
i_e04-038-01-12.png,as
i_b01-014-00-06.png,be
i_c04-098-02-04.png,pianistics
i_a06-036-03-07.png,at
i_c06-005-08-04.png,Connemara
i_b04-195-01-04.png,And
i_c03-021f-04-07.png,the
i_a05-089-04-01.png,Mr.
i_e04-079-01-00.png,transoms
i_a02-017-00-00.png,Other
i_a02-072-03-03.png,allowed
i_b06-053-08-01.png,using
i_b06-093-03-04.png,and
i_a01-087-00-03.png,passionate
i_a01-063x-00-05.png,on
i_a02-082-05-02.png,people
i_b01-004-01-09.png,to
i_b06-045-02-09.png,accepting
i_a01-102u-08-01.png,about
i_b06-045-00-00.png,For
i_b06-097-03-04.png,more
i_b04-026-01-00.png,Britain
i_a01-049-01-04.png,telling
i_c03-084b-03-10.png,the
i_b06-036-04-01.png,up
i_a02-008-00-02.png,countries
i_c06-005-03-02.png,in
i_e07-003-07-06.png,Both
i_a01-011-05-06.png,Colonial
i_c02-007-03-01.png,now
i_b05-074-01-05.png,When
i_b04-040-05-03.png,his
i_a02-111-08-05.png,sit-down
i_a06-075-08-03.png,Fell
i_b06-079-07-05.png,on
i_c02-003-03-00.png,sation
i_a06-014-08-05.png,yesterday
i_c04-098-04-00.png,American
i_a06-008-05-05.png,like
i_c06-095-01-09.png,says
i_b05-058-02-01.png,mind
i_a05-089-10-03.png,for
i_b04-096-01-03.png,spent
i_a03-073-05-01.png,adaptation
i_c03-081f-06-02.png,few
i_a05-069-04-04.png,voice
i_d06-008-01-03.png,so
i_a04-027-00-10.png,Gaulle
i_b06-075-00-06.png,cannot
i_c04-156-00-02.png,a
i_b04-054-00-00.png,ARCHBISHOP
i_d06-056-06-06.png,our
i_a02-093-06-01.png,hold
i_d04-117-06-00.png,and
i_a01-014-02-04.png,Nkumbula
i_e02-091-04-04.png,majority
i_a02-078-04-03.png,monster
i_b06-059-04-02.png,as
i_b05-074-04-02.png,they
i_c03-084b-00-03.png,production
i_a01-122u-06-05.png,to
i_c03-016d-09-06.png,child
i_a06-100-02-01.png,of
i_c06-103-05-00.png,sex
i_d05-008-01-03.png,He
i_c03-021d-09-02.png,looking
i_c03-003e-06-02.png,its
i_e01-102-02-06.png,designs
i_a01-063x-04-00.png,German
i_d01-118-05-09.png,was
i_c04-089-03-09.png,might
i_b01-062-05-08.png,be
i_e04-019-03-07.png,fit
i_d01-060-05-01.png,178
i_a05-084-07-01.png,Mr.
i_d01-024-06-06.png,is
i_c03-000e-07-01.png,are
i_e06-049-00-01.png,us
i_a04-039-05-02.png,the
i_e01-022-06-01.png,lace-making
i_b06-045-01-04.png,conferences
i_b05-074-00-02.png,believed
i_a01-049-08-00.png,Robertson
i_c06-043-04-03.png,announcement
i_a06-008-04-06.png,can
i_a03-017-02-06.png,still
i_e01-035-06-02.png,of
i_b01-127-06-05.png,the
i_a01-113-06-02.png,hostile
i_a01-117-05-00.png,unsmiling
i_c04-080-06-00.png,miles
i_c03-021e-08-07.png,someone
i_b03-114-02-02.png,up
i_a05-044-08-05.png,seats
i_a06-004-06-01.png,short
i_d06-111-02-07.png,of
i_c03-087d-04-01.png,the
i_a01-053-06-06.png,outstanding
i_b01-089-07-01.png,is
i_a06-000-03-08.png,came
i_a01-003u-02-00.png,Ps
i_a03-047-06-02.png,chancery
i_a05-094-05-04.png,jackets
i_b06-032-06-00.png,policy
i_a01-053x-04-05.png,Mr.
i_b06-049-05-01.png,policy
i_b04-020-07-05.png,mother
i_e04-034-06-07.png,can
i_b06-032-06-04.png,in
i_e01-029-00-06.png,with
i_a01-014-01-01.png,London
i_b06-064-00-03.png,stood
i_e04-019-07-04.png,on
i_c03-016e-07-06.png,half
i_b01-079-01-00.png,Hammarskjold
i_c03-016b-08-03.png,a
i_b06-000-00-07.png,early
i_b04-075-04-07.png,placid
i_b04-140-00-02.png,war
i_a01-117-08-02.png,whose
i_e01-092-07-00.png,thickness
i_a05-084-05-02.png,time
i_c03-021b-04-08.png,her
i_b06-023-04-08.png,to
i_a05-022-04-03.png,suggestions
i_b03-114-06-01.png,in
i_b06-064-08-01.png,a
i_c03-081c-03-04.png,remained
i_b01-127-03-03.png,fact
i_d01-052-00-03.png,was
i_c02-030-07-00.png,recording
i_a06-039-03-03.png,parade
i_e06-070-03-00.png,fish
i_e07-012-00-07.png,spring
i_a01-020-03-05.png,attending
i_b02-097-05-04.png,too
i_a06-036-05-02.png,they
i_c02-082-06-02.png,from
i_a04-059-02-08.png,be
i_c03-021c-03-05.png,as
i_b06-023-02-08.png,fact
i_c04-110-01-07.png,Parlophone
i_a05-058-00-02.png,must
i_e04-083-03-04.png,chines
i_a01-038-09-00.png,regarded
i_b06-064-01-02.png,where
i_c03-007e-01-04.png,the
i_b06-045-03-00.png,unpalatable
i_a05-044-08-01.png,contests
i_e06-070-05-00.png,would
i_e06-070-00-03.png,net
i_c03-003e-03-01.png,the
i_e04-109-04-05.png,Make
i_d04-050-00-02.png,not
i_a04-043-03-06.png,of
i_e06-000-06-05.png,swim
i_a03-030-03-05.png,him
i_a03-017-08-02.png,and
i_b05-074-04-10.png,really
i_d05-008-05-02.png,hopes
i_e01-018-08-04.png,sentiment
i_c03-021a-02-07.png,a
i_c02-049-06-01.png,brilliantly
i_c03-007e-03-00.png,streets
i_a01-014u-03-01.png,night
i_a04-096-02-04.png,of
i_c03-084e-01-03.png,full
i_b05-083-02-08.png,the
i_e01-032-10-07.png,men
i_c03-007a-06-04.png,memory
i_a06-020-02-11.png,run
i_e01-107-04-00.png,correct
i_d01-118-05-06.png,If
i_e06-037-01-05.png,of
i_a01-026u-08-02.png,Prime
i_a01-072u-01-04.png,Dr.
i_c06-083-03-05.png,millionaire
i_c06-100-04-11.png,keeps
i_a06-025-06-08.png,it
i_a04-003-00-00.png,It
i_b06-053-08-02.png,the
i_a02-086-04-05.png,faith
i_b05-032-08-09.png,in
i_e04-083-04-04.png,are
i_c02-012-06-02.png,to
i_b06-000-02-10.png,Berlin
i_a02-098-02-03.png,Sir
i_a04-035-04-04.png,and
i_a04-035-09-05.png,the
i_d06-082-00-03.png,stopped
i_e02-082-02-09.png,a
i_b04-128-03-03.png,investment
i_a06-039-05-01.png,of
i_d01-098-00-05.png,was
i_a03-080-00-01.png,Foreign
i_e07-012-07-00.png,grasshopper
i_a01-113-05-08.png,Mr.
i_a04-006-08-05.png,assistant
i_a01-026x-06-03.png,Party
i_d04-012-07-00.png,the
i_b06-056-09-00.png,and
i_a05-044-09-00.png,Nationalists
i_e06-003-05-06.png,names
i_e04-099-01-00.png,plan
i_c06-128-07-00.png,emptiness
i_a02-046-06-02.png,of
i_c03-081e-01-00.png,technical
i_d06-041-04-04.png,late
i_a01-003x-05-03.png,put
i_c03-084e-06-03.png,theme
i_a02-098-06-09.png,bulk
i_b01-027-03-02.png,the
i_d06-027-04-05.png,many
i_a06-124-01-00.png,difficult
i_a01-113-04-11.png,a
i_e01-062-02-05.png,fulfil
i_a02-020-05-02.png,in
i_b01-014-01-05.png,the
i_a02-050-04-00.png,After
i_a01-020-02-09.png,plans
i_d04-012-03-02.png,Therefore
i_a01-020u-02-01.png,had
i_e01-092-04-01.png,becomes
i_e01-062-01-00.png,tablecloths
i_a01-049x-06-08.png,in
i_c03-081c-02-04.png,clearer
i_c06-083-05-06.png,months
i_a05-029-07-04.png,this
i_b04-004-02-03.png,Congo
i_e01-032-09-01.png,patterns
i_d04-016-04-03.png,possesses
i_c03-003a-00-08.png,has
i_e04-103-03-01.png,the
i_a01-053u-01-02.png,with
i_c03-021a-09-02.png,looking
i_b01-049-05-06.png,to
i_c02-030-05-04.png,Wicki
i_d01-080-05-08.png,Fourth
i_c02-078-04-05.png,so
i_a04-043-01-00.png,defence
i_a04-010-03-00.png,have
i_a01-003u-06-06.png,now
i_d06-063-06-01.png,news
i_b05-042-05-02.png,can
i_a01-117-09-02.png,in
i_e04-011-02-03.png,in.
i_a02-120-02-04.png,illegal
i_c06-031-02-05.png,I
i_e07-061-05-00.png,at
i_c02-026-02-03.png,best
i_d06-000-04-04.png,face
i_a01-020x-03-00.png,to
i_e02-014-03-03.png,It
i_b05-045-02-07.png,qualified
i_a05-017-09-02.png,probably
i_c03-021d-03-05.png,unborn
i_b01-038-06-00.png,their
i_a02-004-00-00.png,So
i_a06-051-03-09.png,got
i_a03-030-06-02.png,The
i_d04-066-07-02.png,children
i_d06-008-04-07.png,being
i_d06-008-04-06.png,be
i_b01-073-05-04.png,concern
i_a06-114-02-01.png,by
i_a01-058x-05-03.png,he
i_b01-038-00-03.png,rise
i_b06-110-01-02.png,jobs
i_b04-103-02-04.png,tools
i_b04-134-08-03.png,spectacularly
i_d05-021-05-06.png,time
i_c02-035-05-00.png,and
i_c03-000f-06-05.png,this
i_b01-057-08-03.png,put
i_a01-049-03-05.png,affiliations
i_b01-053-05-02.png,Western
i_c03-000d-02-07.png,pro-
i_a04-085-07-01.png,people
i_d05-040-01-09.png,to
i_a01-053u-02-01.png,by
i_a01-011-04-03.png,Africans
i_b05-067-03-12.png,Goering
i_c02-007-06-04.png,only
i_b02-097-03-00.png,and
i_c03-096d-03-02.png,the
i_d06-046-02-04.png,immediate
i_a01-049u-09-00.png,Robertson
i_c03-016d-00-03.png,heart
i_d01-104-03-01.png,Pliny
i_e02-117-03-03.png,done
i_b01-018-03-03.png,at
i_b06-008-03-06.png,operation
i_c03-003c-02-07.png,qualities
i_e04-043-03-02.png,cheapness
i_e06-000-00-05.png,the
i_d01-019-01-02.png,by
i_e01-014-00-00.png,We
i_b03-109-00-07.png,scale
i_c03-016d-09-01.png,leaves
i_d06-082-04-04.png,orderly
i_e07-061-00-00.png,Meanwhile
i_c04-050-05-08.png,?
i_a05-004-04-04.png,levels
i_b05-038-05-04.png,They
i_d06-011-07-05.png,shall
i_c03-016c-01-02.png,in
i_b05-042-07-04.png,processes
i_a02-017-05-02.png,to
i_c03-000b-04-01.png,Delaney
i_e04-109-00-05.png,gauge
i_c02-026-00-01.png,summary
i_a01-102u-02-05.png,is
i_c03-096f-02-06.png,driven
i_a01-072u-04-03.png,is
i_b05-055-01-02.png,pitch
i_a02-102-00-03.png,for
i_e02-100-05-02.png,blame
i_c04-080-00-06.png,sound
i_a04-047-07-08.png,on
i_a02-124-04-00.png,the
i_a04-047-01-01.png,General
i_a04-069-06-03.png,Soviet
i_a01-087u-00-05.png,warm-hearted
i_b03-025-06-00.png,is
i_c01-014-09-03.png,the
i_a05-113-08-02.png,the
i_a01-063-03-00.png,discuss
i_d04-012-02-05.png,guarded
i_a06-020-05-01.png,should
i_d04-008-01-00.png,a
i_b01-000-06-05.png,touch
i_a02-078-04-06.png,as
i_c03-096c-02-02.png,effective
i_d01-080-00-01.png,bar
i_a01-000u-06-03.png,for
i_e04-079-00-00.png,Cut
i_b05-067-05-04.png,link
i_d06-096-07-06.png,relieving
i_a01-113-05-01.png,on
i_e04-004-00-05.png,side
i_b05-074-03-03.png,Hitler
i_c04-116-02-18.png,title
i_d05-030-08-01.png,necessarily
i_a04-072-05-00.png,was
i_c03-000f-00-01.png,film
i_a03-034-04-08.png,little
i_c03-084a-07-02.png,unbridled
i_d04-096-05-00.png,Mortar
i_a01-107-01-02.png,point
i_a04-047-03-01.png,of
i_a01-011u-02-02.png,members
i_c06-138-07-04.png,but
i_d04-121-02-05.png,the
i_a01-030u-01-03.png,not
i_e07-072-00-03.png,influx
i_a01-020u-05-02.png,overall
i_b01-073-01-02.png,to
i_a01-063x-00-07.png,higher
i_c04-061-02-02.png,a
i_a05-009-02-06.png,and
i_a05-022-04-01.png,truth
i_a01-082u-03-00.png,slackness
i_a04-006-05-03.png,of
i_a01-096u-09-01.png,render
i_c06-000-04-08.png,are
i_a03-009-04-00.png,coordinate
i_d07-093-02-00.png,here
i_e06-041-08-07.png,way
i_d06-056-01-04.png,families
i_b01-089-04-02.png,there
i_c06-128-04-03.png,cot
i_a04-023-00-08.png,followed
i_e07-003-04-04.png,on
i_b04-187-01-04.png,Barry
i_e07-003-06-03.png,carrying
i_e04-004-01-02.png,shown
i_c06-052-01-00.png,by
i_a01-072u-01-02.png,reserves
i_d06-096-02-08.png,understand
i_d06-063-03-05.png,a
i_a05-022-05-02.png,odds
i_b04-169-06-09.png,15
i_d03-112-08-06.png,Sol.
i_b05-045-03-03.png,new
i_e04-000-02-06.png,solidly
i_e04-052-06-03.png,glued
i_a06-070-03-01.png,without
i_a05-013-07-03.png,uniform
i_a04-072-05-05.png,great
i_b04-181-06-04.png,That
i_a04-085-09-05.png,that
i_b06-056-04-01.png,misrepresentation
i_d01-123-06-02.png,on
i_b01-038-08-05.png,be
i_c03-003a-01-01.png,throughout
i_d06-008-05-06.png,Far
i_c02-056-04-02.png,light
i_a06-147-06-05.png,status
i_a06-095-00-05.png,be
i_c04-134-04-03.png,house
i_c03-021e-00-03.png,pregnant
i_e06-070-02-04.png,of
i_d04-081-06-01.png,remember
i_b01-079-09-08.png,new
i_a01-043-01-03.png,President
i_e04-019-05-01.png,glue
i_c03-096f-06-02.png,that
i_e04-058-01-05.png,frame
i_e01-107-04-05.png,Mercer-Crochet
i_a06-090-08-03.png,at
i_b06-064-03-04.png,were
i_b03-025-02-00.png,truism
i_d06-015-01-05.png,help
i_d06-086-05-07.png,To
i_c03-096f-05-07.png,not
i_d06-046-09-10.png,.
i_a03-050-03-04.png,a
i_a06-025-06-04.png,interference
i_b01-057-00-05.png,nine
i_d07-102-02-06.png,in
i_a05-084-02-00.png,than
i_c04-050-01-05.png,this
i_a01-058-00-03.png,ready
i_d07-093-02-02.png,the
i_a05-099-02-11.png,)
i_c02-082-08-05.png,wherever
i_e06-021-02-06.png,always
i_d01-052-03-06.png,manu-
i_e07-003-06-07.png,on
i_a02-057-04-04.png,that
i_c04-098-00-03.png,of
i_e06-049-04-03.png,moving
i_d06-050-02-12.png,do
i_c06-111-00-06.png,some
i_c01-014-01-04.png,on
i_a01-077u-08-00.png,on
i_b01-113-00-06.png,impenetrable
i_c02-035-00-10.png,cut-rate
i_a03-054-04-08.png,back
i_d04-005-07-01.png,be
i_a02-050-02-03.png,muster
i_c03-003a-02-06.png,the
i_e04-034-01-02.png,wood
i_d06-060-04-06.png,nevertheless
i_b01-079-07-03.png,When
i_a01-026u-05-04.png,main
i_a04-050-05-05.png,out
i_d04-086-01-07.png,in
i_b04-020-01-04.png,than
i_a05-000-06-06.png,a
i_c02-007-08-00.png,technical
i_c06-011-03-07.png,if
i_c04-050-02-10.png,Mudd
i_c06-095-06-04.png,more
i_c03-007e-08-03.png,story
i_b05-042-05-06.png,mind
i_e01-032-02-01.png,lovely
i_b01-079-06-06.png,they
i_b06-079-02-04.png,in
i_b01-062-04-05.png,is
i_e01-102-00-06.png,part
i_a03-054-02-03.png,by
i_a02-072-00-08.png,be
i_b04-208-01-02.png,that
i_e04-114-05-00.png,the
i_c03-081b-05-04.png,her
i_a04-081-04-01.png,of
i_d01-049-07-04.png,is
i_c06-005-01-00.png,the
i_a06-051-01-02.png,of
i_b06-097-01-01.png,of
i_c03-081c-01-07.png,herself
i_a05-089-09-02.png,Mr.
i_b04-054-03-05.png,Cypriots
i_a01-063-05-07.png,big
i_a01-043x-04-08.png,is
i_a02-053-07-00.png,members
i_a02-057-06-01.png,anti-apartheid
i_c03-003c-02-03.png,it
i_a02-008-07-04.png,observers
i_a06-075-05-06.png,point
i_b04-040-05-06.png,marry
i_b04-000-06-00.png,attacked
i_d04-066-06-05.png,we
i_b04-107-01-01.png,Rhodesia
i_b05-050-04-02.png,the
i_e07-012-03-02.png,insects
i_b02-045-03-00.png,principle
i_b04-181-00-04.png,what
i_c02-030-08-00.png,last
i_c02-035-00-03.png,unfair
i_b04-140-07-03.png,question
i_a05-022-06-03.png,dispense
i_a04-010-07-02.png,television
i_c03-084d-04-04.png,Week
i_e06-015-03-03.png,harder
i_b01-018-00-00.png,THE
i_a05-080-00-02.png,explained
i_b06-059-00-00.png,It
i_a06-064-02-04.png,Mr.
i_a06-004-06-02.png,period
i_c06-106-03-00.png,mission
i_a04-047-05-05.png,that
i_c04-056-08-06.png,jugglers
i_e04-052-07-03.png,shape
i_d05-013-02-00.png,They
i_a01-122u-09-02.png,seemed
i_a05-069-02-04.png,foreign
i_a04-050-05-07.png,date
i_a05-058-01-10.png,be
i_d06-060-06-01.png,major
i_c03-007e-01-01.png,a
i_a05-017-00-05.png,trend
i_d01-118-00-02.png,advantages
i_a06-070-03-00.png,Community
i_d05-013-03-04.png,on
i_e04-015-04-00.png,glued
i_d05-030-02-02.png,to
i_a06-124-02-04.png,overdrafts
i_a01-038x-02-00.png,had
i_b06-059-04-01.png,so
i_a01-007-04-07.png,of
i_b01-038-10-05.png,a
i_c03-087f-02-03.png,melodramatic
i_a06-119-05-02.png,than
i_e07-072-05-01.png,small
i_b01-023-00-07.png,South
i_a04-047-01-02.png,and
i_a02-050-05-04.png,Council
i_d04-125-04-12.png,the
i_c06-043-00-04.png,alcoholic
i_a01-077u-07-06.png,the
i_c01-066-00-02.png,that
i_c03-081d-04-07.png,but
i_c03-094d-05-03.png,the
i_b04-121-01-10.png,Mr.
i_d06-015-00-02.png,more
i_a02-057-04-01.png,warned
i_a02-053-01-11.png,capacity
i_c03-007f-02-05.png,live
i_e01-107-09-00.png,from
i_d06-067-05-06.png,live
i_d06-008-08-01.png,together
i_d06-011-04-05.png,the
i_d05-030-06-06.png,anyone
i_a05-017-05-05.png,he
i_b01-079-00-07.png,to
i_b05-098-00-01.png,was
i_c03-000f-05-06.png,and
i_b01-027-06-05.png,cruel
i_d04-016-02-05.png,that
i_a03-047-02-06.png,Diefen-
i_d01-056-09-03.png,used
i_a02-090-04-02.png,did
i_a04-059-05-00.png,view
i_a03-043-03-03.png,per
i_c03-003b-04-07.png,vividly
i_a02-090-04-06.png,way
i_b05-038-04-02.png,a
i_e06-070-01-04.png,the
i_e04-119-03-10.png,boat
i_a03-027-00-06.png,within
i_b06-032-00-07.png,under
i_c03-087d-00-06.png,distance
i_b04-195-01-01.png,old
i_d06-041-06-03.png,an
i_d01-123-04-02.png,form
i_d04-005-06-08.png,Shamir
i_b01-004-05-07.png,Archbishop
i_e02-094-00-03.png,suggest
i_b05-017-02-06.png,had
i_e04-038-06-00.png,satisfying
i_c06-020-07-02.png,some
i_a04-039-00-01.png,VIENNA
i_e01-055-02-04.png,antimacassars
i_d03-117-05-09.png,Stone
i_c04-150-01-01.png,he
i_a04-031-01-06.png,to
i_a01-072x-04-06.png,now
i_c03-000d-04-04.png,with
i_b05-058-03-12.png,the
i_d01-019-05-00.png,could
i_c04-089-00-09.png,of
i_a02-111-07-00.png,has
i_c03-084d-03-06.png,in
i_a05-017-03-02.png,possibility
i_b01-118-06-00.png,led
i_a01-030x-07-05.png,in
i_a06-051-03-04.png,minutes
i_a06-014-05-02.png,will
i_a01-003-02-01.png,down
i_e01-018-08-00.png,upon
i_a01-068u-06-04.png,the
i_c01-066-02-04.png,every
i_a06-051-03-05.png,later
i_c03-021e-03-07.png,unborn
i_a03-089-00-05.png,replace
i_c02-078-09-04.png,days
i_c06-116-04-05.png,was
i_c03-021e-07-01.png,gives
i_a01-020x-04-06.png,the
i_b05-038-07-05.png,by
i_e02-094-01-02.png,the
i_e01-050-04-03.png,quite
i_b06-093-04-05.png,to
i_a01-053-02-03.png,Government
i_a04-010-00-04.png,more
i_b01-113-00-02.png,man
i_c04-128-03-01.png,tonight
i_b06-071-03-03.png,through
i_a05-022-08-00.png,defence
i_b02-013-02-01.png,Krushchev
i_b02-045-02-03.png,if
i_e01-092-06-00.png,to
i_a02-082-01-04.png,convicted
i_e01-102-01-05.png,The
i_a03-071-00-02.png,at
i_a06-070-07-03.png,Mr.
i_d06-020-04-03.png,God
i_b01-132-06-09.png,also
i_a03-073-08-00.png,British
i_a04-096-05-00.png,of
i_a04-006-00-02.png,told
i_d05-040-04-07.png,transportable
i_a03-017-05-03.png,the
i_b06-049-09-08.png,context
i_e02-086-04-04.png,regarded
i_a03-063-09-03.png,project
i_c06-005-02-09.png,a
i_a04-019-01-01.png,in
i_c03-081c-06-02.png,Landen
i_a01-132u-08-03.png,in
i_a01-082u-06-01.png,his
i_a04-072-07-00.png,great
i_b04-154-00-04.png,Welensky
i_a01-091u-07-05.png,had
i_e04-038-01-04.png,bite
i_b04-066-05-01.png,right
i_e06-041-06-07.png,Films
i_a01-007x-00-01.png,1958
i_a04-019-06-06.png,the
i_a03-073-09-07.png,of
i_e04-127-05-02.png,variety
i_b01-062-04-00.png,contains
i_e04-022-05-00.png,A
i_a01-117-06-04.png,of
i_b01-062-02-02.png,to
i_b01-079-06-04.png,politicians
i_b04-054-01-01.png,ex-Eoka
i_d04-121-05-07.png,one
i_e04-000-05-06.png,pine
i_a04-066-08-01.png,the
i_a01-038x-04-01.png,on
i_e04-052-01-08.png,them
i_b04-121-02-05.png,is
i_a01-072u-07-09.png,upsetting
i_a01-003u-09-01.png,Labour
i_e06-053-04-08.png,This
i_c03-084a-01-04.png,value
i_a02-078-04-02.png,a
i_c03-021f-04-02.png,child
i_a02-067-09-04.png,said
i_e06-010-02-08.png,or
i_b04-147-05-05.png,By
i_a01-128-05-04.png,the
i_a03-073-02-05.png,out
i_a03-043-02-05.png,(
i_a01-053x-09-00.png,full
i_d06-060-00-00.png,One
i_a01-003u-04-06.png,the
i_c06-091-03-11.png,adult
i_b05-017-02-07.png,better
i_c03-081e-02-05.png,be
i_a01-026-01-06.png,there
i_a04-003-02-07.png,recent
i_e01-062-03-08.png,difficult
i_e01-018-02-07.png,with
i_b06-032-02-01.png,not
i_b01-089-05-03.png,Yesterday
i_a01-007x-02-07.png,House
i_a04-066-08-00.png,to
i_c03-094b-08-00.png,Richards
i_c06-128-00-08.png,New
i_b06-097-06-04.png,training
i_b02-013-04-00.png,have
i_c04-122-02-00.png,tuneful
i_c02-007-01-06.png,Africa
i_a02-027-03-00.png,including
i_c04-089-04-09.png,dept.
i_b04-195-00-07.png,success
i_b05-079-05-01.png,and
i_a01-096u-07-04.png,to
i_c03-084a-05-05.png,Paul
i_b06-071-05-02.png,inroads
i_a02-027-04-03.png,in
i_a02-020-02-05.png,Heath
i_d01-024-03-07.png,it
i_d06-111-04-10.png,factors
i_d06-030-04-04.png,of
i_d06-082-03-00.png,become
i_a05-048-03-07.png,years
i_a04-006-03-00.png,There
i_b04-054-06-04.png,again
i_c03-021b-07-07.png,looking
i_d01-098-03-05.png,is
i_d06-091-03-02.png,school
i_a01-087u-00-03.png,passionate
i_d01-024-01-06.png,the
i_d06-027-01-06.png,sensitive
i_d01-104-02-00.png,the
i_e07-003-07-08.png,and
i_a04-103-04-00.png,growing
i_a01-007x-01-06.png,Labour
i_b06-082-05-05.png,and
i_a03-080-00-02.png,Ministry
i_d06-104-00-04.png,of
i_a01-082u-01-00.png,face
i_c03-094f-03-06.png,by
i_c06-111-02-05.png,a
i_c06-080-02-05.png,one
i_c01-014-00-09.png,Kallman
i_a04-031-07-00.png,declared
i_d04-021-00-02.png,of
i_e07-012-07-02.png,eating
i_d01-104-03-05.png,the
i_b01-094-07-01.png,when
i_e01-035-03-00.png,making
i_b06-087-05-04.png,the
i_d04-032-01-00.png,which
i_c06-011-02-02.png,to
i_c04-008-01-03.png,the
i_c06-039-04-06.png,into
i_a01-128-01-01.png,full
i_e07-061-08-03.png,mantis
i_e07-007-00-01.png,biological
i_c03-007f-02-08.png,shabby
i_c03-087b-03-06.png,world
i_a02-111-10-06.png,arms
i_a03-014-00-02.png,from
i_a04-027-05-04.png,should
i_b01-044-01-08.png,home
i_a06-128-02-04.png,Budgette
i_c03-087e-06-04.png,we
i_b04-147-06-09.png,will
i_d01-123-02-04.png,lacking
i_c03-096a-04-04.png,endowed
i_d06-011-07-07.png,in
i_d06-011-05-01.png,that
i_e06-003-10-03.png,along
i_a05-025-07-06.png,army
i_d04-075-03-00.png,called
i_b04-187-07-03.png,a
i_c02-026-07-06.png,by
i_b03-025-05-00.png,tact
i_a02-004-08-04.png,has
i_a02-053-02-03.png,reception
i_c06-047-02-00.png,produced
i_c03-003f-01-00.png,ved
i_e04-132-00-01.png,these
i_a04-031-02-03.png,two
i_a04-043-00-02.png,today
i_a04-043-03-02.png,Britain
i_d04-005-06-06.png,where
i_c04-139-00-09.png,of
i_a01-117u-07-07.png,the
i_a04-069-00-05.png,Gaitskell
i_c03-096c-01-07.png,one
i_c03-096f-07-05.png,like
i_b04-175-02-06.png,in
i_a02-012-04-00.png,his
i_a01-026-05-04.png,and
i_c03-003a-02-07.png,visual
i_c03-007e-01-02.png,town
i_a05-125-05-00.png,in
i_d01-024-00-04.png,expound
i_a05-044-01-00.png,Progressive
i_a03-043-00-02.png,a
i_d06-086-03-03.png,would
i_b05-032-02-05.png,said
i_a02-020-06-00.png,Council
i_b05-074-01-06.png,they
i_d03-112-04-00.png,is
i_e06-010-04-03.png,crowding
i_d06-060-05-03.png,tiredness
i_b04-075-04-10.png,pelicans
i_d05-008-00-01.png,new
i_e02-091-05-05.png,for
i_d06-037-03-07.png,We
i_c04-128-06-03.png,sung
i_e06-000-04-01.png,herring
i_c03-000b-04-00.png,Miss
i_b04-066-03-10.png,optimists
i_e04-119-02-03.png,You
i_b06-056-10-00.png,trick
i_e07-000-06-01.png,poisoning
i_d06-030-02-00.png,partly
i_a01-049u-04-04.png,Senate
i_e07-007-01-01.png,not
i_c06-000-03-02.png,in
i_b04-081-06-02.png,strike
i_b02-097-05-03.png,day
i_b04-187-01-06.png,and
i_d06-104-04-00.png,Monday
i_b01-122-00-04.png,make
i_a01-072u-02-01.png,is
i_b01-062-01-08.png,obviously
i_c03-084f-03-05.png,play
i_a01-020u-00-00.png,Mr.
i_a01-020x-04-04.png,the
i_b06-087-03-04.png,organised
i_a01-091u-00-06.png,not
i_b06-008-07-01.png,his
i_e01-113-01-03.png,2
i_d01-098-05-06.png,book
i_a06-075-02-05.png,right
i_b06-042-04-03.png,in
i_a02-024-03-01.png,to
i_b01-073-09-04.png,in
i_b06-110-00-02.png,Duke
i_d06-082-01-00.png,we
i_c03-084b-03-06.png,the
i_d06-003-04-00.png,that
i_c03-087d-04-03.png,around
i_a05-053-04-02.png,a
i_e01-035-02-07.png,lace-
i_c06-087-04-06.png,Hudson
i_a05-058-02-00.png,afraid
i_b02-013-09-03.png,basis
i_e01-102-04-02.png,threads
i_d01-080-06-09.png,it
i_a05-099-02-03.png,Smith
i_b01-038-07-07.png,that
i_b06-082-01-03.png,to
i_a01-117-08-04.png,had
i_e06-026-04-05.png,good
i_e01-050-02-06.png,it
i_a01-003x-06-05.png,should
i_d07-082-06-09.png,note
i_b01-004-06-04.png,that
i_a02-053-02-00.png,he
i_b05-071-03-01.png,appalling
i_e01-119-05-02.png,of
i_a03-054-04-07.png,road
i_d06-100-00-08.png,our
i_d04-047-00-04.png,putting
i_a06-064-06-07.png,ample
i_a01-053u-03-00.png,Kennedy
i_c03-081b-08-04.png,performance
i_a03-006-05-01.png,the
i_a06-044-04-06.png,The
i_b02-045-00-09.png,to
i_d07-102-07-03.png,similar
i_b01-049-03-07.png,or
i_d06-072-08-02.png,over
i_d06-000-06-01.png,and
i_e02-000-00-06.png,has
i_c04-056-01-01.png,bolted
i_a02-050-03-03.png,occasion
i_a02-072-02-08.png,stride
i_c06-087-04-01.png,tour
i_b06-012-02-03.png,Common
i_a05-058-06-01.png,fall-out
i_a01-132u-05-04.png,the
i_e04-011-06-02.png,cleaning
i_e01-113-07-02.png,tip
i_b01-089-08-04.png,by
i_b05-074-05-08.png,New
i_a06-124-02-08.png,underlined
i_e02-018-01-04.png,required
i_b05-055-00-12.png,of
i_c03-084b-03-00.png,them
i_a01-043x-00-03.png,Lancaster
i_e06-015-08-01.png,farther
i_a05-073-08-08.png,had
i_a04-050-00-06.png,of
i_d04-125-03-06.png,There
i_a05-099-02-10.png,S.
i_b01-033-00-02.png,Queen
i_c04-008-01-07.png,Monroe
i_e01-029-00-00.png,It
i_e04-011-08-00.png,the
i_b01-079-04-00.png,serving
i_a01-043u-03-01.png,Housing
i_a05-094-01-05.png,They
i_d04-028-05-04.png,of
i_e01-018-05-07.png,with
i_a01-026-08-01.png,Chequers
i_a03-066-05-04.png,a
i_b03-025-03-02.png,followed
i_a05-053-09-00.png,be
i_a05-000-01-01.png,published
i_d04-081-01-07.png,days
i_a01-049-04-03.png,Committee
i_d01-024-02-03.png,one
i_c03-094b-08-05.png,suitably
i_c04-116-01-18.png,hits
i_a03-059-04-06.png,under
i_a05-058-04-05.png,asked
i_a03-071-00-07.png,there
i_a06-128-06-04.png,bogy
i_a03-047-07-02.png,not
i_a06-134-03-01.png,with
i_c02-059-03-04.png,every
i_b04-134-00-03.png,means
i_d06-015-04-07.png,unable
i_b06-079-07-03.png,of
i_a01-087u-03-00.png,outwardly
i_c03-016e-05-08.png,the
i_b05-074-08-07.png,in
i_b01-027-05-04.png,has
i_a02-053-02-02.png,a
i_a03-054-09-05.png,for
i_c03-007b-04-00.png,the
i_a06-014-10-00.png,invitation
i_a02-120-09-03.png,plans
i_a05-013-02-02.png,the
i_e06-037-07-01.png,behaviour
i_a04-092-00-05.png,reasons
i_b01-023-05-02.png,leave
i_c04-098-05-11.png,his
i_d06-063-08-00.png,months
i_a01-072u-00-06.png,drain
i_a05-094-06-01.png,braces
i_a04-096-00-04.png,concerned
i_a01-058-01-00.png,over
i_a01-091u-04-03.png,and
i_d01-060-01-00.png,Souter
i_b06-110-06-00.png,boys
i_c06-011-02-07.png,Boy
i_a06-004-01-01.png,the
i_c03-007c-02-07.png,shabby
i_b05-062-01-01.png,and
i_a01-011-02-07.png,in
i_e06-003-06-03.png,depend
i_a05-000-00-05.png,defence
i_a01-026u-05-03.png,two
i_a02-072-05-11.png,They
i_b01-073-07-08.png,is
i_d04-096-05-01.png,(
i_a01-117-02-03.png,of
i_b04-075-03-01.png,should
i_a04-039-04-03.png,farewell
i_d07-082-00-01.png,Actually
i_c04-128-06-00.png,SONGS-OF-BRITAIN
i_a05-084-07-03.png,speech
i_a04-015-02-07.png,covered
i_c03-000e-01-07.png,the
i_d04-047-03-05.png,Simeon
i_e07-007-04-07.png,immigrant
i_c03-081e-02-06.png,altogether
i_a02-106-03-04.png,next
i_a03-080-07-00.png,any
i_c02-059-07-06.png,in
i_c03-007-00-07.png,has
i_c04-080-04-02.png,Lisbon
i_e04-062-07-03.png,I
i_a03-040-05-01.png,last
i_d06-060-08-04.png,is
i_a02-008-00-01.png,Commonwealth
i_e06-037-09-03.png,out
i_a01-049-09-04.png,he
i_b06-036-05-11.png,men
i_d05-025-01-02.png,had
i_b04-147-07-04.png,Finlay
i_a02-027-09-01.png,return
i_b06-075-07-01.png,formula
i_b01-089-05-05.png,ships
i_a02-078-08-06.png,Roy
i_d04-058-05-06.png,1ye
i_a04-099-08-00.png,while
i_a02-082-05-01.png,500
i_e07-072-05-00.png,numerous
i_c03-016e-05-04.png,she
i_e02-100-04-02.png,it
i_c03-094d-07-00.png,asked
i_e01-022-01-03.png,of
i_b02-105-03-00.png,the
i_b01-038-06-06.png,immediate
i_b05-074-06-03.png,Himmler
i_a04-103-03-03.png,war
i_e07-072-02-00.png,still
i_b04-060-01-00.png,will
i_b01-122-04-03.png,Joost
i_a06-070-05-06.png,partners
i_a03-040-03-00.png,Liberals
i_b04-047-00-09.png,no
i_a01-026u-00-06.png,Secretary
i_d01-024-06-00.png,of
i_a06-100-03-04.png,dismissed
i_b01-079-05-03.png,and
i_d06-046-06-06.png,a
i_e04-026-01-03.png,the
i_a01-020-00-05.png,the
i_b04-010-09-00.png,larders
i_b04-107-05-00.png,Secretary
i_b05-088-03-03.png,are
i_d06-096-01-09.png,day
i_a01-091-09-04.png,ranks
i_a04-066-04-04.png,unilateral
i_c04-075-04-01.png,press
i_e02-117-07-03.png,for
i_a05-022-00-07.png,minimum
i_b02-045-03-08.png,required
i_e06-015-03-01.png,details
i_c03-021c-02-03.png,yet
i_c02-056-03-09.png,ghost
i_e01-113-06-02.png,Bring
i_b06-075-08-04.png,British
i_b01-127-03-06.png,the
i_b01-079-04-04.png,Congo
i_d01-085-01-06.png,be
i_b01-018-03-05.png,conference
i_e04-034-04-05.png,and
i_a01-053-02-01.png,by
i_c02-049-01-02.png,with
i_d06-100-00-04.png,with
i_b05-098-04-03.png,the
i_d06-015-03-13.png,life
i_c03-007b-02-07.png,streets
i_d04-050-04-06.png,all
i_d07-102-07-00.png,deals
i_c03-094f-09-03.png,suitably
i_e04-091-01-06.png,the
i_a01-063x-00-00.png,But
i_c06-047-03-03.png,was
i_d06-060-07-04.png,life
i_c04-080-03-01.png,went
i_a04-096-06-03.png,distinct
i_a04-027-02-09.png,dinner
i_a01-122-01-06.png,take
i_b04-162-01-06.png,Congo
i_d06-056-02-04.png,cause
i_c03-007c-07-01.png,are
i_a01-026x-07-01.png,Sir
i_c03-084e-07-02.png,unbridled
i_c03-000d-02-06.png,been
i_e01-092-05-08.png,is
i_a02-037-06-00.png,essential
i_c03-000a-06-04.png,and
i_d06-003-06-03.png,victors
i_e06-033-03-07.png,fleet
i_a05-044-09-03.png,United
i_d04-047-04-04.png,)
i_e01-014-03-06.png,do
i_a03-073-06-04.png,into
i_c04-061-05-02.png,a
i_a02-093-00-06.png,gave
i_b01-009-02-00.png,with
i_e02-018-05-05.png,be
i_c03-021c-03-06.png,much
i_b02-102-06-02.png,of
i_a01-082u-09-00.png,in
i_a02-050-03-01.png,was
i_a04-010-02-08.png,already
i_d06-091-02-10.png,us
i_c06-128-04-06.png,suddenly
i_a04-103-01-01.png,for
i_e06-003-01-03.png,primarily
i_b01-018-07-05.png,for
i_e04-068-03-04.png,single
i_e04-079-05-03.png,use
i_c03-096a-06-04.png,their
i_e04-043-00-00.png,Here
i_d04-012-03-05.png,real
i_a01-102u-01-01.png,the
i_c03-016d-03-04.png,mother
i_c03-084d-06-04.png,morality
i_e04-022-01-01.png,B
i_d06-030-03-07.png,difference
i_d07-102-02-01.png,The
i_a04-092-05-00.png,U.S.
i_a05-113-07-01.png,for
i_b06-082-02-01.png,accept
i_a04-031-00-08.png,of
i_d04-032-08-01.png,important
i_a02-093-06-06.png,modifications
i_b04-116-00-02.png,the
i_a04-019-00-09.png,with
i_a01-091-01-04.png,Tories
i_b03-098-07-04.png,taken
i_a05-022-00-01.png,is
i_b05-074-08-04.png,interests
i_a02-017-00-08.png,from
i_b01-049-05-05.png,enough
i_c02-082-01-04.png,curiously
i_c03-016c-04-01.png,she
i_b05-074-06-08.png,1943
i_e04-119-03-08.png,Place
i_c06-100-06-07.png,Weld
i_c04-061-01-08.png,They
i_b06-059-07-04.png,advancing
i_a01-003-01-03.png,Labour
i_a06-114-02-05.png,tariffs
i_a02-086-06-02.png,violence
i_d04-075-09-07.png,that
i_b01-057-02-02.png,lend
i_c03-096e-04-00.png,which
i_d04-005-00-00.png,According
i_d06-037-00-03.png,the
i_a01-007-08-00.png,Roy
i_d06-111-04-03.png,must
i_a05-048-03-01.png,election
i_b03-092-04-10.png,for
i_b04-116-02-03.png,London
i_e04-030-04-08.png,sure
i_b03-104-08-03.png,the
i_a02-111-00-00.png,Instead
i_a05-039-08-05.png,Cape
i_c03-081b-03-00.png,minds
i_e04-034-01-07.png,the
i_e01-022-05-06.png,to
i_e04-015-02-06.png,the
i_e04-132-03-06.png,useful
i_a02-116-03-00.png,a
i_b05-050-03-00.png,of
i_d01-118-00-05.png,was
i_a04-092-03-02.png,these
i_c06-005-00-07.png,hallway
i_c04-098-02-00.png,nothing
i_c03-000c-01-01.png,Taste
i_c03-087d-03-05.png,character
i_c02-082-07-04.png,this
i_d01-123-05-04.png,the
i_a01-117-08-06.png,by
i_c03-096b-07-01.png,the
i_e06-070-02-07.png,or
i_a01-030x-07-08.png,by
i_b06-000-03-08.png,champion
i_a02-090-05-05.png,in
i_a03-023-05-04.png,Jars
i_d05-021-05-02.png,It
i_d07-100-00-09.png,Temple
i_b03-104-03-05.png,of
i_e02-117-03-10.png,problems
i_c04-023-02-03.png,the
i_d06-025-04-07.png,Who
i_c02-012-03-05.png,show
i_e01-062-05-01.png,simple
i_a06-036-03-04.png,the
i_b06-019-07-06.png,Nato
i_b01-049-00-02.png,have
i_b01-062-04-02.png,whose
i_a01-003x-07-04.png,take
i_c03-087f-02-04.png,inevitability
i_b01-127-02-04.png,must
i_c03-087f-07-06.png,in
i_b03-087-04-08.png,until
i_d06-020-05-09.png,can
i_a01-014-07-07.png,telephoned
i_e01-032-10-06.png,inventive
i_d06-107-08-01.png,with
i_a03-009-02-01.png,particular
i_a06-000-01-05.png,and
i_d06-086-06-01.png,along
i_c04-050-08-01.png,rabbit
i_d06-086-01-00.png,if
i_c03-003f-03-06.png,marriage
i_c04-039-01-06.png,on
i_e02-021-06-08.png,To
i_a05-029-02-00.png,September
i_a01-072x-01-01.png,reserves
i_a05-069-00-07.png,curious
i_a01-122u-01-01.png,mothers
i_b05-083-01-02.png,had
i_e07-007-02-02.png,in
i_a01-038-01-00.png,parties
i_a02-072-01-05.png,though
i_d06-027-01-02.png,emotion
i_c06-087-05-04.png,Brenda
i_a02-111-04-06.png,to
i_a01-113-06-01.png,the
i_a04-031-08-06.png,the
i_c04-080-00-04.png,out
i_b06-087-02-06.png,Union
i_a01-068u-09-00.png,troops
i_c03-000f-02-01.png,Square
i_b06-008-04-00.png,1961
i_c04-013-05-06.png,breezily
i_a02-046-03-06.png,in
i_a01-122-01-00.png,children
i_a01-091u-09-01.png,supporters
i_b04-147-05-07.png,concern
i_e04-068-02-00.png,and
i_c04-156-04-02.png,last
i_d04-032-04-04.png,our
i_b01-136-05-04.png,hardly
i_a01-063-09-02.png,is
i_a06-014-00-02.png,at
i_c03-007c-01-07.png,England
i_e06-037-00-00.png,The
i_b06-023-04-07.png,plan
i_c03-003d-08-02.png,atmosphere
i_d07-082-03-00.png,of
i_d06-096-07-04.png,and
i_e02-000-02-07.png,are
i_d04-075-01-02.png,two
i_d04-096-06-00.png,facts
i_a01-030-04-03.png,the
i_c03-016d-03-06.png,In
i_d01-080-01-07.png,in
i_c03-081d-08-05.png,the
i_a02-024-00-02.png,have
i_d04-028-02-10.png,security
i_c04-004-05-06.png,Wilcox
i_b06-045-05-08.png,putting
i_b04-128-03-00.png,tremendous
i_c03-096f-07-07.png,queer
i_e06-041-08-01.png,seine
i_b04-096-02-05.png,cent.
i_e04-011-01-00.png,pinned
i_a02-050-03-06.png,his
i_a03-030-03-09.png,con-
i_a01-007x-04-01.png,an
i_a01-007u-03-04.png,Lords
i_c03-000a-06-05.png,control
i_a02-093-05-04.png,A
i_b06-079-05-06.png,Britain
i_e01-025-05-05.png,destroy
i_b01-049-01-04.png,of
i_e04-043-02-03.png,is
i_b06-036-04-06.png,must
i_c03-000d-01-05.png,opens
i_b06-097-02-05.png,ending
i_c03-016a-01-02.png,in
i_a02-008-02-00.png,in
i_b06-008-01-06.png,the
i_a01-011u-00-01.png,from
i_c03-000b-05-06.png,of
i_a05-108-02-05.png,partial
i_a01-053-09-05.png,con-
i_a02-000-02-02.png,has
i_c03-094e-01-04.png,Sheila
i_e02-025-01-02.png,member
i_a01-020x-03-02.png,Africans
i_d06-020-00-03.png,prayed
i_b01-094-05-06.png,(
i_c03-087b-04-02.png,in
i_e01-119-01-04.png,end
i_a01-132-03-04.png,adjust
i_d07-089-05-06.png,the
i_c03-084e-01-04.png,value
i_d06-091-09-06.png,strangle
i_b03-087-04-01.png,Government
i_b05-088-02-04.png,let
i_d04-028-00-02.png,the
i_a06-004-08-02.png,put
i_a05-108-00-03.png,students
i_c03-096b-05-03.png,not
i_a03-047-08-04.png,or
i_a04-092-03-06.png,importance
i_b06-093-04-03.png,international
i_a01-038-09-04.png,anger
i_c04-116-02-16.png,in
i_b01-018-00-01.png,Commonwealth
i_a06-004-03-07.png,of
i_b04-040-00-06.png,he
i_c01-014-01-01.png,largely
i_a01-030x-07-07.png,talks
i_c04-089-03-10.png,have
i_a01-113-01-02.png,fundamentally
i_b06-068-00-04.png,how
i_c02-059-08-04.png,an
i_e01-050-00-02.png,sixteenth
i_a06-124-04-07.png,now
i_a01-072x-03-06.png,painful
i_a06-014-01-05.png,Chancellor
i_a05-121-04-01.png,personal
i_a06-090-01-03.png,we
i_b06-093-07-01.png,and
i_a06-152-08-02.png,NIGHT
i_a01-117-06-07.png,Mr.
i_e01-092-00-06.png,household
i_b04-010-04-07.png,diplomacy
i_b01-018-04-02.png,millions
i_d06-046-02-03.png,almost
i_a04-096-04-00.png,exercise
i_b04-047-04-08.png,Scotland
i_a01-030-07-02.png,sit
i_c03-094f-06-03.png,asked
i_c03-021e-03-05.png,to
i_a01-007-04-04.png,an
i_a03-071-06-06.png,American
i_e04-030-04-02.png,shown
i_a05-069-04-06.png,rose
i_d01-024-02-05.png,before
i_b01-084-03-03.png,forces
i_c03-081a-02-01.png,herself
i_d06-060-08-05.png,the
i_b01-018-07-00.png,which
i_e02-000-00-05.png,furniture
i_e02-018-00-07.png,the
i_a01-087u-08-03.png,come
i_a06-014-00-07.png,Edward
i_d05-025-07-00.png,became
i_a06-075-03-01.png,to
i_a06-025-05-04.png,wholly
i_c06-011-08-06.png,chat
i_d04-086-01-10.png,emblems
i_c03-087b-01-05.png,attempting
i_c04-075-05-05.png,He
i_c01-014-07-00.png,intervals
i_c03-087b-01-00.png,treatments
i_d07-089-02-00.png,Samuel
i_a01-043x-06-05.png,is
i_a05-094-00-03.png,such
i_a06-051-02-06.png,as
i_b06-082-01-02.png,principle
i_a01-053-06-01.png,believed
i_e07-072-05-06.png,each
i_c02-012-08-00.png,but
i_a02-078-01-04.png,faith
i_a04-096-00-00.png,The
i_b04-047-00-02.png,that
i_b06-064-04-04.png,numbers
i_c03-000b-02-04.png,been
i_a01-026u-01-03.png,Commons
i_c04-035-03-07.png,brightly
i_b03-104-03-06.png,the
i_a06-075-03-00.png,Britain
i_d06-091-08-02.png,may
i_d07-089-09-02.png,the
i_e07-061-06-05.png,wet
i_d06-104-05-03.png,again
i_c03-007f-01-07.png,of
i_a06-036-06-03.png,and
i_b06-004-03-04.png,after
i_b06-015-08-02.png,After
i_d01-060-02-06.png,includes
i_c06-052-01-06.png,last
i_c03-000d-03-00.png,duced
i_c06-091-02-09.png,painful
i_a05-000-03-05.png,be
i_c03-003e-06-04.png,tomorrow
i_b05-074-10-05.png,to
i_c03-003f-03-05.png,the
i_b04-128-04-06.png,to
i_b04-116-02-02.png,in
i_b04-020-06-03.png,the
i_a01-128-04-03.png,the
i_a04-027-05-02.png,big
i_a01-058u-05-00.png,And
i_e06-021-02-08.png,some
i_e01-014-01-04.png,great
i_c03-094f-05-02.png,always
i_a01-026-06-01.png,representatives
i_c06-111-01-00.png,slightly
i_b04-195-05-00.png,on
i_b06-068-03-02.png,to
i_c03-087c-03-06.png,complete
i_a02-004-05-00.png,France
i_a04-099-04-03.png,It
i_c04-039-07-04.png,mind
i_b04-128-06-03.png,cash
i_b01-136-06-05.png,picture
i_c04-110-01-13.png,that
i_a01-026-03-04.png,in
i_a04-039-02-01.png,with
i_c03-094c-02-06.png,the
i_c04-013-00-08.png,lives
i_a02-120-02-06.png,whether
i_a05-025-09-04.png,equally
i_e04-030-06-05.png,becomes
i_d04-008-03-07.png,told
i_b06-023-00-05.png,of
i_b04-154-00-07.png,tough
i_a05-058-05-01.png,Medical
i_a04-015-06-03.png,expansion
i_a06-057-05-01.png,is
i_a06-008-01-03.png,an
i_b04-128-03-08.png,new
i_b01-004-04-05.png,now
i_c04-056-04-05.png,action
i_a04-006-01-04.png,for
i_b04-040-04-08.png,of
i_c04-061-02-04.png,edge
i_a01-068u-03-03.png,is
i_c03-081e-04-03.png,beautiful
i_e04-000-03-01.png,of
i_b01-018-01-01.png,of
i_a06-039-01-08.png,inspiring
i_d04-008-00-03.png,that
i_c01-009-08-04.png,and
i_e02-082-03-01.png,deal
i_b03-092-03-10.png,challenger
i_a06-000-00-01.png,SELWYN
i_c03-003f-00-07.png,It
i_b01-079-04-06.png,That
i_a05-062-06-05.png,To
i_c03-016d-08-00.png,is
i_a01-014-04-02.png,gives
i_c06-058-02-08.png,its
i_c02-056-01-02.png,proper
i_c06-091-03-14.png,screams
i_c04-035-02-01.png,their
i_c03-021a-02-02.png,women
i_c03-007c-03-05.png,school
i_e01-018-01-11.png,1hand-
i_a04-092-05-06.png,only
i_c06-031-01-03.png,is
i_a06-070-02-05.png,Economic
i_c03-000f-06-01.png,to
i_a05-053-03-01.png,a
i_e01-029-03-01.png,give
i_b06-075-09-00.png,and
i_b04-034-03-00.png,they
i_a02-082-05-05.png,of
i_b04-010-09-01.png,been
i_a04-006-09-05.png,in
i_a01-003-08-01.png,that
i_b03-098-02-03.png,put
i_b06-082-01-06.png,defence
i_b06-093-04-00.png,role
i_c03-003b-00-09.png,been
i_c06-000-04-02.png,got
i_e01-102-07-05.png,from
i_e01-113-01-08.png,by
i_a03-089-00-02.png,expected
i_a05-089-09-05.png,former
i_a04-035-09-04.png,on
i_e01-022-01-06.png,A
i_d06-096-07-05.png,above
i_a02-053-01-06.png,as
i_d04-062-02-12.png,lay
i_b05-062-02-00.png,Pontius
i_c03-087d-04-05.png,in
i_b01-132-04-04.png,may
i_d04-101-00-07.png,Seder
i_a04-050-05-03.png,they
i_e04-103-03-08.png,there
i_a04-027-01-01.png,informed
i_b06-075-05-04.png,suits
i_a04-066-05-01.png,to
i_a02-050-01-02.png,back
i_c04-089-00-01.png,along
i_d04-081-00-01.png,Zoma
i_b01-033-00-00.png,But
i_a01-053-03-04.png,letter
i_a02-027-01-08.png,the
i_a01-030u-01-01.png,Macleod
i_c06-106-07-06.png,chosen
i_e02-000-03-00.png,extremely
i_e01-081-02-04.png,in
i_a03-030-03-01.png,in
i_e06-021-04-06.png,may
i_d06-096-01-08.png,and
i_c03-096d-08-01.png,of
i_a01-113u-09-01.png,was
i_b02-097-07-03.png,of
i_c06-083-05-02.png,In
i_b04-026-06-02.png,contractors
i_a02-067-03-05.png,summonses
i_c03-021f-00-02.png,the
i_b01-049-07-04.png,and
i_a02-093-05-02.png,House
i_b02-097-04-00.png,look
i_c03-081d-03-03.png,about
i_a01-096u-02-04.png,Gaitskell
i_e06-000-05-07.png,and
i_a04-023-03-11.png,Secretary
i_c03-094a-03-01.png,editor
i_a04-035-01-05.png,say
i_b04-040-02-01.png,his
i_c03-087e-03-02.png,its
i_c03-087c-06-01.png,more
i_a06-141-05-06.png,regular
i_b01-004-03-02.png,in
i_b03-087-00-09.png,two
i_b01-089-00-00.png,The
i_a02-042-06-03.png,the
i_e02-074-06-07.png,most
i_a03-009-07-04.png,world
i_a02-106-06-04.png,between
i_b01-009-04-00.png,South
i_a01-063x-04-07.png,in
i_a01-020-07-00.png,will
i_e04-058-04-02.png,your
i_a01-113-05-05.png,started
i_c04-013-02-01.png,magazine
i_a01-117u-06-03.png,Powell
i_c02-082-07-06.png,been
i_b01-084-00-01.png,was
i_e02-094-09-03.png,They
i_c06-083-07-06.png,the
i_a06-114-03-04.png,in
i_a01-058-00-04.png,to
i_a04-069-02-03.png,of
i_a01-030u-09-03.png,the
i_a04-092-06-04.png,public
i_a03-063-02-05.png,the
i_a03-030-07-00.png,when
i_a02-067-09-00.png,Mr.
i_c03-021d-05-08.png,in
i_c04-035-03-08.png,enough
i_a04-010-05-03.png,to
i_b01-014-08-00.png,the
i_a01-102-00-01.png,After
i_b05-038-05-01.png,Los
i_a01-102-10-00.png,with
i_c03-016d-02-01.png,lives
i_c03-021b-02-00.png,women
i_d07-082-01-05.png,why
i_a02-120-10-03.png,.
i_d06-067-02-02.png,taxes
i_c04-028-02-02.png,this
i_e04-026-01-09.png,a
i_a03-030-00-05.png,be
i_e01-025-06-03.png,It
i_a01-077u-07-05.png,with
i_b05-017-04-00.png,The
i_d01-123-05-02.png,case
i_b02-045-05-02.png,principle
i_e06-033-01-03.png,spring
i_e06-041-01-02.png,fishing
i_c06-091-01-07.png,The
i_e04-038-04-00.png,paint
i_b06-056-05-03.png,a
i_c04-098-03-00.png,at
i_a01-058x-03-02.png,bluntly
i_d05-040-05-01.png,which
i_a06-128-00-02.png,paid
i_a04-000-00-01.png,KENNEDY
i_c03-007a-00-04.png,Honey
i_a01-122u-08-05.png,conditions
i_b05-017-00-04.png,shove
i_e07-061-08-02.png,the
i_a01-077u-07-02.png,to
i_c03-007a-04-00.png,public
i_c03-084c-06-02.png,power
i_b04-181-06-07.png,they
i_a02-093-01-01.png,to
i_a05-053-09-03.png,accepting
i_a03-071-07-04.png,Welt
i_b01-027-07-01.png,as
i_e02-086-03-00.png,a
i_a03-006-08-01.png,of
i_d03-117-05-05.png,23-25
i_a01-113-03-07.png,too
i_e06-003-05-00.png,geography
i_a02-057-07-01.png,right
i_e01-059-02-11.png,a
i_c06-111-03-00.png,time
i_c06-095-04-07.png,Rock
i_a03-047-03-08.png,The
i_d06-011-00-01.png,situations
i_c02-056-04-01.png,a
i_a04-096-08-04.png,against
i_a02-078-04-00.png,Party
i_a01-107-00-05.png,medical
i_b05-050-07-02.png,with
i_e07-061-02-03.png,hatched
i_b04-154-02-10.png,them
i_c04-105-01-00.png,Rolly
i_e04-109-00-01.png,5/8
i_d07-102-01-07.png,Cent.
i_c03-007f-04-00.png,play-grounds
i_a04-003-00-04.png,following
i_c03-021b-04-02.png,as
i_a01-043u-07-04.png,is
i_a02-086-06-07.png,done
i_a01-072u-07-04.png,the
i_a05-053-00-01.png,decided
i_c03-000d-06-07.png,and
i_d01-098-02-02.png,and
i_a06-152-10-02.png,day
i_e01-029-04-01.png,the
i_d07-100-07-03.png,the
i_d04-111-10-04.png,in
i_a01-011-03-09.png,Roy
i_a05-048-03-06.png,four
i_d06-003-03-01.png,to
i_c03-003f-04-00.png,central
i_c04-039-07-06.png,a
i_a01-030x-00-03.png,a
i_d04-016-07-06.png,Altar
i_d06-041-04-06.png,night
i_b04-202-06-02.png,men
i_a01-020-00-00.png,Mr.
i_b01-049-01-09.png,addition
i_a06-152-06-03.png,East
i_c03-003d-02-04.png,the
i_d06-111-02-01.png,down
i_a03-037-02-04.png,by-elections
i_e04-004-04-08.png,given
i_b05-062-00-09.png,personality
i_b04-060-00-06.png,British
i_c04-044-00-07.png,of
i_c04-023-01-07.png,half
i_e02-018-01-01.png,reveals
i_b02-102-02-02.png,work
i_a05-069-05-06.png,in
i_e06-021-00-01.png,the
i_a02-072-03-04.png,to
i_a02-004-06-06.png,with
i_a06-070-00-03.png,made
i_a05-053-04-06.png,would
i_a04-023-02-05.png,and
i_c03-021a-06-09.png,gives
i_a01-007u-00-00.png,Since
i_c06-076-09-06.png,the
i_a06-100-03-01.png,said
i_e04-086-03-02.png,spruce
i_e02-117-03-01.png,can
i_b06-087-06-06.png,oppose
i_a02-020-00-02.png,the
i_a04-081-07-01.png,industrial
i_c02-007-00-01.png,1950
i_e07-061-10-01.png,vines
i_e04-119-03-04.png,of
i_a03-040-03-07.png,were
i_e02-000-02-05.png,simpler
i_e06-021-03-06.png,travelling
i_a01-007x-02-04.png,abolition
i_b02-045-05-00.png,from
i_d06-050-00-02.png,she
i_c02-056-01-06.png,history
i_e02-074-04-00.png,furniture
i_c06-103-07-04.png,the
i_a05-125-05-02.png,Palace
i_c03-087a-00-07.png,beyond
i_a05-048-09-02.png,necessary
i_e07-066-04-05.png,Spanish
i_b01-057-05-00.png,idea
i_b03-104-01-04.png,an
i_c03-021a-04-00.png,as
i_e07-007-01-04.png,the
i_e02-094-08-02.png,They
i_e01-081-03-07.png,of
i_c03-000b-03-06.png,also
i_a01-113-03-09.png,nor
i_d01-052-03-00.png,scholars
i_a02-106-03-03.png,opens
i_c03-081b-09-00.png,and
i_c03-081f-07-07.png,and
i_a04-066-05-04.png,emphasis
i_a05-013-05-04.png,of
i_c04-089-02-03.png,it
i_a01-132x-01-00.png,being
i_d04-032-01-05.png,plates
i_b06-068-07-06.png,to
i_a04-023-00-09.png,by
i_b01-132-05-06.png,final
i_d01-019-04-09.png,the
i_a01-122u-01-00.png,of
i_c03-007f-07-08.png,an
i_a05-058-04-04.png,had
i_a02-086-00-02.png,this
i_c03-081e-05-05.png,Miss
i_c03-000d-00-00.png,The
i_b01-136-04-04.png,when
i_d07-085-05-02.png,b.
i_e02-082-02-07.png,but
i_d06-037-03-05.png,bed
i_c03-094f-09-02.png,and
i_d04-047-07-06.png,done
i_c03-007d-02-03.png,made
i_a01-117u-05-04.png,attack
i_a01-122u-00-08.png,it
i_e04-030-01-01.png,of
i_c03-021d-07-02.png,forlorn
i_c06-116-09-00.png,meandering
i_d01-080-06-02.png,would
i_b01-062-08-00.png,advertisement
i_e02-018-06-05.png,the
i_a01-107u-07-03.png,nothing
i_a03-014-05-04.png,disclosed
i_a04-039-00-07.png,Moscow
i_c03-081c-03-07.png,but
i_b05-032-08-03.png,trade
i_a03-071-03-03.png,far
i_b06-075-05-06.png,own
i_a04-054-04-04.png,the
i_b01-018-04-04.png,home
i_a01-049-03-00.png,that
i_e04-000-01-05.png,Unlike
i_a03-047-10-01.png,Algoma
i_c03-000c-04-04.png,of
i_c02-022-02-03.png,his
i_b04-128-02-05.png,Treasury
i_c02-035-04-00.png,Third
i_d06-030-01-04.png,The
i_a06-147-03-05.png,not
i_c06-100-00-05.png,know
i_e04-083-02-01.png,forget
i_c03-003b-05-04.png,also
i_e04-011-05-04.png,plastic
i_b04-147-01-05.png,laying
i_a04-047-02-00.png,sure
i_c02-000-07-04.png,directors
i_c03-081d-07-04.png,the
i_c04-075-01-00.png,disc
i_e06-053-02-05.png,had
i_c03-081e-09-00.png,mance
i_b06-068-07-01.png,a
i_b04-054-03-07.png,They
i_c03-084a-06-06.png,the
i_b04-147-07-03.png,Mr.
i_e02-021-00-03.png,is
i_e07-012-03-01.png,other
i_d07-089-03-05.png,of
i_d04-053-07-03.png,be
i_a01-049x-09-07.png,received
i_c03-094f-06-01.png,were
i_c06-080-02-04.png,the
i_a03-034-02-03.png,some
i_b01-118-07-02.png,would
i_b05-074-01-02.png,iniquitous
i_d04-008-04-10.png,is
i_e04-083-00-06.png,be
i_e02-082-07-06.png,it
i_b06-023-07-06.png,also
i_b02-013-07-05.png,real
i_b06-100-06-05.png,The
i_a04-059-00-01.png,party
i_c03-021e-06-02.png,her
i_c03-016a-07-01.png,half
i_c06-111-03-06.png,that
i_b01-118-04-09.png,from
i_e06-033-02-04.png,set
i_e06-053-06-06.png,this
i_e02-000-00-03.png,of
i_e06-010-00-09.png,the
i_d01-118-04-06.png,unused
i_b03-025-04-04.png,achievement
i_d04-111-07-01.png,and
i_a01-113u-10-00.png,strain
i_b06-015-00-00.png,A
i_d06-011-08-02.png,there
i_d04-032-00-02.png,daily
i_a01-014-08-04.png,on
i_c03-084a-04-02.png,series
i_d05-030-04-04.png,was
i_d01-060-01-02.png,the
i_d07-096-08-01.png,the
i_e06-053-05-02.png,wave
i_a05-029-00-00.png,Sir
i_d04-058-05-04.png,and
i_b01-057-07-08.png,of
i_a06-064-01-07.png,Minister
i_a02-057-03-09.png,had
i_d06-096-05-00.png,it
i_b04-162-07-00.png,Welensky
i_a01-007-07-05.png,challenge
i_a05-000-00-02.png,White
i_a01-091-00-04.png,vote
i_b04-010-04-01.png,the
i_d04-071-02-01.png,That
i_a01-030-06-12.png,by
i_c03-087b-01-03.png,subject
i_a03-063-01-01.png,Thorneycroft
i_a05-013-05-03.png,tradition
i_b05-079-06-03.png,for
i_c02-017-08-06.png,desired
i_b04-134-06-05.png,prophet
i_d07-085-05-08.png,for
i_a06-110-04-03.png,I
i_c03-084e-05-04.png,Paul
i_a01-053x-02-05.png,rushed
i_b04-054-00-06.png,trial
i_c06-083-00-08.png,of
i_c02-059-01-08.png,unusually
i_e04-034-07-03.png,transfer
i_a06-020-03-10.png,years
i_a01-122u-04-05.png,of
i_d06-041-03-01.png,who
i_a04-099-01-04.png,of
i_d06-076-04-01.png,time
i_a02-046-03-00.png,demonstrators
i_a04-019-04-08.png,disarmament
i_b02-013-09-00.png,Government
i_a02-120-04-05.png,night
i_a04-081-09-04.png,industry
i_a03-080-00-00.png,The
i_a03-009-02-06.png,of
i_a02-037-08-02.png,who
i_a06-025-07-02.png,postpone
i_e06-010-01-04.png,the
i_e07-066-05-08.png,only
i_a05-104-05-03.png,or
i_c03-096f-06-04.png,because
i_b05-058-03-01.png,cog
i_e04-114-07-01.png,bottom
i_a01-003-01-00.png,large
i_c03-087a-00-01.png,went
i_e04-099-01-01.png,measurements
i_d06-000-05-02.png,them
i_a02-020-04-07.png,Last
i_b06-004-02-01.png,reports
i_a01-020x-03-07.png,These
i_b06-064-00-01.png,units
i_c06-080-02-00.png,good
i_b06-079-03-04.png,in
i_a04-066-05-03.png,the
i_d06-011-02-04.png,idea
i_e06-049-03-03.png,that
i_c04-116-00-00.png,He
i_c03-003b-03-01.png,marriage
i_d01-085-05-08.png,hold
i_c03-087a-01-03.png,subject
i_a01-007u-04-03.png,have
i_e06-015-06-05.png,them
i_b06-056-07-00.png,a
i_a01-128-05-09.png,that
i_a01-020u-04-03.png,plans
i_e02-094-01-03.png,choice
i_c03-003f-02-04.png,it
i_a01-003u-05-04.png,life
i_a02-053-05-01.png,Committee
i_d06-082-04-06.png,we
i_c03-087b-04-00.png,around
i_c06-106-06-01.png,tells
i_d04-086-04-10.png,the
i_a01-053u-07-02.png,post
i_e06-021-05-01.png,one
i_b02-097-04-05.png,Germany
i_c03-003c-00-00.png,This
i_c06-043-06-00.png,alcoholic
i_a06-124-00-00.png,The
i_b05-071-00-00.png,He
i_d04-047-06-03.png,all
i_a04-072-02-05.png,of
i_a04-031-00-02.png,smiling
i_a05-099-05-00.png,This
i_a05-053-04-00.png,warranted
i_c03-081e-04-01.png,flawed
i_a03-073-03-06.png,to
i_e01-119-07-02.png,and
i_a02-008-07-08.png,British
i_b04-103-03-00.png,returned
i_e02-086-08-00.png,which
i_c04-139-01-12.png,see
i_e01-014-05-02.png,fell
i_a01-091u-09-00.png,Labour
i_c06-020-03-00.png,a
i_c02-078-04-06.png,new
i_a01-049u-06-03.png,Willis
i_e04-034-07-00.png,a
i_a01-003-06-01.png,put
i_a05-104-00-05.png,for
i_a05-073-05-00.png,certain
i_e01-032-08-05.png,number
i_c03-081e-07-05.png,the
i_b04-047-00-01.png,says
i_e01-081-02-07.png,on
i_e01-086-03-04.png,crochet
i_a05-053-03-05.png,the
i_b03-098-02-01.png,will
i_c06-043-09-01.png,and
i_b06-071-00-02.png,people
i_b01-113-00-03.png,wrapped
i_a02-046-04-03.png,have
i_b06-019-00-06.png,for
i_a01-011-05-00.png,in
i_d06-082-04-10.png,muddle
i_d04-089-05-00.png,symbolises
i_b02-097-02-04.png,will
i_b03-087-00-00.png,The
i_a03-073-02-04.png,point
i_a01-020-07-03.png,discuss
i_d06-111-02-00.png,sit
i_c03-016b-04-03.png,something
i_b03-109-06-05.png,when
i_c03-021d-05-03.png,protector
i_d04-081-08-00.png,with
i_a01-026u-05-00.png,boycotted
i_a02-067-04-03.png,to
i_d01-056-07-09.png,Table
i_b04-075-03-11.png,view
i_b03-104-02-00.png,the
i_c03-087e-02-03.png,inevitability
i_b01-027-00-02.png,and
i_a03-014-01-06.png,in
i_d07-100-03-05.png,this
i_a01-082u-07-00.png,a
i_a06-090-02-00.png,play
i_a01-122u-06-01.png,children
i_e01-059-05-06.png,gloves
i_a05-099-04-00.png,theme
i_b06-087-01-07.png,This
i_b06-090-00-06.png,whole
i_e01-113-04-02.png,(
i_c03-021b-05-04.png,shares
i_d06-050-04-08.png,a
i_b06-023-02-02.png,These
i_d01-024-03-02.png,place
i_d07-100-03-03.png,not
i_c06-058-01-03.png,and
i_a05-089-09-00.png,censured
i_a01-128u-00-05.png,Labour
i_e04-062-01-07.png,Be
i_a02-072-03-07.png,writing
i_a04-043-01-02.png,the
i_e01-018-01-04.png,stating
i_b04-202-03-09.png,has
i_e02-018-02-00.png,has
i_b06-090-03-01.png,menace
i_b04-208-01-06.png,more
i_b01-053-05-03.png,nations
i_e02-000-00-07.png,tapered
i_a02-000-02-04.png,plans
i_c03-016c-08-04.png,is
i_c03-021f-08-05.png,sympathy
i_b04-140-08-02.png,last
i_a03-047-00-00.png,It
i_c03-021b-07-06.png,are
i_d07-093-02-01.png,in
i_d06-086-04-05.png,with
i_c03-021f-00-01.png,Fanny
i_e07-066-04-03.png,the
i_c04-061-02-05.png,to
i_c03-007e-03-02.png,wet
i_e04-034-01-06.png,glasspaper
i_d06-076-00-12.png,to
i_c03-094c-06-06.png,proper
i_a01-014x-01-03.png,on
i_c03-087d-07-02.png,had
i_c06-076-03-01.png,a
i_d06-003-02-04.png,groundless
i_c06-083-05-03.png,the
i_a03-040-02-04.png,power
i_a02-004-00-03.png,of
i_d04-075-05-06.png,lesson
i_a02-124-00-03.png,far
i_b04-010-08-00.png,families
i_c03-087f-05-02.png,We
i_b01-018-00-07.png,A
i_a02-017-01-01.png,Commonwealth
i_c03-007-01-00.png,a
i_b04-004-09-02.png,mourning
i_a05-104-06-00.png,the
i_a02-124-03-02.png,districts
i_a06-000-05-06.png,he
i_d01-052-03-03.png,compared
i_b06-071-05-04.png,already
i_a01-077-01-00.png,Germany
i_b05-062-00-00.png,He
i_a06-014-00-06.png,Sir
i_c01-066-05-02.png,a
i_b04-195-00-10.png,Of
i_e07-061-09-06.png,poured
i_a03-066-01-02.png,doubts
i_b01-014-03-03.png,hand
i_a03-011-05-08.png,Two
i_a01-049u-05-05.png,by
i_d04-125-04-08.png,you
i_c03-007d-01-03.png,in
i_c03-096b-05-00.png,that
i_a06-064-01-06.png,Prime
i_c01-066-08-03.png,early
i_d01-016-02-07.png,which
i_d06-086-00-03.png,find
i_b04-116-03-00.png,caused
i_a01-049u-01-01.png,off
i_a04-047-04-04.png,U.S.
i_c06-020-03-04.png,write
i_d07-100-01-04.png,the
i_a06-095-02-01.png,we
i_a01-117u-05-03.png,his
i_a05-116-07-02.png,heavy
i_d06-086-10-06.png,exhausting
i_c04-150-01-11.png,padre
i_c06-000-00-01.png,is
i_c03-081c-02-00.png,we
i_d04-005-07-02.png,found
i_a04-043-08-01.png,Union
i_d04-050-04-02.png,only
i_b03-114-08-00.png,became
i_b06-015-10-02.png,give
i_b06-053-01-01.png,we
i_e02-086-03-04.png,simple
i_b04-060-06-03.png,a
i_c04-089-00-04.png,solo
i_e07-012-00-01.png,the
i_b06-023-00-06.png,over
i_c02-078-09-05.png,with
i_e01-014-04-11.png,wife
i_c03-096f-08-00.png,foreigners
i_a06-147-01-05.png,right
i_b01-023-04-01.png,set
i_e01-059-00-00.png,In
i_d01-104-06-02.png,form
i_a04-085-05-05.png,given
i_d06-082-01-12.png,be
i_a01-063u-03-07.png,German
i_d06-011-03-08.png,a
i_a01-058x-00-05.png,get
i_a03-054-09-04.png,match
i_c06-138-09-03.png,that
i_a01-026x-07-06.png,Minister
i_c04-023-04-02.png,neatly
i_b04-054-04-04.png,of
i_b04-081-05-05.png,three
i_c06-128-05-04.png,sound
i_d06-072-03-02.png,like
i_a01-122u-07-01.png,scheme
i_a06-134-07-06.png,a
i_e06-026-01-03.png,migrating
i_a02-098-03-04.png,be
i_a05-073-00-06.png,half-hour
i_a01-091-06-00.png,able
i_c06-083-06-04.png,his
i_c03-096f-05-05.png,he
i_a01-038x-08-04.png,Federal
i_a02-072-04-08.png,committee
i_d04-062-01-04.png,all
i_e01-032-05-09.png,feminine
i_b06-053-00-01.png,we
i_a01-102-05-03.png,a
i_c03-007d-04-03.png,public
i_c02-022-07-01.png,club
i_b06-059-03-07.png,were
i_c03-094d-04-07.png,Mr.
i_b01-113-01-02.png,divine
i_b01-044-00-03.png,deliberately
i_a01-063u-03-06.png,West
i_c03-087e-00-07.png,beyond
i_c03-021f-06-02.png,to
i_a03-017-00-00.png,Prince
i_a06-044-04-03.png,resign
i_b02-035-10-06.png,would
i_c03-094a-03-00.png,the
i_d07-085-06-03.png,Book
i_c01-014-01-07.png,court
i_e01-018-07-02.png,touching
i_d07-093-04-06.png,sugyas
i_d04-008-02-03.png,it
i_b03-098-01-02.png,help
i_b01-038-07-08.png,our
i_b06-032-00-06.png,Nato
i_b06-059-01-10.png,put
i_a04-089-09-04.png,being
i_d01-118-06-05.png,could
i_b04-116-03-10.png,happened
i_a01-014u-06-05.png,chief
i_b01-027-04-05.png,been
i_c03-000e-03-02.png,by
i_a05-073-06-02.png,irrevocable
i_a01-007x-05-04.png,Parties
i_a01-053-01-04.png,black-
i_b01-132-06-08.png,should
i_b06-023-05-01.png,missile
i_a03-020-00-03.png,Minister
i_a03-073-05-05.png,stage
i_a04-099-06-02.png,American
i_a01-068u-07-05.png,pay
i_b05-074-06-05.png,October
i_c02-059-01-01.png,being
i_b06-012-03-09.png,public
i_d04-032-00-04.png,writes
i_b05-050-02-05.png,sides
i_c03-016a-02-04.png,single
i_a01-014-03-03.png,to
i_a01-058u-00-06.png,tough
i_a06-119-00-01.png,circulation
i_a05-089-05-02.png,Mr.
i_d01-052-04-00.png,scripts
i_c03-081f-02-00.png,for
i_a01-043u-07-00.png,be
i_a03-071-00-04.png,same
i_d01-104-04-05.png,A.D.
i_a04-035-07-04.png,A
i_b04-075-01-07.png,ought
i_b03-109-05-05.png,decimal
i_a01-043x-00-00.png,Informal
i_d06-027-03-09.png,when
i_c03-096e-06-04.png,they
i_c06-083-00-00.png,It
i_a05-044-07-05.png,returned
i_c03-007e-03-03.png,pavements
i_a01-043u-05-00.png,Deep
i_a04-050-00-09.png,could
i_a06-147-05-11.png,cancerous
i_e01-107-06-08.png,When
i_b05-038-04-06.png,electronics
i_b06-000-02-01.png,secret
i_b04-034-03-03.png,leave
i_c04-156-00-01.png,was
i_a01-003x-04-01.png,Bill
i_b04-020-02-08.png,a
i_c03-007f-07-06.png,seen
i_c06-106-09-02.png,academic
i_d01-049-02-08.png,able
i_d04-053-05-02.png,)
i_a04-027-05-08.png,the
i_a01-122u-09-05.png,not
i_e01-055-03-07.png,bobbles
i_b04-147-02-03.png,Surrey
i_e06-021-01-02.png,a
i_a06-051-05-02.png,to
i_e04-004-01-03.png,in
i_c04-122-05-01.png,the
i_e06-000-00-04.png,without
i_b01-062-07-00.png,exercise
i_a05-029-08-02.png,on
i_e04-124-04-04.png,gunwales
i_d06-020-06-09.png,God
i_a06-051-00-06.png,shame
i_a02-042-06-01.png,react
i_b04-202-05-04.png,Grissom
i_d04-032-08-04.png,that
i_b06-004-07-04.png,that
i_b01-136-05-01.png,Miss
i_a01-007u-02-00.png,sentiment
i_b06-100-07-04.png,swell
i_d05-030-04-02.png,But
i_b04-134-08-00.png,who
i_a03-011-06-07.png,are
i_c04-105-03-08.png,manager
i_b04-075-02-03.png,The
i_a01-014u-04-02.png,the
i_c06-027-04-04.png,little
i_a04-039-01-06.png,weekend
i_b01-132-03-06.png,leading
i_b06-079-02-06.png,of
i_d06-011-03-03.png,against
i_d06-096-01-04.png,same
i_c03-021a-08-03.png,you
i_e04-008-01-10.png,neat
i_a02-000-03-02.png,month
i_c03-094f-00-00.png,Mr.
i_d04-012-03-06.png,man
i_b01-018-04-08.png,fraudulent
i_c04-116-02-06.png,in
i_d04-117-05-11.png,him
i_a06-141-01-07.png,militarists
i_d04-071-07-00.png,(
i_b06-075-10-02.png,that
i_b01-136-06-06.png,or
i_a04-006-03-05.png,on
i_c03-003e-07-06.png,failed
i_a04-031-04-00.png,good
i_c06-039-06-02.png,a
i_a05-084-03-05.png,down
i_a01-063-09-05.png,to
i_c03-087c-01-08.png,melo-
i_a05-099-05-03.png,he
i_c03-007d-03-05.png,the
i_a01-077-06-00.png,Russia
i_d06-025-02-05.png,secret
i_a02-102-02-07.png,the
i_b05-067-02-12.png,base
i_c06-052-01-03.png,in
i_c03-084a-05-01.png,Fall
i_b02-097-06-04.png,which
i_a04-019-05-06.png,reviewed
i_c04-098-00-05.png,nimble-fingered
i_e02-100-02-01.png,to
i_b05-071-03-09.png,can
i_a04-031-00-04.png,clearly
i_a04-103-07-03.png,suggest
i_b05-042-00-00.png,What
i_e04-127-04-08.png,cut
i_a01-003u-06-04.png,should
i_c03-007b-05-08.png,the
i_a01-072x-02-06.png,President
i_a02-072-00-12.png,That
i_d06-096-06-04.png,hours
i_a04-089-06-01.png,territory
i_a03-063-01-06.png,Aviation
i_b04-202-02-08.png,in
i_e06-037-06-06.png,and
i_a06-020-01-00.png,ETU.
i_a01-113-02-05.png,for
i_d06-091-00-02.png,be
i_e06-006-00-05.png,due
i_c03-003d-08-04.png,a
i_d06-011-07-03.png,As
i_b04-004-07-03.png,they
i_a01-038-08-04.png,They
i_e06-033-03-03.png,length
i_c06-116-06-07.png,was
i_a02-072-05-00.png,members
i_b02-097-08-00.png,and
i_b01-038-09-06.png,the
i_e07-000-02-06.png,3
i_b01-057-09-01.png,of
i_b01-062-08-03.png,neither
i_c04-035-02-07.png,trip
i_d03-112-02-04.png,Persian
i_b06-000-03-02.png,is
i_a04-027-02-00.png,in
i_b06-056-02-02.png,to
i_a01-072u-03-02.png,357million
i_a01-053x-05-06.png,outstanding
i_b06-059-04-00.png,posed
i_c06-043-01-01.png,and
i_d01-049-01-09.png,colleagues
i_b01-118-04-04.png,be
i_a01-049x-02-05.png,current
i_c03-021c-09-02.png,love
i_c04-134-04-00.png,round
i_a03-063-02-02.png,for
i_a02-032-01-06.png,strong
i_d06-096-04-06.png,though
i_b04-066-02-01.png,for
i_a01-063-04-06.png,who
i_d06-113-03-02.png,our
i_d06-063-02-07.png,for
i_d06-041-00-07.png,impression
i_d04-125-02-06.png,the
i_d06-030-00-08.png,as
i_d03-112-06-00.png,no
i_a02-004-06-05.png,charged
i_b06-042-02-06.png,another
i_b06-036-05-02.png,she
i_e02-021-00-05.png,to
i_e04-043-05-01.png,only
i_d06-030-04-08.png,which
i_a01-049x-09-01.png,to
i_b06-008-08-05.png,Europe
i_a04-000-02-05.png,at
i_a06-044-05-00.png,all
i_a03-089-03-00.png,Force
i_d04-008-02-01.png,existence
i_c02-059-06-04.png,Anna
i_a06-124-02-02.png,recalling
i_d01-080-03-00.png,it
i_e04-026-00-02.png,the
i_c06-039-03-06.png,space-flight
i_e07-066-00-04.png,living
i_a03-027-07-05.png,biggest
i_c04-156-02-04.png,a
i_c03-096b-04-03.png,had
i_e04-103-06-03.png,the
i_c03-007a-02-01.png,has
i_e06-049-04-00.png,aware
i_e04-015-01-01.png,up
i_c04-017-00-07.png,a
i_a01-077-05-00.png,whether
i_c03-081a-01-06.png,speak
i_a02-116-05-04.png,each
i_e01-107-05-00.png,Directions
i_e01-025-10-01.png,surroundings
i_a01-132u-03-01.png,the
i_b05-017-04-01.png,other
i_c03-016e-09-04.png,sailor
i_c03-000e-01-02.png,Taste
i_c03-096e-05-01.png,not
i_b02-097-01-06.png,be
i_a01-043-09-02.png,housing
i_d06-063-01-03.png,within
i_a01-077u-06-00.png,He
i_c03-007a-06-01.png,sacred
i_e06-000-00-02.png,hardly
i_a04-066-06-03.png,from
i_c03-003d-02-08.png,the
i_d04-005-05-03.png,to
i_a01-063u-04-06.png,in
i_b04-116-04-04.png,doubt
i_c03-094e-03-00.png,the
i_b05-079-09-03.png,our
i_c03-094e-01-07.png,wife
i_a05-069-03-02.png,in
i_d06-020-07-06.png,our
i_b05-032-05-07.png,their
i_a02-012-04-04.png,chief
i_c03-000e-04-06.png,the
i_a06-128-03-00.png,About
i_b01-057-08-08.png,justice
i_a02-111-00-06.png,in
i_d06-096-04-02.png,be
i_e01-059-01-03.png,gossamer
i_a05-069-01-00.png,speech
i_d01-104-06-01.png,other
i_a01-113-06-03.png,Government
i_c03-087a-08-00.png,characters
i_b04-096-04-04.png,wrong
i_a06-090-07-04.png,a
i_a01-038-02-00.png,because
i_d06-020-08-02.png,that
i_c03-021d-06-06.png,shares
i_a01-011-06-08.png,policy
i_a01-102-01-02.png,sick
i_c03-016e-10-02.png,child
i_c03-003d-02-03.png,is
i_d05-025-06-01.png,deliberate
i_a05-004-08-01.png,been
i_a01-003u-08-06.png,and
i_d04-037-03-01.png,this
i_c04-150-03-06.png,continuously
i_a01-049x-05-02.png,by
i_b01-044-02-08.png,growing
i_e01-092-05-01.png,the
i_c03-000a-04-05.png,the
i_d06-082-00-07.png,much
i_e06-015-03-00.png,The
i_e01-025-07-07.png,ill-
i_e01-081-04-06.png,of
i_d04-005-03-09.png,as
i_a04-019-02-02.png,lead
i_e04-058-00-10.png,to
i_a01-049-09-07.png,several
i_a03-006-01-05.png,the
i_b01-049-07-01.png,speculation
i_e07-072-02-05.png,It
i_d06-104-00-02.png,worked
i_d01-123-07-04.png,or
i_b04-154-07-06.png,answer
i_a02-027-05-01.png,is
i_e04-114-05-03.png,I
i_e01-102-00-04.png,an
i_a04-039-04-05.png,from
i_e06-053-02-04.png,fish
i_d03-117-05-00.png,construction
i_e06-010-02-06.png,side
i_a06-004-07-01.png,property
i_b05-017-03-00.png,first
i_d04-125-04-00.png,redemption
i_d01-104-00-00.png,This
i_e01-059-03-00.png,little
i_a01-003-08-07.png,steps
i_e04-058-02-04.png,main
i_b06-087-00-03.png,one
i_a01-091u-01-05.png,in
i_e04-086-00-01.png,chine
i_a01-053-07-04.png,post
i_d04-050-00-05.png,union
i_a01-077u-06-06.png,his
i_c04-144-02-02.png,The
i_a03-063-01-03.png,the
i_b06-097-07-02.png,with
i_a01-128-00-06.png,Ps
i_c03-003a-08-01.png,atmosphere
i_a03-020-05-01.png,the
i_a01-072x-03-02.png,of
i_e04-015-03-04.png,made
i_c03-007b-06-06.png,as
i_b04-202-04-03.png,farming
i_a02-017-06-07.png,decide
i_d04-047-04-00.png,Jochai
i_c03-021f-04-03.png,as
i_d04-111-11-00.png,the
i_b01-038-00-12.png,step
i_c02-003-08-01.png,Antonioni
i_b01-113-02-10.png,that
i_a03-073-04-04.png,stage
i_b05-032-03-00.png,we
i_a03-017-04-00.png,Laos
i_b01-014-08-01.png,apartheid
i_a06-064-01-05.png,the
i_c03-000c-04-01.png,with
i_c06-095-04-06.png,solid
i_c02-056-07-01.png,to
i_d06-096-02-06.png,difficult
i_b06-023-05-07.png,and
i_e04-114-04-00.png,necessary
i_d05-021-07-00.png,a
i_b04-169-03-05.png,Now
i_b04-128-05-00.png,up
i_b06-036-04-10.png,Today
i_c06-128-04-01.png,over
i_b05-074-04-01.png,that
i_e04-062-07-05.png,at
i_d01-060-03-05.png,Woman
i_e07-061-07-02.png,breeding
i_a03-054-03-04.png,in
i_a03-047-01-04.png,a
i_e06-033-04-01.png,a
i_e02-094-00-07.png,and
i_a04-050-04-05.png,opposed
i_b04-154-03-04.png,He
i_c03-016a-01-07.png,young
i_e01-022-01-04.png,lace
i_d06-011-08-05.png,situations
i_a01-030x-07-02.png,to
i_a04-010-01-03.png,will
i_d01-123-06-08.png,on
i_b06-000-01-05.png,was
i_a01-030u-00-03.png,a
i_a04-010-01-00.png,Admiralty
i_b04-004-06-04.png,govern
i_a01-117u-02-08.png,a
i_d06-011-02-06.png,condition
i_c06-111-00-00.png,This
i_b04-026-00-01.png,dinner
i_c04-144-01-00.png,the
i_d06-067-01-03.png,so
i_d04-012-06-04.png,such
i_c02-000-03-06.png,Bernhard
i_c04-061-00-06.png,Larry
i_a01-132-05-01.png,was
i_a01-003-05-01.png,peers
i_d01-098-02-01.png,simple
i_a01-117u-03-00.png,of
i_a04-019-07-00.png,obligations
i_d05-030-01-02.png,much
i_a01-020-02-00.png,blown
i_c06-083-07-01.png,his
i_e04-068-03-02.png,only
i_a01-113-07-03.png,because
i_e06-041-01-00.png,that
i_b04-121-00-04.png,to
i_e01-092-05-03.png,of
i_a05-062-05-03.png,over
i_a02-111-08-00.png,to
i_b05-062-03-11.png,just
i_c03-003d-01-08.png,again
i_b01-062-04-03.png,factual
i_d06-046-03-07.png,mentions
i_a06-075-01-03.png,come
i_a05-099-03-01.png,Mr.
i_e01-081-05-07.png,linen
i_a04-099-10-03.png,to
i_c04-116-00-11.png,And
i_c04-008-07-08.png,a
i_a01-102u-01-06.png,opinion
i_d06-046-02-02.png,an
i_d06-000-03-05.png,Far
i_d06-046-09-09.png,walk
i_a06-025-03-01.png,John
i_c04-089-03-01.png,had
i_c03-007d-06-01.png,head-stones
i_b06-056-04-02.png,of
i_a05-121-06-00.png,of
i_a03-037-04-05.png,Saanich
i_a05-108-01-03.png,failed
i_c03-081f-00-04.png,has
i_a03-040-03-03.png,(
i_a01-030u-05-02.png,Government
i_c04-023-04-06.png,is
i_e02-014-01-07.png,nick
i_a04-081-00-01.png,General
i_a06-095-01-02.png,Commonwealth
i_a01-007-01-01.png,have
i_b01-132-06-02.png,If
i_a01-049u-02-00.png,television
i_e02-100-02-02.png,pay
i_e01-119-03-07.png,ball
i_c03-000f-01-00.png,play
i_e06-003-06-00.png,great
i_a02-093-07-01.png,Constitution
i_e02-086-02-01.png,men
i_a04-054-02-06.png,have
i_a06-051-03-03.png,few
i_a04-015-04-02.png,of
i_e02-074-03-00.png,innumerable
i_c06-116-05-01.png,of
i_c03-003f-02-08.png,qualities
i_a02-012-07-04.png,of
i_d06-072-04-02.png,It
i_e06-033-04-05.png,tide
i_d06-086-04-09.png,if
i_a03-034-06-04.png,fallen
i_d07-085-03-06.png,Redactors
i_a01-087u-02-02.png,Mr.
i_a05-099-03-06.png,his
i_c04-050-01-02.png,earlier
i_a04-031-02-08.png,President
i_a05-113-05-06.png,his
i_a03-037-00-04.png,defeat
i_e06-006-01-03.png,is
i_c06-047-02-03.png,years
i_a06-157-00-05.png,only
i_b06-090-01-06.png,defeat
i_e02-100-02-07.png,a
i_a02-037-02-09.png,and
i_d01-049-06-06.png,understand
i_d06-011-02-08.png,child
i_e07-012-08-04.png,Beier
i_a02-037-08-01.png,anyone
i_e04-030-01-08.png,in.
i_c03-007d-08-03.png,the
i_a01-011u-00-02.png,Mr.
i_c03-016a-00-09.png,an
i_b05-083-06-05.png,attitude
i_c03-016d-09-08.png,sails
i_d01-024-00-06.png,theory
i_a02-072-04-07.png,two
i_d06-003-05-10.png,come
i_d01-080-02-04.png,are
i_b04-107-08-05.png,figures
i_c04-028-06-10.png,Bunk
i_a04-054-04-09.png,land
i_b06-004-04-04.png,connivance
i_c03-096b-05-08.png,that
i_a03-023-05-00.png,tactically
i_c03-007a-04-04.png,rubbish
i_d06-025-06-06.png,He
i_c03-021f-07-04.png,and
i_e04-052-00-05.png,we
i_a01-117-07-03.png,against
i_a04-054-04-07.png,than
i_a03-063-08-06.png,abandoned
i_b06-019-01-03.png,month
i_a04-054-02-01.png,West
i_a03-023-08-00.png,recapture
i_a05-017-01-03.png,as
i_b05-071-05-00.png,red
i_b03-104-08-05.png,countries
i_a01-058u-01-06.png,help
i_d06-060-08-01.png,diverse
i_d06-100-05-00.png,and
i_c03-081b-04-08.png,However
i_a04-015-07-05.png,alike
i_a05-104-08-01.png,temple
i_a05-104-08-06.png,the
i_c04-110-01-04.png,Marie
i_e02-117-06-01.png,cupboard
i_c03-003b-00-02.png,not
i_c03-016e-09-02.png,is
i_e06-046-04-09.png,something
i_b04-162-00-01.png,his
i_a03-063-01-10.png,in
i_b01-136-03-08.png,Between
i_b01-084-02-08.png,fortnight
i_a06-100-02-12.png,the
i_e06-021-01-04.png,spawning
i_b04-181-00-06.png,Danes
i_b06-071-09-00.png,trade
i_d06-104-02-02.png,Friday
i_c04-061-01-03.png,were
i_e06-041-08-06.png,same
i_e01-055-01-00.png,overcrowded
i_a01-122u-08-06.png,of
i_b04-116-01-03.png,so
i_a05-062-02-00.png,the
i_a01-117-07-01.png,ruthless
i_a06-124-05-08.png,England
i_d03-112-07-05.png,the
i_b04-134-03-00.png,the-Bomb
i_c04-028-04-06.png,homely
i_b01-127-07-06.png,the
i_d06-082-04-00.png,be
i_c03-016e-01-04.png,situation
i_a04-092-06-09.png,Russell
i_a06-124-03-09.png,that
i_a06-100-05-06.png,feel
i_a02-057-07-06.png,the
i_a04-059-03-01.png,a
i_c06-080-05-06.png,of
i_e02-100-00-04.png,lead
i_e04-038-06-01.png,and
i_a01-053u-04-06.png,had
i_b04-154-06-01.png,justified
i_b06-090-04-06.png,is
i_a06-057-01-11.png,been
i_e01-059-04-07.png,of
i_a06-119-08-00.png,Now
i_c06-076-00-07.png,saw
i_b04-020-02-02.png,lucky
i_b06-042-06-05.png,as
i_b06-087-05-00.png,votes
i_a05-125-06-02.png,and
i_b05-067-05-09.png,command
i_a06-141-04-11.png,before
i_d04-066-04-09.png,And
i_e07-000-00-01.png,have
i_c03-007d-03-02.png,wet
i_b06-075-02-03.png,the
i_c02-012-05-08.png,the
i_a01-049x-05-03.png,another
i_c03-016d-01-00.png,intense
i_c06-052-04-06.png,agents
i_a01-128u-02-01.png,opponents
i_a04-027-05-06.png,expected
i_b03-087-03-13.png,may
i_d07-102-01-08.png,)
i_c03-016b-01-09.png,in
i_d04-111-11-01.png,richness
i_e01-062-04-03.png,quick
i_c03-003d-00-07.png,It
i_a05-039-05-02.png,showed
i_c02-059-01-07.png,is
i_a01-020x-05-00.png,rity
i_b05-032-06-02.png,I
i_b04-195-05-08.png,to
i_e01-032-08-02.png,skills
i_c03-007f-01-00.png,taken
i_c03-007f-08-01.png,part
i_b01-038-03-03.png,is
i_a04-099-10-00.png,may
i_b01-127-04-08.png,gallant
i_a01-049x-10-00.png,complaints
i_a02-078-00-01.png,Roy
i_e06-006-00-02.png,of
i_a01-107u-02-06.png,for
i_e04-114-03-01.png,and
i_d01-118-02-03.png,a
i_b01-089-00-06.png,Cold
i_a05-017-02-02.png,confident
i_b06-000-06-05.png,to
i_e01-018-01-03.png,2
i_c04-050-07-05.png,looked
i_a04-050-01-04.png,nations
i_a01-132u-02-01.png,financing
i_b06-059-02-00.png,clearly
i_c06-111-01-04.png,It
i_a02-116-05-05.png,jailed
i_d04-012-05-04.png,What
i_b01-027-08-01.png,from
i_d01-104-06-04.png,book
i_a03-059-01-03.png,now
i_a05-025-07-01.png,the
i_a04-059-03-04.png,area
i_a02-116-02-04.png,imprisoned
i_d01-019-02-04.png,Gospel
i_a03-006-03-04.png,in
i_d01-060-08-06.png,paragraph
i_c06-116-02-07.png,a
i_a02-111-00-07.png,London
i_b06-053-03-04.png,war
i_a04-069-06-06.png,for
i_c04-170-02-01.png,make
i_a01-007x-01-02.png,been
i_d06-063-01-06.png,of
i_a03-059-04-05.png,topic
i_c03-087e-08-02.png,characters
i_c04-116-02-02.png,as
i_c03-007-00-06.png,Richardson
i_a06-025-03-04.png,his
i_a01-096u-00-03.png,many
i_a06-128-09-05.png,be
i_a02-124-01-00.png,call-out
i_b06-059-02-06.png,reaffirmed
i_a04-023-02-06.png,Mr.
i_a05-073-04-02.png,the
i_a06-008-07-03.png,conversation
i_d04-053-03-07.png,They
i_b06-008-08-06.png,and
i_d06-111-04-00.png,done
i_e01-107-08-03.png,articles
i_e02-100-04-05.png,slightly
i_a01-102-09-03.png,problems
i_a05-104-01-05.png,had
i_e01-086-02-07.png,lying
i_c04-139-02-01.png,of
i_c04-122-02-03.png,impeccably
i_b06-032-05-00.png,in
i_b03-109-07-04.png,rather
i_a04-089-00-05.png,the
i_c02-049-02-04.png,Une
i_a01-030x-08-01.png,to
i_c03-096a-01-06.png,rest
i_e04-011-03-04.png,feeding
i_e04-114-06-09.png,and
i_d04-075-07-00.png,story
i_a01-058x-04-02.png,offer
i_d06-060-05-06.png,from
i_e04-095-01-03.png,the
i_c03-081b-08-06.png,rare
i_a01-122u-02-01.png,take
i_a04-031-00-07.png,best
i_a02-078-06-01.png,he
i_d06-086-05-01.png,was
i_e01-035-06-07.png,courtship
i_d01-104-05-04.png,the
i_c03-094f-01-03.png,Miss
i_a01-020x-01-06.png,had
i_a01-077-08-01.png,to
i_b06-008-01-07.png,British
i_b06-059-02-04.png,the
i_a06-141-01-08.png,who
i_a03-047-05-06.png,at
i_d06-030-00-00.png,Amen
i_a03-034-06-07.png,face
i_a03-037-04-04.png,Esquimalt
i_d06-041-02-06.png,stimulus
i_d06-056-02-06.png,and
i_d07-100-01-03.png,and
i_a01-030x-03-02.png,knowledge
i_c04-035-02-08.png,down
i_d06-015-02-07.png,up
i_b01-122-07-00.png,country
i_e06-010-02-01.png,migrate
i_b06-023-04-06.png,Germans
i_a03-054-00-05.png,promote
i_b01-033-01-00.png,their
i_a01-030x-04-01.png,Britain
i_b06-059-09-00.png,majority
i_e02-094-07-05.png,tools
i_b05-045-03-06.png,less
i_b03-098-07-05.png,more
i_b04-010-06-03.png,that
i_b04-034-03-09.png,Crabb
i_b06-071-06-02.png,made
i_a03-071-06-02.png,duplicating
i_b01-023-04-03.png,principles
i_a03-017-02-02.png,Penh
i_a04-059-04-07.png,in
i_a01-026u-10-00.png,the
i_e06-026-07-01.png,replaced
i_b04-154-05-01.png,in
i_c06-080-08-06.png,)
i_d04-047-00-05.png,your
i_a05-108-07-06.png,Shinwell
i_b04-140-06-00.png,eccentric
i_d06-091-04-01.png,the
i_c04-144-02-06.png,be
i_b01-113-06-01.png,tribal
i_c04-098-03-14.png,cute
i_c04-098-00-09.png,Russ
i_a06-004-04-04.png,to
i_b04-026-00-06.png,answer
i_c03-096c-05-00.png,asking
i_c02-012-05-07.png,Wicki
i_c03-081c-06-04.png,in
i_c03-081f-09-02.png,rare
i_e04-127-00-07.png,side
i_b01-089-04-03.png,was
i_d06-104-01-03.png,that
i_a05-094-05-02.png,removed
i_e06-003-10-05.png,northern
i_a05-029-09-01.png,leave
i_d06-050-06-00.png,even
i_c04-039-02-06.png,as
i_e02-082-03-06.png,avoided
i_d04-071-01-03.png,the
i_a01-000x-04-02.png,is
i_d05-021-05-10.png,that
i_d06-060-06-05.png,from
i_c03-096a-06-08.png,they
i_d01-104-07-05.png,one
i_a01-053x-07-02.png,to
i_b04-116-00-01.png,as
i_d01-019-03-11.png,fell
i_c04-039-07-05.png,behind
i_b06-056-08-05.png,policy
i_a06-095-00-06.png,more
i_c03-087c-06-00.png,little
i_b05-067-02-05.png,was
i_e01-025-07-05.png,and
i_e06-049-07-01.png,an
i_d07-093-06-07.png,from
i_c04-050-02-04.png,But
i_a01-030u-01-06.png,week-end
i_c04-139-05-07.png,Premier
i_a06-004-06-11.png,issue
i_a01-132x-05-03.png,on
i_a01-038-08-00.png,quers
i_a05-053-05-01.png,by
i_d04-021-01-05.png,Shamir
i_a04-047-01-00.png,of
i_c03-016c-01-01.png,realism
i_c02-059-02-01.png,in
i_b01-004-01-01.png,at
i_a01-128-06-08.png,cost
i_c02-056-08-06.png,War
i_c03-087e-06-02.png,succeeded
i_a01-014u-06-03.png,telephoned
i_c01-014-04-07.png,Henze
i_c03-094c-06-01.png,set
i_b05-058-01-09.png,the
i_d07-085-05-05.png,The
i_a05-017-04-05.png,form
i_b01-023-03-02.png,be
i_e07-066-05-09.png,two
i_d01-024-03-03.png,but
i_c06-087-04-11.png,find
i_e01-032-08-00.png,the
i_a06-119-02-06.png,last
i_a03-017-01-04.png,recent
i_e04-015-04-04.png,in
i_d05-021-02-12.png,are
i_e01-055-09-04.png,the
i_c03-087a-04-06.png,desolation
i_a04-035-08-01.png,Indonesian
i_a04-050-03-05.png,they
i_c03-096f-07-04.png,oddly
i_a01-082u-04-05.png,behind
i_c06-027-05-06.png,always
i_b06-032-02-07.png,but
i_a01-117-08-00.png,industry
i_e02-000-05-02.png,elaborate
i_c03-000a-06-00.png,this
i_c03-094f-05-04.png,grotesque
i_b04-040-03-04.png,of
i_e01-119-00-05.png,loop
i_a05-116-07-00.png,series
i_e06-026-01-00.png,explains
i_a01-072u-05-00.png,West
i_a01-011u-00-00.png,Delegates
i_d06-063-02-08.png,anybody
i_b01-044-03-09.png,nation
i_c02-078-03-03.png,improvisation
i_c06-047-03-00.png,and
i_a01-030-03-00.png,He
i_e07-003-08-03.png,and
i_a04-035-06-01.png,visit
i_e01-022-05-05.png,linked
i_b01-027-03-06.png,country
i_a02-017-04-03.png,Mr.
i_b01-033-02-08.png,followed
i_a05-029-09-00.png,his
i_b01-136-02-06.png,ever
i_c03-000d-01-08.png,Leicester
i_c03-087c-05-06.png,we
i_d01-098-00-08.png,a
i_c03-016e-02-00.png,girl
i_e07-003-07-00.png,pest
i_a01-014-00-02.png,United
i_a06-134-05-07.png,Even
i_a04-035-03-01.png,to
i_a02-067-01-02.png,be
i_c03-016d-08-10.png,sailor
i_a01-014-01-03.png,on
i_b06-087-02-01.png,shown
i_a01-053u-06-02.png,perform
i_a01-026x-00-01.png,Iain
i_c03-021d-00-06.png,befriended
i_a03-043-01-06.png,of
i_b04-147-00-00.png,AN
i_b06-079-08-04.png,H-bomb
i_b06-000-05-05.png,that
i_a01-014u-07-05.png,with
i_a01-043x-00-06.png,resume
i_e01-102-00-05.png,important
i_e04-011-05-05.png,material
i_e06-041-01-01.png,all
i_a05-058-01-02.png,must
i_b01-057-02-07.png,kind
i_e04-114-05-01.png,screws
i_b04-066-06-01.png,on
i_e07-061-04-05.png,the
i_a04-023-03-08.png,Rusk
i_e04-103-06-08.png,chine
i_e04-011-05-03.png,with
i_a01-043-09-03.png,projects
i_d06-076-04-08.png,go
i_b04-195-05-05.png,on
i_e01-029-05-08.png,is
i_b03-087-02-12.png,other
i_a04-099-10-01.png,prove
i_c06-005-00-00.png,Where
i_b05-083-00-02.png,other
i_a03-034-05-06.png,their
i_a06-057-03-06.png,political
i_a04-096-01-09.png,Britain
i_d06-020-03-00.png,frightening
i_a04-096-05-06.png,argues
i_e07-000-04-04.png,area
i_c04-023-04-04.png,Susan
i_b05-042-00-01.png,happens
i_b06-079-01-03.png,the
i_c02-017-06-02.png,an
i_d01-098-02-04.png,book
i_a06-036-01-00.png,ships
i_b03-109-04-05.png,easier
i_a05-104-00-00.png,Mr.
i_d01-085-02-00.png,original
i_b04-116-04-06.png,fearful
i_b01-049-00-07.png,because
i_c03-003f-01-03.png,terms
i_d05-013-02-01.png,objected
i_a06-039-02-00.png,and
i_d04-081-02-01.png,life
i_d06-104-07-01.png,being
i_a06-039-00-03.png,naval
i_b05-017-00-03.png,to
i_a01-043u-02-04.png,a
i_c01-014-05-05.png,means
i_d06-003-00-06.png,Tremendous
i_b04-128-00-07.png,moment
i_a01-117u-10-07.png,400
i_a01-000x-01-10.png,a
i_d06-003-02-10.png,appear
i_a02-024-00-03.png,the
i_a01-072u-05-06.png,now
i_e04-011-00-07.png,glued
i_c03-096c-05-09.png,odd
i_a06-124-00-10.png,to
i_b01-073-08-00.png,blamed
i_a06-070-04-00.png,to
i_b04-054-04-01.png,the
i_b05-088-02-03.png,they
i_d06-091-04-03.png,system
i_d04-021-04-10.png,builders
i_e01-018-01-00.png,reign
i_d06-037-06-00.png,the
i_b01-084-05-00.png,happen
i_b02-035-06-07.png,that
i_a06-036-03-05.png,river
i_d03-112-01-06.png,S.
i_a06-000-04-04.png,yesterday
i_a02-004-03-00.png,hand-picked
i_a01-003-03-07.png,Ps
i_c03-094a-00-06.png,is
i_c04-080-06-02.png,London
i_c03-003a-05-00.png,the
i_c03-081e-07-01.png,Dinsdale
i_e06-015-03-02.png,are
i_a02-024-06-04.png,Kingsway
i_d01-016-01-00.png,the
i_e04-086-06-00.png,on
i_a03-006-07-08.png,a
i_b05-062-04-11.png,Eichmann
i_d06-011-01-00.png,all
i_e02-082-03-02.png,of
i_e02-018-06-02.png,the
i_a01-122u-09-03.png,it
i_a03-030-06-05.png,at
i_a02-017-06-06.png,Six
i_a01-077u-06-04.png,waiting
i_b06-053-01-03.png,then
i_a01-087u-03-05.png,a
i_a04-031-07-04.png,in
i_c06-011-02-06.png,Borstal
i_a01-132u-00-02.png,cannot
i_d06-015-02-06.png,grows
i_b06-008-01-03.png,started
i_a01-087u-01-04.png,the
i_e01-014-05-05.png,my
i_a05-099-07-03.png,part
i_c03-007c-01-04.png,industrial
i_d07-096-04-04.png,no
i_b05-042-02-07.png,coupled
i_a05-099-08-01.png,control
i_e02-094-02-03.png,the
i_a06-020-04-07.png,good
i_b02-013-04-07.png,West
i_a03-066-00-00.png,Mr.
i_a05-073-09-00.png,shown
i_a01-030u-04-00.png,He
i_e04-019-03-06.png,good
i_d07-102-02-03.png,Spirit
i_b04-128-05-09.png,to
i_a01-122-01-05.png,to
i_b04-103-04-05.png,How
i_a03-043-05-01.png,Pearson
i_a01-128-00-05.png,Labour
i_c03-016b-06-05.png,but
i_e04-022-01-00.png,keeping
i_a03-040-01-03.png,showed
i_a04-039-05-03.png,Soviet
i_b01-136-06-02.png,story
i_a01-007u-07-02.png,to
i_e06-033-03-00.png,ward
i_d06-063-03-03.png,day
i_d06-076-03-03.png,saying
i_a05-029-03-00.png,Berlin
i_c04-080-04-03.png,had
i_d01-019-01-06.png,assumed
i_d01-104-01-08.png,13
i_a02-032-01-09.png,authority
i_b05-067-00-11.png,did
i_a06-064-08-05.png,aired
i_c06-083-02-03.png,at
i_e04-022-03-03.png,can
i_b04-147-00-01.png,experiment
i_a01-030-00-01.png,Rhodesia
i_a04-006-08-00.png,Bundy
i_a04-099-03-02.png,retaliation
i_c01-066-05-05.png,of
i_a05-073-09-06.png,a
i_c03-021d-00-04.png,girl
i_d06-020-02-02.png,to
i_a01-117-03-08.png,cent.
i_b06-093-09-06.png,more
i_d01-080-04-05.png,C.
i_b05-055-00-13.png,bumps
i_d06-030-02-08.png,of
i_d01-049-03-02.png,enlargement
i_a04-023-01-09.png,other
i_e04-043-03-06.png,weight
i_e06-015-06-03.png,most
i_a04-099-05-00.png,British
i_b02-035-05-00.png,on
i_a01-053-06-00.png,He
i_a06-134-00-08.png,memorandum
i_a02-008-05-07.png,procedure
i_b05-032-06-09.png,the
i_c03-081c-03-05.png,a
i_c04-089-03-02.png,only
i_b04-121-06-00.png,among
i_b03-104-07-04.png,for
i_c03-000a-01-01.png,A
i_d04-101-00-09.png,And
i_d06-111-04-04.png,be
i_a01-077u-06-07.png,senior
i_c01-066-01-03.png,was
i_c06-043-08-05.png,beaks
i_d06-067-07-00.png,work
i_a05-121-09-01.png,Embassy
i_d06-008-06-03.png,child
i_b04-054-03-08.png,will
i_d04-101-05-06.png,freedom
i_d01-049-01-01.png,is
i_a02-106-06-07.png,the
i_c03-016c-06-00.png,herself
i_b06-059-01-01.png,despair
i_a02-004-02-06.png,a
i_a03-034-04-01.png,half
i_d05-040-01-03.png,positive
i_d07-093-06-03.png,our
i_e07-061-06-06.png,weather
i_c03-021a-06-06.png,her
i_a04-047-04-07.png,in
i_d06-015-03-01.png,Jesus
i_d07-100-00-05.png,the
i_c04-089-06-12.png,the
i_d06-027-03-02.png,afraid
i_d04-117-06-03.png,Anybody
i_a06-025-07-00.png,agreed
i_b04-066-04-06.png,usual
i_b02-035-01-06.png,call
i_a01-117u-01-04.png,needy
i_a01-087u-00-01.png,Brown
i_a01-026x-00-00.png,Mr.
i_a02-008-03-07.png,at
i_c06-095-02-04.png,the
i_a01-113-04-07.png,Labour
i_c03-081f-05-06.png,Johnstone
i_e01-032-04-04.png,or
i_b04-089-02-07.png,open
i_b01-113-02-08.png,be
i_a01-132u-01-06.png,made
i_c04-066-00-04.png,on
i_b04-121-04-09.png,grow
i_e04-038-03-05.png,as
i_d03-117-06-07.png,and
i_c06-103-04-03.png,jokes
i_a04-015-04-07.png,pursuing
i_a02-050-01-06.png,it
i_d06-056-01-00.png,a
i_b04-066-00-02.png,demonstration
i_a01-132x-04-06.png,service
i_c06-043-04-00.png,heralded
i_e01-050-02-04.png,Without
i_c03-096d-04-05.png,endowed
i_b01-038-03-09.png,the
i_d04-058-05-08.png,quickly
i_a01-091-00-07.png,in
i_c04-089-00-08.png,two
i_b05-032-08-02.png,good
i_d06-041-05-06.png,will
i_b05-079-03-04.png,all
i_b04-103-04-03.png,cleaned
i_a02-078-01-01.png,accepted
i_e06-026-04-01.png,well
i_b02-102-05-07.png,even
i_d06-003-01-10.png,adults
i_e04-127-05-09.png,by
i_b05-032-09-05.png,of
i_d06-008-04-05.png,still
i_a06-114-02-07.png,That
i_e04-030-04-04.png,Fig.
i_a01-026x-06-06.png,representatives
i_b02-105-05-01.png,the
i_a06-090-04-05.png,main
i_c03-003a-07-01.png,Joshua
i_a02-102-05-03.png,bowed
i_a01-026-05-05.png,the
i_a01-030x-00-01.png,Rhodesia
i_c04-150-02-05.png,played
i_c03-084b-06-00.png,on
i_a01-122u-04-02.png,into
i_d06-000-00-02.png,first
i_b06-075-04-06.png,opposing
i_c02-017-09-06.png,group
i_b01-000-03-05.png,on
i_a02-053-07-06.png,country
i_e04-095-05-04.png,Next
i_e01-062-04-07.png,In
i_c06-116-03-04.png,of
i_e02-091-06-00.png,cabinet
i_e01-102-07-00.png,crochet
i_a04-031-08-05.png,hate
i_c03-094d-06-01.png,grotesque
i_b06-079-00-00.png,It
i_e04-132-02-04.png,a
i_a03-011-05-06.png,nations
i_e02-018-01-05.png,amount
i_c02-022-03-04.png,club
i_b06-042-03-02.png,that
i_a01-077u-03-04.png,conference
i_e07-012-08-07.png,Fang-
i_c03-016b-03-03.png,In
i_a04-099-08-03.png,the
i_d01-098-04-10.png,two
i_c06-116-07-02.png,(
i_e07-061-02-01.png,mantis
i_d01-024-01-08.png,was
i_a01-026-04-03.png,the
i_c04-080-01-03.png,went
i_a01-011-03-05.png,of
i_a06-134-02-09.png,say
i_c06-083-07-08.png,into
i_d04-062-02-06.png,solved
i_a02-053-05-06.png,Committee
i_a06-044-03-07.png,Prime
i_e06-033-02-08.png,or
i_a05-058-04-01.png,that
i_c06-005-00-08.png,are
i_c02-082-09-05.png,even
i_e07-072-04-00.png,have
i_e04-091-04-01.png,for
i_e01-025-00-01.png,lace-making
i_a02-072-05-01.png,tried
i_d06-037-02-03.png,to
i_a01-007x-07-06.png,the
i_c03-087f-03-03.png,central
i_a06-090-02-06.png,its
i_b05-032-08-05.png,since
i_b04-107-08-04.png,international
i_a06-057-01-02.png,down
i_d01-016-03-06.png,interpretation
i_a02-120-04-00.png,being
i_c06-138-04-01.png,on
i_e01-025-09-02.png,it
i_b04-121-01-07.png,Congo
i_d04-071-00-04.png,the
i_c03-016d-00-04.png,in
i_b04-140-02-00.png,After
i_c03-007a-03-00.png,wet
i_a06-057-02-04.png,But
i_a01-132x-03-05.png,Powell
i_a04-035-09-00.png,to
i_d01-123-03-01.png,one
i_d06-008-04-00.png,the
i_a01-043u-08-01.png,Government
i_c01-066-09-00.png,leaves
i_b01-027-00-06.png,Edinburgh
i_a04-072-01-02.png,be
i_a04-043-05-04.png,defend
i_b05-098-04-00.png,guilty
i_a01-026-00-00.png,MR.
i_a01-113-07-06.png,financial
i_a01-020u-03-04.png,the
i_e07-061-00-03.png,had
i_a06-134-01-05.png,Moscow
i_c03-096c-01-02.png,motives
i_a05-017-05-01.png,be
i_c03-096a-02-04.png,driven
i_c01-009-06-06.png,By
i_a01-072u-07-08.png,in
i_e04-095-01-00.png,and
i_d06-046-05-02.png,something
i_e01-025-08-04.png,pages
i_e01-119-06-02.png,3
i_a01-014-08-01.png,chief
i_d01-118-01-07.png,possible
i_a01-053-10-04.png,full
i_e04-109-04-00.png,the
i_d06-104-04-05.png,Tuesday
i_e06-006-09-01.png,western
i_d04-086-00-08.png,the
i_d04-021-02-07.png,the
i_b04-154-06-05.png,harsh
i_e04-043-02-08.png,in
i_a05-099-06-01.png,of
i_b01-084-07-05.png,to
i_a01-058-08-02.png,talks
i_e04-030-03-06.png,pieces
i_c06-106-06-07.png,have
i_c04-098-04-05.png,who
i_a01-014u-03-00.png,last
i_a01-011-00-03.png,Kenneth
i_a04-039-03-03.png,peace
i_a03-063-02-07.png,Government
i_b01-084-02-10.png,arrive
i_b02-097-03-04.png,but
i_d03-112-05-01.png,at
i_a05-094-10-06.png,flabby
i_c03-021a-08-09.png,while
i_a01-053u-00-00.png,He
i_c03-094d-03-03.png,the
i_b04-004-04-02.png,become
i_a06-036-00-03.png,craft
i_c03-007b-00-08.png,taken
i_a04-085-03-02.png,the
i_b06-032-02-03.png,by
i_b03-114-02-06.png,habits
i_a02-086-06-00.png,had
i_c04-139-01-11.png,to
i_a02-000-04-00.png,de
i_b04-181-06-06.png,why
i_b06-023-07-03.png,miles
i_c03-007f-03-05.png,the
i_e01-092-03-00.png,It
i_b06-110-03-03.png,apprenticeships
i_a03-034-07-00.png,heavy
i_d07-085-04-06.png,saying
i_b04-075-00-03.png,sit
i_a05-080-03-01.png,proclamation
i_c03-081d-00-00.png,Arguably
i_b04-187-02-10.png,We
i_a01-068u-07-01.png,to
i_c03-094f-06-05.png,modulate
i_a01-087u-07-08.png,the
i_b03-087-01-06.png,there
i_a01-102u-06-08.png,surveyor
i_b01-033-02-06.png,GERMANY
i_e04-083-02-05.png,on
i_e01-055-09-00.png,has
i_c03-094b-04-03.png,Mr.
i_b01-089-01-08.png,were
i_e01-035-02-03.png,set
i_d04-053-03-05.png,need
i_c03-007a-00-07.png,has
i_e04-083-06-02.png,is
i_a05-099-04-03.png,of
i_c04-023-02-09.png,of
i_c03-096c-03-03.png,with
i_a01-011-06-02.png,Macleod
i_a05-039-01-01.png,the
i_b06-053-01-05.png,our
i_e01-014-05-07.png,being
i_c03-094f-08-07.png,Mr.
i_a01-122u-07-00.png,food
i_c03-094a-03-07.png,the
i_b03-104-09-03.png,to
i_a04-099-01-06.png,in
i_a06-075-07-07.png,a
i_a01-053-06-04.png,perform
i_c04-028-05-01.png,has
i_b05-074-05-05.png,of
i_b01-122-04-08.png,pleaded
i_d06-020-04-01.png,and
i_a04-015-05-11.png,for
i_a01-007u-05-00.png,of
i_c06-000-00-08.png,The
i_c02-022-01-00.png,the
i_a04-092-02-05.png,Russell
i_a01-107-00-09.png,to
i_e01-092-04-08.png,elastic
i_a02-008-04-03.png,on
i_b06-068-06-00.png,Market
i_c03-096a-07-05.png,foreigners
i_c04-056-01-04.png,out
i_a01-026-06-02.png,of
i_c03-021e-06-01.png,in
i_c04-000-00-01.png,month
i_b06-036-07-04.png,arms
i_b01-073-03-07.png,the
i_a01-038-05-03.png,Mr.
i_d04-111-09-02.png,hurled
i_d06-063-00-02.png,days
i_a06-000-03-02.png,over
i_a03-080-09-02.png,funds
i_e04-103-00-06.png,we
i_c06-011-03-04.png,new
i_e02-091-07-03.png,will
i_c06-039-02-07.png,fight
i_a01-082u-01-05.png,the
i_e01-029-04-04.png,Chairbacks
i_c03-007d-06-00.png,worn
i_b05-083-01-04.png,Germans
i_e06-046-03-06.png,)
i_a04-035-01-02.png,peace-loving
i_a01-077u-02-05.png,Kennedy
i_d06-111-03-11.png,be
i_b03-109-07-05.png,than
i_c06-047-05-03.png,presentation
i_e04-011-07-03.png,panel
i_c03-087e-05-02.png,We
i_c06-000-03-04.png,is
i_c03-021f-06-06.png,hour
i_b04-154-07-01.png,with
i_c03-081f-01-04.png,Irene
i_c02-007-03-00.png,is
i_a02-093-06-02.png,the
i_c03-021f-04-06.png,to
i_c04-122-02-05.png,Robert
i_d07-093-03-02.png,the
i_b05-088-03-02.png,they
i_b04-000-05-06.png,are
i_a03-059-04-07.png,review
i_a06-090-04-06.png,objection
i_e01-062-00-00.png,In
i_a06-025-01-05.png,for
i_c04-017-05-01.png,Lewis
i_d06-096-04-00.png,commerce
i_a02-024-05-02.png,this
i_b06-075-03-02.png,be
i_e06-000-03-04.png,daytime
i_d06-060-02-08.png,shunned
i_e06-021-03-05.png,are
i_d01-123-00-06.png,blank
i_b05-017-02-09.png,on
i_c04-128-03-00.png,show
i_b04-181-01-07.png,they
i_d07-085-05-00.png,R.
i_a03-037-00-02.png,saw
i_a04-089-07-03.png,been
i_c06-058-00-01.png,is
i_a01-058x-07-04.png,did
i_a01-003x-01-04.png,Ps
i_d04-125-01-09.png,drink
i_d01-052-04-02.png,John
i_b06-097-07-00.png,catch
i_a03-059-06-01.png,examining
i_d06-041-06-05.png,before
i_c02-030-01-06.png,learned
i_a04-066-04-01.png,the
i_e01-113-04-07.png,1
i_d06-104-06-02.png,means
i_c03-084c-06-03.png,of
i_a01-102u-06-00.png,it
i_b06-019-04-06.png,apparatus
i_a01-122u-03-02.png,icily
i_d06-025-05-01.png,in
i_a03-073-05-04.png,first
i_c03-081b-02-05.png,altogether
i_a01-122-03-02.png,into
i_e06-000-02-01.png,bottom
i_a01-049x-05-04.png,Southern
i_a05-104-07-06.png,especially
i_b05-074-03-05.png,he
i_d06-037-00-04.png,long
i_e02-091-07-01.png,special
i_d06-008-06-02.png,a
i_a01-011-04-07.png,majority
i_b02-045-05-08.png,pity
i_a01-011u-04-05.png,discuss
i_e06-006-01-00.png,the
i_a01-011u-04-02.png,London
i_b01-027-08-03.png,Royal
i_e02-025-05-01.png,in
i_a05-104-05-07.png,was
i_a04-069-07-05.png,zone
i_d01-085-03-06.png,be
i_d01-098-04-05.png,easily
i_a02-037-08-00.png,for
i_a02-024-02-03.png,Council
i_d01-024-02-01.png,entirely
i_d01-052-05-06.png,been
i_a04-103-05-01.png,that
i_a04-054-00-01.png,argument
i_c03-000a-01-08.png,Leicester
i_b04-060-04-01.png,to
i_b05-058-02-11.png,an
i_b05-038-07-03.png,their
i_c06-076-09-01.png,either
i_c06-047-03-08.png,has
i_c02-007-08-02.png,of
i_b03-109-07-01.png,their
i_c03-003d-06-03.png,premiere
i_a04-015-07-01.png,developed
i_d01-123-04-00.png,The
i_d05-008-01-05.png,quite
i_a06-075-04-04.png,view
i_b04-202-01-00.png,interested
i_d06-003-00-13.png,child
i_a06-039-07-04.png,formed
i_c04-004-00-01.png,have
i_c03-081c-08-00.png,of
i_c03-016b-03-05.png,surroundings
i_b04-202-01-01.png,only
i_a06-039-03-06.png,by
i_e04-119-04-06.png,of
i_c03-094d-08-05.png,and
i_a01-030u-10-02.png,round
i_b02-035-01-00.png,manoeuvring
i_d05-013-08-00.png,added
i_b05-098-01-08.png,was
i_b02-097-07-07.png,to
i_e04-109-06-02.png,before
i_d06-008-05-01.png,at
i_e06-037-05-02.png,are
i_e02-086-00-06.png,and
i_c04-035-01-03.png,and
i_b04-140-04-05.png,Lord
i_a02-012-02-03.png,a
i_b01-009-03-00.png,holds
i_a01-117u-02-00.png,to
i_b06-036-02-04.png,far
i_b06-004-01-04.png,would
i_c03-021b-04-03.png,a
i_c03-094d-03-07.png,comi-
i_c02-056-02-00.png,German
i_b04-089-02-03.png,could
i_c03-003c-00-02.png,not
i_a01-003u-10-08.png,an
i_e04-000-07-00.png,taking
i_d01-052-00-00.png,THE
i_a03-050-08-02.png,experts
i_b01-038-10-07.png,dearer
i_a05-125-04-05.png,outside
i_e02-000-02-00.png,are
i_a01-102u-06-02.png,but
i_a01-058u-03-05.png,that
i_a04-069-05-04.png,Kennedy
i_c04-013-03-09.png,quite
i_a02-111-11-00.png,group
i_c03-016e-00-03.png,heart
i_b05-083-03-06.png,good
i_e01-102-02-01.png,more
i_e04-068-02-06.png,will
i_a01-087u-06-04.png,behind
i_a04-023-03-00.png,times
i_c06-005-06-05.png,his
i_a03-047-02-05.png,Mr.
i_e07-003-06-01.png,stations
i_d01-085-05-07.png,would
i_a05-025-04-01.png,Watkinson
i_b02-013-07-02.png,face
i_a01-000x-02-00.png,meeting
i_e01-055-04-05.png,It
i_b06-097-00-05.png,will
i_d06-027-02-04.png,we
i_e04-030-06-04.png,child
i_a01-132u-08-05.png,receiving
i_a05-044-03-00.png,afterwards
i_c03-003c-03-00.png,the
i_b04-169-03-00.png,when
i_d01-056-04-02.png,and
i_e06-053-00-06.png,caught
i_d06-041-06-04.png,hour
i_b04-181-00-03.png,doubt
i_b05-055-01-00.png,on
i_b01-118-03-02.png,hope
i_c04-160-05-00.png,the
i_b02-097-07-08.png,see
i_a05-084-06-01.png,degree
i_e04-114-02-03.png,can
i_c02-078-02-00.png,above
i_c03-096f-06-07.png,odd
i_c02-078-02-04.png,sense
i_e04-062-07-09.png,one
i_c04-028-02-08.png,VERDICT
i_e06-026-03-03.png,Strong
i_c03-087d-07-06.png,faith
i_a06-119-02-02.png,more
i_a02-027-04-00.png,Ghana
i_b04-121-05-01.png,?
i_a03-023-03-05.png,of
i_d06-046-03-02.png,such
i_c02-078-00-05.png,of
i_a01-003-04-03.png,Bill
i_d06-030-01-13.png,only
i_c02-003-06-02.png,in
i_d05-030-00-05.png,Archbishop
i_a01-113u-08-04.png,Government
i_b04-026-06-03.png,want
i_c03-021a-04-01.png,much
i_b01-073-09-06.png,men
i_a01-107u-06-02.png,retorted
i_a02-004-08-00.png,time
i_a01-068u-06-05.png,Eisenhower
i_e07-003-07-02.png,by
i_b05-088-06-00.png,is
i_d04-089-01-09.png,to
i_a05-053-09-06.png,matter
i_a05-099-02-09.png,Trent
i_b02-105-02-02.png,Germany
i_a03-006-07-06.png,have
i_e06-053-01-03.png,this
i_a05-017-04-02.png,Service
i_c04-128-01-08.png,part
i_c03-003c-06-00.png,has
i_e02-091-01-07.png,includes
i_b06-093-02-00.png,nuclear
i_c03-094a-08-06.png,with
i_c03-094d-07-05.png,set
i_b06-000-05-06.png,Britain
i_a02-072-00-04.png,going
i_a02-067-02-00.png,the
i_a05-053-00-08.png,error
i_a01-011u-06-00.png,opposed
i_e04-052-01-11.png,clamp
i_e06-046-03-10.png,a
i_d06-100-06-05.png,school
i_a02-102-03-07.png,Airport
i_a06-095-04-00.png,tribute
i_b06-000-00-02.png,years
i_a01-096u-05-08.png,a
i_c03-081b-09-02.png,power
i_b06-082-01-07.png,statement
i_c03-021c-00-03.png,pregnant
i_a02-004-08-03.png,Minister
i_a03-066-00-03.png,purpose
i_a01-043-00-00.png,Informal
i_b04-066-06-07.png,this
i_c03-021e-07-04.png,forlorn
i_a02-102-03-06.png,London
i_a05-113-05-01.png,was
i_e04-022-02-03.png,position
i_c03-087d-03-02.png,left
i_b04-040-05-05.png,to
i_c03-007e-00-04.png,Honey
i_a06-036-07-03.png,week
i_c03-094c-07-03.png,in
i_d07-082-07-03.png,Rami
i_e06-033-04-00.png,almost
i_a05-069-03-07.png,chatty
i_c06-091-00-07.png,to
i_b05-067-02-00.png,when
i_d04-075-00-07.png,the
i_e01-059-02-08.png,price
i_c03-021d-07-05.png,companionship
i_a04-081-08-04.png,unions
i_c02-026-08-02.png,beacon
i_b05-038-06-00.png,system
i_d07-100-07-01.png,quoted
i_a03-080-00-04.png,added
i_a03-011-06-05.png,Algeria
i_d05-040-03-01.png,so
i_b02-045-00-08.png,appeared
i_b02-097-08-02.png,with
i_d06-072-06-06.png,fact
i_d05-030-04-05.png,no
i_e06-033-02-00.png,wind
i_c04-150-00-07.png,was
i_a01-049u-03-05.png,once
i_b06-093-09-02.png,it
i_e01-025-02-00.png,lamentably
i_d07-089-02-04.png,his
i_a01-128u-04-05.png,the
i_a05-022-03-07.png,There
i_e02-086-07-08.png,we
i_c04-156-01-06.png,cast
i_e06-010-02-11.png,until
i_b04-169-04-04.png,how
i_d01-118-06-08.png,glued
i_d06-011-01-06.png,arise
i_e07-061-10-00.png,over
i_a04-039-03-02.png,enduring
i_e07-000-05-04.png,game
i_a01-117u-00-04.png,Tories
i_d07-096-06-02.png,to
i_d06-020-01-06.png,shows
i_b06-056-03-06.png,issue
i_a02-106-06-02.png,the
i_a06-025-05-05.png,unacceptable
i_a01-091-03-02.png,on
i_b06-056-00-03.png,effort
i_b01-089-07-04.png,hoped
i_a01-014-09-03.png,Chequers
i_a01-132-09-05.png,in
i_a06-020-04-11.png,TUC
i_e02-117-06-04.png,has
i_c06-100-07-03.png,is
i_a01-053-10-02.png,by
i_e01-059-04-04.png,elegant
i_a06-070-01-01.png,was
i_e01-102-02-05.png,delicate
i_e01-014-06-01.png,have
i_d04-021-04-09.png,the
i_d06-111-00-10.png,wants
i_a01-003-01-06.png,likely
i_c06-052-01-02.png,publishers
i_b06-008-02-03.png,Mr.
i_c03-000c-02-05.png,been
i_b06-049-09-00.png,of
i_a04-069-02-02.png,danger
i_a03-073-04-03.png,sufficient
i_b01-018-04-07.png,as
i_c06-128-05-02.png,was
i_a04-099-06-03.png,bases
i_a04-081-00-03.png,of
i_d06-037-00-01.png,others
i_a01-107u-00-04.png,a
i_c02-012-06-07.png,His
i_a03-054-10-00.png,Prime
i_a01-038x-00-06.png,parties
i_a01-020-06-02.png,them
i_b04-162-05-05.png,it
i_b06-087-03-02.png,representing
i_b06-082-00-01.png,statement
i_b01-062-07-02.png,discretion
i_a06-095-02-00.png,strength
i_a01-049u-01-00.png,sparked
i_d06-100-01-05.png,I
i_a02-102-01-06.png,Princess
i_c03-003a-07-05.png,but
i_d06-107-00-05.png,to
i_c02-000-00-02.png,days
i_c03-021d-01-04.png,Here
i_a02-027-08-02.png,no
i_b06-012-01-02.png,West
i_c03-084b-03-09.png,of
i_b01-049-00-01.png,they
i_e06-037-09-00.png,to
i_a03-037-04-08.png,Columbia
i_c04-150-03-08.png,his
i_a01-026-01-02.png,Commons
i_d06-003-03-13.png,suggesting
i_b04-195-03-03.png,course
i_d01-056-02-03.png,text
i_d01-024-05-04.png,upheaval
i_e04-083-05-05.png,be
i_b06-049-06-04.png,based
i_c03-084a-07-00.png,power
i_e01-025-09-01.png,completely
i_a02-004-05-05.png,Edward
i_a04-015-05-04.png,Occasion
i_c03-021b-00-07.png,by
i_c04-004-04-00.png,treatment
i_b01-009-03-06.png,mistake
i_b05-042-02-04.png,do
i_e02-000-06-00.png,worked
i_a02-120-05-08.png,to
i_d04-053-02-08.png,easily
i_b02-045-07-07.png,to
i_e04-022-05-04.png,is
i_c02-059-10-02.png,in
i_a05-113-00-02.png,he
i_c04-039-01-00.png,DONALD
i_e04-091-03-04.png,moulds
i_b01-053-02-06.png,nations
i_c01-014-09-01.png,at
i_e07-061-07-05.png,and
i_c03-021c-01-03.png,Here
i_c03-081a-07-00.png,Landen
i_c06-080-00-04.png,talented
i_d06-037-06-05.png,people
i_b04-040-05-01.png,not
i_d04-081-02-05.png,night-time
i_a02-057-00-00.png,It
i_a03-014-06-04.png,Laos
i_a01-049u-06-00.png,Southern
i_e06-030-09-07.png,by
i_a01-007-05-04.png,rival
i_a04-023-04-08.png,Vienna
i_a05-089-06-07.png,pedantic
i_a03-023-08-05.png,the
i_b02-013-03-00.png,of
i_a03-063-09-01.png,a
i_e07-012-06-04.png,a
i_a02-124-01-05.png,constables
i_c04-035-00-03.png,a
i_a06-044-01-00.png,and
i_a01-014u-07-01.png,report
i_b05-042-00-03.png,that
i_c02-007-02-06.png,works
i_a04-092-02-04.png,Earl
i_a04-085-03-01.png,that
i_e04-015-00-03.png,of
i_e04-030-06-06.png,older
i_a05-048-10-08.png,war
i_c03-021c-04-03.png,who
i_b01-089-04-07.png,intervene
i_a02-046-03-03.png,of
i_b06-082-06-06.png,made
i_d06-086-00-07.png,tiring
i_b03-098-03-00.png,SIR
i_d01-049-05-00.png,showing
i_d06-100-05-05.png,little
i_d04-101-01-06.png,Oral
i_d04-111-10-02.png,sweet
i_a01-077u-06-05.png,for
i_c06-039-00-05.png,banned
i_b05-032-07-01.png,Luddites
i_a04-015-01-07.png,Key
i_d04-037-02-03.png,commandments
i_d01-060-05-08.png,is
i_e04-062-01-03.png,proof
i_c06-011-03-03.png,his
i_a02-124-05-01.png,Cannon-row
i_c06-138-07-00.png,Bruno
i_b05-017-00-07.png,Sam
i_c03-000e-05-02.png,and
i_c03-081f-00-02.png,the
i_b04-034-04-07.png,I
i_e07-007-01-02.png,new
i_e04-038-03-02.png,might
i_d06-015-00-11.png,into
i_e01-107-03-03.png,directions
i_a01-072x-02-03.png,of
i_a03-037-03-00.png,fared
i_c04-008-07-09.png,break
i_e04-086-00-07.png,each
i_a06-134-07-03.png,to
i_b02-105-01-02.png,to
i_a01-087u-06-02.png,human
i_b06-059-02-07.png,their
i_a04-047-03-02.png,his
i_e02-018-03-00.png,to
i_e01-025-06-06.png,in
i_e07-007-01-06.png,gardener
i_c03-016b-07-03.png,As
i_c03-096b-03-01.png,the
i_e06-006-04-02.png,is
i_c03-084d-00-04.png,is
i_b02-045-02-07.png,the
i_c04-028-06-07.png,in
i_b06-087-04-07.png,overwhelming
i_a02-046-02-02.png,to
i_c03-007c-03-02.png,pavements
i_b03-104-03-07.png,convenience
i_c04-116-03-01.png,My
i_d01-104-01-04.png,his
i_d06-063-07-04.png,from
i_a04-096-01-01.png,to
i_c03-003b-07-06.png,city
i_c03-021d-05-06.png,to
i_c03-016a-07-02.png,inquisitively
i_b04-089-04-07.png,But
i_b04-147-03-00.png,has
i_c04-122-05-07.png,started
i_a01-003-08-05.png,take
i_b02-045-00-05.png,in
i_a01-072x-03-03.png,it
i_d06-046-09-07.png,a
i_a05-089-03-04.png,plaintive
i_a06-025-02-06.png,strip
i_d07-096-04-02.png,there
i_c03-096c-02-05.png,the
i_a01-122u-03-00.png,Brown
i_c03-081a-04-01.png,flawed
i_e06-021-10-01.png,drifted
i_d04-053-10-00.png,seeking
i_c03-016b-06-00.png,is
i_b05-062-00-10.png,had
i_a01-030u-08-07.png,right
i_e01-035-03-03.png,to
i_a01-011u-05-05.png,Roy
i_d06-060-08-06.png,twentieth
i_d01-098-04-04.png,was
i_a01-043x-00-01.png,talks
i_a06-000-05-00.png,Lloyd
i_b01-014-02-03.png,exercised
i_d04-117-05-02.png,saying
i_e02-100-00-02.png,have
i_e02-018-00-01.png,glance
i_a03-037-04-07.png,British
i_c03-094b-01-03.png,Miss
i_e01-092-02-03.png,utmost
i_e02-074-09-07.png,it
i_b01-089-05-00.png,in
i_e04-099-03-04.png,by
i_e06-041-02-04.png,kind
i_b02-013-01-03.png,any
i_a02-111-07-01.png,been
i_d01-080-04-01.png,markings
i_b01-044-05-00.png,For
i_d06-082-04-05.png,for
i_c06-020-06-01.png,this
i_c03-016e-02-07.png,with
i_b06-000-04-02.png,rearmament
i_d05-025-00-00.png,In
i_c04-017-02-01.png,hard
i_a06-000-03-01.png,opinion
i_d05-008-05-06.png,True
i_a01-003-06-02.png,forward
i_b06-000-06-02.png,breaking
i_c03-003b-06-01.png,director
i_c04-150-04-04.png,obstinate
i_e04-004-00-09.png,in.
i_a06-004-07-06.png,chain
i_b02-013-03-05.png,may
i_b06-000-00-03.png,ago
i_c03-081b-03-01.png,about
i_d04-096-05-05.png,Hebrew
i_d04-016-03-05.png,pleasures
i_c03-096e-03-00.png,the
i_c03-084e-00-01.png,Bryan
i_a06-004-02-01.png,does
i_a01-122u-10-01.png,on
i_d06-015-04-04.png,where
i_a01-063u-04-03.png,who
i_c04-139-02-08.png,hypnosis
i_d06-015-00-00.png,A
i_c03-016a-02-01.png,lives
i_e04-011-01-02.png,place
i_c03-021c-06-07.png,forlorn
i_d06-063-06-05.png,took
i_a05-058-05-00.png,the
i_a03-040-06-03.png,per
i_c06-128-04-00.png,Bending
i_e06-037-01-02.png,differed
i_a01-113-04-05.png,it
i_c02-078-06-11.png,of
i_a05-022-02-07.png,to
i_a01-082u-05-00.png,in
i_d04-021-02-05.png,rock
i_e06-010-01-02.png,stops
i_e02-018-04-07.png,work
i_a06-128-09-04.png,must
i_a01-122u-08-03.png,Now
i_a01-102-00-05.png,helping
i_a03-006-08-03.png,leaders
i_b06-064-05-02.png,are
i_a01-077u-01-02.png,Dr.
i_e04-000-04-05.png,any
i_a05-053-02-06.png,mobilising
i_d06-041-01-08.png,be
i_a05-025-10-01.png,is
i_b01-079-10-00.png,would
i_e04-015-02-00.png,chair
i_d06-107-02-00.png,notice
i_b02-045-03-10.png,it
i_c03-000d-01-00.png,play
i_a06-119-03-06.png,figure
i_e04-062-01-00.png,a
i_b06-093-08-01.png,about
i_a04-059-00-02.png,agreed
i_a04-072-06-01.png,for
i_d05-025-00-06.png,turned
i_a06-020-01-09.png,he
i_a05-113-01-02.png,asked
i_e07-066-05-04.png,on
i_e02-082-00-01.png,last
i_e04-119-03-11.png,right
i_c04-089-04-00.png,different
i_a03-011-05-05.png,those
i_c03-081f-03-08.png,a
i_b06-000-02-03.png,to
i_c02-026-02-07.png,of
i_a01-014u-03-04.png,We
i_c03-000b-05-01.png,be
i_d01-019-04-10.png,author
i_a05-073-09-07.png,variety
i_a01-026x-09-07.png,Macmillan
i_a04-023-04-11.png,the
i_a02-024-03-10.png,hours
i_a01-072u-07-07.png,risks
i_b04-162-02-02.png,have
i_c06-128-05-06.png,breathing
i_c06-011-01-00.png,arrived
i_c03-094d-07-02.png,modulate
i_e01-022-01-01.png,a
i_d04-047-07-02.png,will
i_b05-050-04-03.png,patron
i_c03-003c-08-04.png,a
i_a05-094-01-08.png,of
i_a01-020x-07-07.png,House
i_a06-147-05-09.png,remove
i_b04-066-01-03.png,orders
i_c03-007c-07-07.png,of
i_e01-107-07-00.png,you
i_a04-027-01-02.png,him
i_a02-120-06-05.png,riots
i_a03-023-04-01.png,of
i_a01-072x-02-02.png,offer
i_e04-124-01-05.png,sides
i_b01-136-07-00.png,about
i_c03-081d-01-04.png,Irene
i_c04-028-02-00.png,herrings
i_a06-064-07-02.png,Conservative
i_d06-056-04-04.png,to
i_a05-044-09-04.png,party
i_c06-043-00-02.png,suffered
i_a02-032-00-05.png,chief
i_b03-104-01-09.png,in
i_d01-098-05-04.png,form
i_e01-113-03-07.png,thumb
i_e01-022-04-02.png,each
i_a05-058-05-04.png,to
i_c04-156-00-04.png,interpretation
i_b04-202-02-05.png,just
i_b06-075-00-03.png,time
i_e06-030-04-03.png,breeze
i_d07-082-08-00.png,elsewhere
i_b04-181-03-08.png,has
i_c04-066-03-07.png,up
i_d06-000-03-01.png,pull
i_b05-088-01-07.png,spite
i_b05-074-09-07.png,Kultur
i_d01-019-03-10.png,which
i_d01-085-04-02.png,This
i_d06-104-02-01.png,to
i_c04-061-02-09.png,cut
i_c03-016d-04-03.png,sex
i_a01-072x-01-03.png,Dr.
i_c02-049-09-02.png,including
i_d06-037-06-04.png,few
i_a04-006-04-05.png,after
i_b02-045-05-01.png,this
i_b01-009-05-08.png,his
i_e04-058-01-11.png,in
i_e07-072-06-08.png,10
i_b05-062-03-10.png,this
i_e01-086-00-06.png,join
i_b05-067-05-01.png,knowledge
i_b05-074-10-06.png,me
i_b06-093-05-06.png,mass
i_d03-117-01-01.png,to
i_a05-000-00-00.png,THE
i_d07-089-10-03.png,the
i_c06-083-06-05.png,major-domo
i_a06-051-06-05.png,In
i_d04-131-04-03.png,kept
i_d03-112-07-04.png,in
i_a01-128u-03-05.png,speech
i_c03-000c-02-06.png,produced
i_b03-114-01-03.png,and
i_a05-113-04-05.png,published
i_a06-100-05-11.png,perhaps
i_d07-093-03-05.png,the
i_e01-032-00-05.png,finer
i_d04-101-05-04.png,gives
i_d03-117-02-06.png,natural
i_e06-033-09-04.png,this
i_d07-096-04-07.png,his
i_a03-009-06-07.png,also
i_a01-096u-07-01.png,my
i_c02-000-02-04.png,jolted
i_a03-037-03-09.png,other
i_d04-028-05-03.png,knowledge
i_e04-109-00-11.png,nail
i_a06-036-06-05.png,treatment
i_a03-089-00-04.png,to
i_a02-017-04-06.png,month
i_a05-022-00-03.png,this
i_c04-075-04-09.png,hammers
i_a03-066-00-06.png,to
i_c02-012-09-00.png,of
i_a01-113u-10-03.png,Korean
i_b05-055-01-11.png,a
i_b02-045-05-07.png,great
i_d06-003-02-00.png,that
i_c02-017-01-03.png,the
i_e01-107-01-01.png,of
i_b05-083-03-03.png,have
i_c03-087f-05-00.png,desolation
i_c02-078-05-07.png,the
i_b05-038-08-02.png,television
i_c03-087e-04-00.png,around
i_e06-021-04-01.png,robin
i_b05-045-07-00.png,with
i_e04-019-07-03.png,place
i_a04-006-01-08.png,Common
i_a02-020-04-09.png,it
i_b06-023-00-02.png,divisions
i_c06-011-05-06.png,The
i_d06-067-09-00.png,travel
i_a03-043-00-03.png,separate
i_a06-128-00-05.png,first
i_d06-003-00-02.png,is
i_c03-094f-00-05.png,)
i_e04-099-03-07.png,ply
i_a03-047-01-05.png,popular
i_d06-086-05-00.png,he
i_e06-003-10-00.png,the
i_e02-074-01-05.png,is
i_b01-004-04-02.png,to
i_c06-031-07-00.png,much
i_a01-077u-04-00.png,he
i_b06-008-01-01.png,Strauss
i_b05-067-04-01.png,the
i_a06-114-04-02.png,no
i_c06-052-01-13.png,Yet
i_e01-102-04-01.png,heavier
i_c06-000-00-06.png,Sunday
i_b01-049-00-04.png,uselessly
i_e04-000-06-00.png,recommended
i_d04-012-05-07.png,?
i_b05-042-02-02.png,how
i_b06-032-00-02.png,has
i_d07-096-06-05.png,framed
i_c03-021a-09-06.png,love
i_c06-083-01-08.png,in
i_a06-141-04-01.png,alarmed
i_b05-071-00-03.png,whole
i_c04-170-01-04.png,left
i_b04-096-04-05.png,one
i_c06-076-03-05.png,and
i_d07-096-02-02.png,other
i_d07-100-09-00.png,part
i_e04-127-04-04.png,differently
i_a02-008-03-01.png,Zealand
i_a06-039-02-06.png,Moscow
i_c04-134-04-01.png,a
i_e01-050-02-01.png,of
i_e04-011-01-04.png,A
i_b06-110-06-06.png,for
i_c03-084a-04-07.png,Then
i_b04-195-00-08.png,stories
i_a04-054-01-08.png,weapons
i_e01-025-00-04.png,no
i_a01-026u-02-03.png,secret
i_d04-096-03-12.png,this
i_a01-117-06-00.png,of
i_e07-072-01-04.png,the
i_a01-003u-05-02.png,which
i_c06-116-00-03.png,the
i_e01-055-05-06.png,realised
i_a01-117-04-00.png,Then
i_b03-087-04-00.png,the
i_d06-107-09-05.png,to
i_d06-060-02-00.png,of
i_e02-025-01-06.png,are
i_d01-080-02-10.png,as
i_a01-063x-05-07.png,of
i_a05-121-06-01.png,the
i_a04-006-05-05.png,discussions
i_e01-092-01-01.png,Mercer-Crochet
i_c06-100-03-09.png,he
i_a04-050-04-02.png,The
i_e06-070-08-00.png,essential
i_e06-010-01-01.png,descent
i_e07-000-02-00.png,of
i_b04-054-03-09.png,enjoy
i_e01-107-05-05.png,small
i_b02-097-01-04.png,must
i_c03-003f-01-04.png,of
i_d01-056-03-03.png,over
i_c03-000c-03-04.png,Richardson
i_a04-096-07-07.png,Britain
i_a05-089-07-06.png,obscure
i_c03-000f-02-05.png,It
i_d07-093-08-00.png,four
i_c03-021d-08-05.png,someone
i_c03-087a-05-07.png,or
i_e01-018-01-09.png,a
i_b04-147-04-04.png,dug
i_e02-100-00-03.png,to
i_d06-025-04-03.png,plan
i_c02-049-01-00.png,the
i_b05-074-09-06.png,our
i_d04-028-05-05.png,the
i_b03-104-04-03.png,The
i_a05-104-07-01.png,up
i_b06-042-02-00.png,with
i_a06-070-05-01.png,our
i_a01-058u-08-03.png,West
i_b04-010-00-01.png,will
i_a05-116-06-06.png,told
i_c03-007b-06-09.png,part
i_e02-086-08-02.png,the
i_d03-112-03-02.png,from
i_b04-004-03-04.png,country
i_a02-078-04-08.png,Zambia
i_c06-116-06-06.png,so
i_a06-057-04-03.png,one
i_e02-086-08-04.png,of
i_d05-021-07-06.png,Version
i_d06-003-06-02.png,as
i_c03-003a-08-00.png,the
i_a05-125-05-03.png,Yard
i_a06-057-04-00.png,the
i_c03-000b-01-05.png,the
i_e06-046-02-00.png,sand
i_c03-087a-03-05.png,the
i_b06-097-04-07.png,than
i_d05-030-00-00.png,Forever
i_c03-021e-01-01.png,an
i_e01-014-02-06.png,lace
i_a01-128-00-02.png,Brown
i_a01-014x-08-03.png,report
i_a06-036-05-03.png,will
i_b04-147-00-05.png,launched
i_c03-000a-01-03.png,of
i_e04-095-02-08.png,that
i_c02-089-05-00.png,all
i_b04-116-04-01.png,wonder
i_c06-005-05-00.png,with
i_a01-128u-09-02.png,the
i_b06-000-07-00.png,building
i_a01-014x-02-03.png,Mr.
i_e04-015-03-07.png,in.
i_a05-053-10-01.png,the
i_c03-021b-05-11.png,forlorn
i_a04-015-06-01.png,co-operation
i_e04-095-03-00.png,the
i_a01-007u-06-00.png,Nationalist
i_c03-087a-05-09.png,the
i_b03-104-05-06.png,difficulty
i_d06-056-03-03.png,is
i_d06-107-09-04.png,want
i_c03-094e-03-01.png,editor
i_b04-047-03-05.png,four
i_a01-043x-05-07.png,of
i_c03-000c-03-09.png,part-
i_a02-046-07-03.png,crowd
i_a01-107-04-11.png,do
i_e06-006-04-08.png,separate
i_a02-111-05-05.png,the
i_a03-047-00-08.png,Pearson
i_a05-094-10-01.png,as
i_a02-078-05-00.png,National
i_c04-004-06-06.png,platinum-plated
i_a02-020-05-08.png,NATO
i_b04-034-03-12.png,to
i_b01-014-04-00.png,ding
i_d04-050-01-10.png,in
i_e04-114-05-08.png,in.
i_e06-037-00-03.png,behaviour
i_b05-074-03-06.png,screamed
i_a04-031-03-06.png,Moscow
i_b01-027-08-02.png,future
i_c03-084a-05-03.png,by
i_b04-208-01-03.png,there
i_d04-111-02-07.png,Saud
i_a01-003x-04-05.png,peers
i_b06-068-04-04.png,new
i_a04-099-05-02.png,of
i_c03-096f-02-02.png,one
i_a06-064-09-03.png,on
i_a06-095-09-00.png,which
i_d01-049-04-03.png,explain
i_d07-089-03-04.png,support
i_c06-100-05-02.png,as
i_a04-059-03-02.png,more
i_b05-032-03-03.png,all
i_b04-096-05-01.png,husband
i_c03-087a-06-08.png,in
i_b01-094-09-00.png,can
i_a01-011u-09-00.png,is
i_c06-039-06-06.png,orbit
i_b05-055-03-03.png,all
i_d07-100-02-08.png,Rabh
i_d04-016-02-04.png,Shamir
i_a04-069-05-00.png,with
i_c03-000c-03-06.png,who
i_b01-079-00-04.png,pass
i_a04-023-01-06.png,Mrs.
i_a04-039-03-04.png,between
i_a04-027-01-03.png,of
i_b01-004-04-08.png,which
i_d04-016-04-05.png,real
i_e01-086-02-00.png,the
i_a03-066-02-03.png,the
i_b01-127-04-01.png,to
i_d04-021-05-03.png,it
i_e02-000-00-04.png,modern
i_c03-000b-02-00.png,tomorrow
i_b04-208-01-08.png,to
i_c04-023-03-03.png,the
i_d06-008-00-06.png,farther
i_d01-056-07-04.png,and
i_c03-096e-00-07.png,arose
i_a01-007x-06-08.png,the
i_a04-085-00-00.png,Suggesting
i_a05-004-01-01.png,contemplated
i_c06-128-04-02.png,the
i_c04-089-00-00.png,Now
i_d01-098-04-06.png,stored
i_e01-032-08-06.png,of
i_d01-118-06-01.png,roll
i_d04-012-07-01.png,Shmah
i_e01-062-05-05.png,are
i_e04-038-01-08.png,Finally
i_a02-124-03-00.png,from
i_c03-096f-05-08.png,asking
i_e04-034-04-08.png,frame
i_a02-032-05-02.png,been
i_a02-037-05-04.png,to
i_e01-050-06-03.png,Victoria
i_c06-047-03-05.png,on
i_c06-011-05-07.png,telephone
i_d06-056-08-00.png,involving
i_d06-000-00-08.png,great
i_c02-022-00-06.png,the
i_a01-107-00-01.png,believe
i_a01-007x-07-08.png,Premier
i_a06-064-02-06.png,assessment
i_a06-075-02-04.png,be
i_c03-016b-06-06.png,half
i_e01-029-02-00.png,tatting
i_b05-079-07-02.png,be
i_c06-011-06-00.png,has
i_d01-056-01-04.png,of
i_c03-021a-07-07.png,sym-
i_a03-063-02-04.png,with
i_e07-061-07-03.png,fruit
i_a02-106-06-03.png,relationships
i_d06-030-01-12.png,is
i_d03-112-00-03.png,building
i_c03-084e-01-06.png,the
i_a04-085-02-02.png,compared
i_a03-011-07-06.png,and
i_a06-141-03-06.png,hardly
i_a04-050-00-01.png,Gaitskell
i_b04-116-00-03.png,British
i_c06-087-03-02.png,the
i_c03-094c-07-06.png,of
i_a02-008-01-06.png,wish
i_e07-066-05-02.png,by
i_d07-085-04-02.png,is
i_d01-024-06-07.png,the
i_b05-067-04-06.png,he
i_c01-014-03-01.png,character
i_b06-053-06-02.png,to
i_d06-063-03-02.png,a
i_b01-009-01-02.png,apartheid
i_e06-041-09-04.png,the
i_b06-012-01-05.png,domination
i_a02-020-02-09.png,Lloyd
i_d04-096-06-07.png,represents
i_d01-118-04-04.png,papyrus
i_c03-003a-08-03.png,a
i_a01-030-02-00.png,Ps
i_d06-076-01-03.png,possible
i_a01-058-04-07.png,was
i_e01-055-07-03.png,suitable
i_e01-107-00-10.png,certain
i_a03-047-07-07.png,so
i_a04-039-06-00.png,the
i_a06-119-08-01.png,look
i_b04-000-05-04.png,her
i_d06-011-06-04.png,dishonest
i_e04-034-05-08.png,colour
i_c03-087c-02-06.png,character
i_c02-035-02-09.png,feat
i_a05-029-03-07.png,advisers
i_c04-105-02-02.png,to
i_d01-049-08-03.png,Gospel
i_d06-096-00-08.png,How
i_c03-094f-01-05.png,Allen
i_d04-125-00-04.png,that
i_a05-073-05-06.png,a
i_c06-047-03-09.png,happened
i_b06-019-07-04.png,divisions
i_a04-006-03-01.png,were
i_a06-000-02-04.png,the
i_d04-131-01-07.png,bring
i_a06-095-05-05.png,Community
i_e01-119-05-03.png,the
i_a01-091u-05-01.png,those
i_e04-030-01-06.png,2
i_b01-062-05-07.png,would
i_d01-024-08-00.png,Thomas
i_c01-066-01-00.png,him
i_e04-109-02-00.png,you
i_d06-041-03-06.png,Suppose
i_a06-090-06-00.png,who
i_b06-064-05-03.png,beginning
i_a02-037-02-05.png,Tawia
i_a03-030-06-06.png,a
i_b04-134-05-02.png,It
i_c02-059-09-08.png,well
i_d04-037-02-06.png,I
i_a02-050-06-00.png,in
i_b01-004-04-00.png,decision
i_e06-003-06-05.png,them
i_e04-124-01-04.png,the
i_a01-063u-09-01.png,America
i_a01-038-03-01.png,from
i_e06-015-05-05.png,Knoll
i_b01-057-08-09.png,in
i_c03-003c-01-05.png,the
i_c03-094e-08-04.png,the
i_a03-023-03-04.png,Most
i_a04-027-03-01.png,home
i_e04-127-04-05.png,coloured
i_e01-018-07-04.png,then
i_c01-014-01-02.png,a
i_d06-111-03-08.png,can
i_a01-007u-07-00.png,have
i_d06-027-02-08.png,it
i_d07-096-02-10.png,by
i_b06-056-02-00.png,around
i_a03-037-05-07.png,the
i_b01-113-06-05.png,prospect
i_a04-066-00-02.png,added
i_e04-004-01-05.png,1
i_c06-039-02-09.png,telling
i_a01-063-05-04.png,week
i_c03-081d-03-01.png,our
i_e02-018-04-03.png,the
i_c03-087d-03-00.png,inevitability
i_a01-011u-05-00.png,course
i_d01-123-07-02.png,binding
i_a02-042-02-02.png,desired
i_a04-003-00-01.png,arose
i_e01-018-07-00.png,are
i_a05-044-04-01.png,Plewman
i_a06-036-07-04.png,of
i_a06-039-02-05.png,said
i_c02-026-04-00.png,with
i_e01-032-04-02.png,a
i_a04-096-07-02.png,is
i_a03-050-03-03.png,and
i_a02-093-00-02.png,writes
i_e04-022-05-05.png,then
i_a01-132u-09-01.png,Assistance
i_e07-072-02-06.png,is
i_a01-087-01-01.png,attack
i_d06-082-00-02.png,ever
i_b04-154-07-05.png,facts
i_a05-125-06-00.png,lobbied
i_c04-039-07-01.png,as
i_a01-122-04-03.png,The
i_d04-101-01-04.png,and
i_d01-080-04-08.png,is
i_c04-056-05-03.png,by
i_d06-086-07-08.png,down
i_e06-006-09-04.png,the
i_a01-011u-06-05.png,elected
i_e04-000-06-03.png,cheap
i_a01-020-00-06.png,conference
i_c04-170-03-04.png,of
i_c04-028-00-03.png,and
i_b05-058-03-08.png,claims
i_a06-114-07-05.png,Bank
i_a01-107-00-00.png,We
i_b05-067-04-09.png,expert
i_c03-021c-00-06.png,befriended
i_c03-000c-05-01.png,great
i_a02-120-05-01.png,was
i_a01-020u-07-00.png,them
i_e04-043-06-01.png,an
i_a06-057-00-07.png,more
i_a01-049x-06-01.png,Robertson
i_a01-014u-00-02.png,United
i_c03-096d-03-06.png,of
i_a06-100-02-06.png,played
i_b04-020-00-03.png,and
i_c04-061-00-01.png,Shelley
i_a01-014x-03-09.png,the
i_e04-132-03-03.png,for
i_a02-116-00-01.png,was
i_c01-066-08-06.png,which
i_a01-132u-06-05.png,welfare
i_c04-160-04-05.png,He
i_d06-011-02-07.png,a
i_e01-055-08-02.png,Crochet
i_b06-032-00-04.png,achieved
i_e01-059-05-07.png,or
i_a03-027-01-07.png,told
i_a04-023-03-12.png,of
i_c03-007d-06-03.png,the
i_c03-007f-05-02.png,strewn
i_a03-030-02-06.png,one
i_c03-087c-06-02.png,faith
i_a06-100-02-02.png,the
i_a01-000u-04-04.png,on
i_d05-025-02-05.png,work
i_e06-053-07-05.png,bottom
i_c03-016b-01-03.png,situation
i_b03-109-05-09.png,certain
i_c03-007c-05-00.png,canals
i_a02-082-00-00.png,He
i_c06-076-05-04.png,flat
i_d04-111-07-10.png,Remez
i_c04-056-04-04.png,The
i_c03-016b-09-04.png,away
i_c03-003c-07-03.png,attempted
i_e01-029-05-07.png,it
i_b01-053-07-00.png,by
i_d04-053-07-02.png,heart
i_a05-004-01-06.png,Army
i_d06-003-05-11.png,out
i_a04-015-05-00.png,common
i_b06-045-07-06.png,majorities
i_d01-080-01-00.png,were
i_a01-068u-01-01.png,they
i_b04-054-01-02.png,Government
i_c03-021b-00-09.png,old
i_c03-081d-04-00.png,a
i_e02-025-08-01.png,at
i_c03-021d-02-00.png,estranged
i_a02-078-06-00.png,until
i_b05-045-01-02.png,becoming
i_c06-076-03-06.png,playing
i_a03-014-04-00.png,ister
i_b04-121-02-00.png,Macmillan
i_a04-092-06-03.png,in
i_e01-113-00-05.png,end
i_c03-087f-07-01.png,more
i_c04-098-01-10.png,But
i_e04-086-00-08.png,side
i_a01-063u-05-03.png,A
i_d01-019-01-10.png,The
i_c03-094f-01-04.png,Sheila
i_e04-026-04-07.png,5
i_a06-095-03-01.png,than
i_a02-102-08-01.png,Gloucester
i_b03-104-09-00.png,should
i_a06-039-07-03.png,now
i_c02-017-09-05.png,a
i_a01-128-06-03.png,the
i_c03-096d-03-03.png,author
i_c03-016e-07-05.png,and
i_d05-025-06-06.png,of
i_c03-084c-00-04.png,is
i_a03-063-05-02.png,British
i_c04-080-04-09.png,they
i_b01-023-05-08.png,grade
i_a01-122-05-03.png,food
i_e07-066-06-01.png,survived
i_c04-013-03-08.png,ring
i_a06-044-03-08.png,Minister
i_c03-021a-04-06.png,mother
i_b01-027-01-01.png,from
i_c03-021a-00-05.png,is
i_c03-000b-01-06.png,Leicester
i_c02-078-02-06.png,Much
i_c02-056-04-00.png,with
i_a01-043-02-04.png,a
i_b06-004-04-02.png,British
i_b01-004-03-07.png,if
i_b06-110-03-01.png,six
i_a05-089-01-04.png,of
i_b03-109-06-04.png,come
i_a06-039-01-06.png,a
i_b01-018-05-01.png,Commonwealth
i_b01-132-02-06.png,home
i_e04-086-06-01.png,each
i_e06-021-05-02.png,among
i_b04-040-00-11.png,The
i_e04-095-06-00.png,with
i_d04-117-00-04.png,concealed
i_d06-056-08-04.png,treatment
i_c04-050-08-05.png,field
i_a01-117-06-01.png,taking
i_c03-003e-06-03.png,premiere
i_a05-053-07-04.png,the
i_b04-154-03-08.png,federation
i_b01-009-06-05.png,the
i_a04-096-07-05.png,base
i_b06-059-00-07.png,and
i_a03-054-07-03.png,sessions
i_a01-030u-08-05.png,had
i_a04-103-00-03.png,is
i_b05-067-00-09.png,that
i_c03-007a-01-06.png,North
i_e04-058-03-06.png,is
i_a02-024-06-00.png,demonstrated
i_a05-108-00-01.png,puzzled
i_d06-063-06-03.png,the
i_b06-008-01-05.png,with
i_e02-117-02-07.png,good
i_d06-030-00-09.png,a
i_b05-042-08-04.png,being
i_d04-117-03-11.png,learn
i_a05-053-05-05.png,a
i_c03-007e-01-05.png,industrial
i_a02-102-05-06.png,princess
i_b01-089-07-06.png,the
i_c03-087b-03-01.png,its
i_d03-117-06-00.png,which
i_c03-084b-06-06.png,the
i_d03-112-02-01.png,word
i_e06-010-05-09.png,suitable
i_b03-025-04-06.png,is
i_a02-102-04-04.png,Africans
i_c03-094f-00-02.png,Lucas
i_e02-117-00-02.png,with
i_c02-078-06-01.png,of
i_c01-014-08-00.png,of
i_d01-085-04-00.png,columns
i_c04-150-01-13.png,his
i_c02-049-06-03.png,start
i_d06-060-02-04.png,no
i_a01-132u-04-02.png,underpinning
i_a05-044-02-00.png,Elizabeth
i_a05-017-03-06.png,return
i_e01-055-06-04.png,craft
i_a04-019-02-08.png,agreement
i_c03-087f-08-02.png,his
i_b06-093-02-01.png,weapons
i_c03-096d-07-06.png,the
i_d07-102-01-01.png,teacher
i_b01-044-06-00.png,dollars
i_a04-027-04-08.png,beginning
i_e06-026-07-02.png,by
i_c04-061-01-01.png,Smiler
i_a01-082u-00-03.png,was
i_b04-116-01-00.png,of
i_a01-007x-03-09.png,to
i_a01-082u-05-01.png,nuclear
i_c03-016a-08-04.png,a
i_a04-006-07-06.png,and
i_c03-021a-02-06.png,by
i_c04-150-01-02.png,had
i_e02-074-05-02.png,results
i_a01-043-07-02.png,tasks
i_b02-045-07-04.png,representations
i_c03-003c-00-08.png,has
i_a05-053-05-00.png,accompanied
i_e06-049-02-06.png,bottom
i_a01-003u-07-05.png,that
i_a02-067-09-02.png,Schoenman
i_c04-089-06-04.png,of
i_a01-003u-01-03.png,large
i_e04-095-06-03.png,so
i_d06-072-09-07.png,tensions
i_c02-007-06-00.png,and
i_e01-113-00-04.png,near
i_a02-057-00-03.png,Phones
i_a02-020-03-00.png,a
i_a06-128-00-00.png,Banks
i_b05-038-01-00.png,the
i_a04-081-02-03.png,should
i_a01-053u-01-03.png,organisations
i_a03-027-01-09.png,officers
i_c02-007-03-03.png,view
i_a03-023-07-02.png,has
i_a01-122-05-04.png,scheme
i_a02-072-06-09.png,none
i_e07-007-04-05.png,and
i_a02-102-07-08.png,Prince
i_c03-007a-05-01.png,the
i_a06-004-06-09.png,a
i_a01-113u-07-01.png,health
i_e07-007-06-00.png,States
i_b05-032-04-02.png,unturned
i_b06-004-01-06.png,jeopardised
i_c02-078-00-09.png,fun
i_b06-023-02-06.png,are
i_a01-038-08-01.png,last
i_a03-023-01-05.png,not
i_c03-007e-06-07.png,to
i_b06-012-02-01.png,through
i_e01-050-03-08.png,There
i_a02-012-09-05.png,Barclay
i_a02-046-05-06.png,will
i_a03-037-03-07.png,with
i_a02-111-02-04.png,be
i_a01-014u-01-02.png,London
i_c03-007-03-02.png,pavements
i_a05-044-02-04.png,immediately
i_b01-113-05-07.png,forced
i_b06-087-08-07.png,part
i_e04-119-01-01.png,rubbing
i_b04-060-01-11.png,just
i_c04-139-01-06.png,motor-car
i_b05-045-00-01.png,being
i_a01-011u-03-00.png,African
i_a01-011-04-05.png,an
i_a05-080-00-04.png,he
i_b06-064-04-06.png,active
i_d01-024-03-01.png,took
i_e04-114-06-05.png,screwing
i_b01-084-05-04.png,ability
i_a06-114-03-03.png,rise
i_e04-103-00-08.png,now
i_b06-059-09-03.png,secure
i_a02-020-01-05.png,Couve
i_a01-063-04-01.png,West
i_c03-081f-07-00.png,Mr.
i_b01-122-08-02.png,more
i_c03-003d-00-01.png,is
i_d06-111-05-13.png,of
i_d04-012-00-05.png,as
i_d05-021-05-03.png,was
i_a01-122u-06-07.png,welfare
i_c03-087c-01-07.png,a
i_e06-037-08-00.png,to
i_e04-019-02-01.png,the
i_b04-075-03-09.png,a
i_a06-090-07-06.png,almost
i_b06-012-00-00.png,His
i_e02-025-08-05.png,line
i_a04-059-04-01.png,Scarborough
i_b04-140-04-06.png,Russell
i_a01-000x-00-06.png,from
i_e06-033-08-01.png,the
i_d04-131-02-08.png,Israel
i_c03-007c-00-08.png,taken
i_e07-066-04-06.png,mantis
i_c03-021a-06-01.png,of
i_a02-027-00-03.png,been
i_c03-007d-00-05.png,Mr.
i_a06-014-09-01.png,commit
i_d01-019-02-02.png,of
i_a05-116-04-06.png,seal
i_a01-117u-09-03.png,drug
i_a02-053-03-11.png,are
i_a04-072-10-07.png,Cooper
i_e04-058-04-09.png,cheapness
i_a06-124-05-06.png,Bank
i_a06-147-04-10.png,rule
i_a05-121-03-02.png,a
i_d01-049-03-06.png,has
i_c06-027-04-07.png,on
i_a05-125-01-01.png,demonstrators
i_b04-121-00-02.png,it
i_a01-087u-07-03.png,other
i_a01-132-05-02.png,underpinning
i_a01-082u-06-04.png,avoid
i_a02-037-05-02.png,adequate
i_c06-052-04-04.png,to
i_c03-081b-05-02.png,Johnstone
i_b01-089-07-03.png,be
i_b04-128-04-08.png,40
i_e02-000-01-07.png,they
i_c03-081d-10-01.png,power
i_a04-047-03-09.png,fierce
i_d04-081-07-00.png,Deliverance
i_c03-007e-06-03.png,churchyard
i_d01-118-04-08.png,the
i_b04-195-02-01.png,want
i_e01-018-06-01.png,lace
i_a03-054-06-00.png,ammunition
i_b05-032-02-09.png,thought
i_e07-061-01-00.png,egg-case
i_a06-039-03-04.png,was
i_a05-004-02-07.png,purposes
i_e01-059-02-07.png,high
i_b01-118-03-05.png,same
i_c02-017-01-07.png,story
i_b05-045-02-00.png,a
i_d06-104-08-00.png,knowing
i_b06-087-08-09.png,Britain
i_e02-091-00-04.png,development
i_d04-012-06-06.png,man
i_a06-114-05-01.png,more
i_b06-015-01-04.png,pretext
i_a01-043-00-01.png,talks
i_c06-091-00-12.png,I
i_c03-000e-05-00.png,script
i_d01-104-01-05.png,Natural
i_e04-026-04-01.png,angle
i_a01-117-01-08.png,1950
i_d04-066-04-10.png,1ye
i_b05-067-02-11.png,the
i_a01-091-01-03.png,the
i_b06-032-04-02.png,up
i_c03-096c-01-01.png,appreciable
i_b01-094-08-04.png,all
i_e06-021-01-00.png,fish
i_b06-032-00-00.png,All
i_a01-087u-02-00.png,charges
i_a03-066-04-01.png,increase
i_a06-064-06-02.png,ferocity
i_d06-086-01-02.png,made
i_b02-035-06-00.png,but
i_c03-000e-04-04.png,Delaney
i_a04-059-00-07.png,to
i_c04-089-02-01.png,Lisbon
i_a06-057-02-08.png,was
i_e02-018-03-04.png,short
i_a01-077-02-03.png,Egginton
i_b04-162-04-05.png,has
i_c04-116-01-16.png,other
i_a01-063-07-00.png,payment
i_a01-003-00-05.png,Left-wing
i_e06-037-09-08.png,discussion
i_a01-030u-04-03.png,had
i_a02-024-05-05.png,hundreds
i_c03-087e-03-05.png,and
i_d01-049-06-02.png,coherent
i_c03-087f-08-03.png,characters
i_b05-045-00-00.png,From
i_b01-057-03-02.png,worthy
i_d04-125-00-12.png,four
i_d07-093-07-00.png,the
i_c01-009-01-05.png,rambling
i_b04-175-03-04.png,virtue
i_b02-035-03-06.png,to
i_e06-010-04-00.png,echo-sounders
i_a02-053-05-07.png,claimed
i_d07-082-01-03.png,Gemara
i_c03-084d-05-02.png,Then
i_a04-059-01-00.png,in
i_c01-009-08-05.png,the
i_a04-000-02-04.png,talks
i_e04-091-01-08.png,and
i_d05-021-02-07.png,Blood
i_a04-006-09-03.png,were
i_d04-021-01-04.png,This
i_b01-073-04-01.png,be
i_b06-015-02-02.png,forces
i_d01-080-03-07.png,paragraph
i_c03-007b-05-02.png,the
i_a06-157-03-09.png,be
i_e07-061-10-03.png,peachtrees
i_a06-128-03-03.png,is
i_d06-027-02-01.png,knows
i_c03-096d-00-03.png,actions
i_b05-067-02-03.png,that
i_c04-075-01-02.png,pianist
i_b01-062-00-00.png,Should
i_a06-134-05-01.png,of
i_a01-072u-04-01.png,of
i_a03-040-03-06.png,cent
i_a01-117u-01-06.png,Labour
i_a01-007u-07-06.png,face
i_d07-100-03-00.png,is
i_a05-053-08-00.png,debate
i_a05-099-04-06.png,Europe
i_c02-030-04-02.png,the
i_a01-026x-00-02.png,Macleod
i_a04-054-02-00.png,the
i_c03-094c-04-05.png,always
i_b01-057-07-01.png,for
i_b06-097-02-07.png,in
i_a01-077u-05-03.png,in
i_a06-134-05-05.png,Europe
i_a06-090-01-00.png,Common
i_b06-056-05-02.png,of
i_a02-072-07-00.png,was
i_c04-116-02-15.png,month
i_e07-061-07-00.png,difficulty
i_d04-021-05-05.png,to
i_b05-038-07-08.png,tape
i_c02-017-04-02.png,One
i_d04-032-10-06.png,whole
i_a03-043-04-09.png,Mr.
i_d07-102-01-04.png,Eleazar
i_c04-156-02-03.png,making
i_b06-042-10-04.png,of
i_b04-020-04-01.png,so
i_e06-033-05-05.png,of
i_b01-027-04-02.png,the
i_c04-160-01-01.png,imagination
i_a04-089-08-03.png,much
i_a01-077-07-04.png,senior
i_a05-073-04-04.png,want
i_c03-003a-00-02.png,not
i_d04-032-01-04.png,two
i_a01-026u-06-06.png,Dominion
i_c04-035-06-01.png,team
i_c03-094d-07-03.png,from
i_c04-056-06-07.png,tea-cup
i_a02-057-02-04.png,pretext
i_b01-027-04-00.png,Nevertheless
i_e07-003-03-05.png,Stations
i_e06-033-04-06.png,at
i_b04-175-07-03.png,our
i_a06-051-00-08.png,from
i_d06-091-00-00.png,There
i_b04-175-04-02.png,have
i_e06-041-04-01.png,water
i_c04-028-06-03.png,does
i_a01-122-02-09.png,Let
i_a03-027-06-06.png,here
i_e04-103-03-06.png,and
i_d06-076-00-14.png,life
i_a01-077u-01-06.png,a
i_c01-014-04-02.png,his
i_a06-070-07-06.png,the
i_d06-111-00-03.png,want
i_c03-087c-00-00.png,It
i_a04-000-03-02.png,Whitehall
i_c03-087a-05-05.png,say
i_a05-108-07-05.png,Mr.
i_b06-019-03-02.png,a
i_c03-000c-01-08.png,Square
i_d04-005-02-05.png,him
i_e04-019-01-03.png,is
i_a06-119-06-06.png,on
i_e02-100-02-03.png,the
i_c03-087a-05-08.png,not
i_b05-071-03-02.png,thing
i_b06-071-06-06.png,by
i_e01-022-03-00.png,to
i_a02-078-00-03.png,said
i_a06-128-07-00.png,German
i_a04-023-00-01.png,from
i_e06-000-01-00.png,herring
i_a01-117u-01-00.png,for
i_d04-086-01-04.png,a
i_e06-000-06-08.png,Anglia
i_c03-084a-03-05.png,in
i_c03-094d-08-03.png,proper
i_e04-068-00-10.png,for
i_c03-081f-03-02.png,minds
i_c03-016d-01-06.png,A
i_a01-132u-06-08.png,Mr.
i_a04-023-01-07.png,Kennedy
i_c04-122-06-00.png,directed
i_a02-024-00-05.png,and
i_d01-085-03-03.png,not
i_d06-025-06-03.png,Of
i_a01-053x-06-00.png,service
i_d04-058-00-03.png,Mammon
i_d06-050-04-02.png,can
i_e04-068-00-04.png,a
i_a04-027-05-07.png,in
i_e06-049-02-05.png,the
i_b05-032-07-07.png,and
i_a05-116-06-00.png,articulation
i_c03-094f-08-08.png,Richards
i_b05-042-07-03.png,manufacturing
i_a01-128-00-08.png,for
i_a06-020-05-03.png,hara-kiri
i_b03-098-01-04.png,To
i_c03-003c-05-09.png,which
i_a02-027-02-02.png,Root
i_c06-020-05-07.png,But
i_a01-007u-03-02.png,House
i_a04-019-00-00.png,It
i_e07-012-07-01.png,while
i_c03-016c-08-06.png,sailor
i_a01-063u-02-05.png,the
i_c04-004-00-07.png,feel
i_a01-122u-05-01.png,pharmaceutical
i_c06-083-01-06.png,for
i_c03-081d-02-00.png,for
i_b04-096-04-00.png,to
i_b05-038-03-00.png,threat
i_c04-128-00-03.png,I
i_a02-046-06-04.png,arrived
i_a02-050-05-03.png,Consultative
i_a05-094-08-03.png,tilt
i_c06-047-00-00.png,LESS
i_d06-096-05-06.png,a
i_a02-032-04-09.png,reports
i_e04-058-05-01.png,recommend
i_c04-000-02-03.png,show
i_b04-181-02-00.png,to
i_c03-087e-03-00.png,which
i_a01-113u-07-00.png,on
i_a01-003u-09-04.png,take
i_b06-090-04-05.png,It
i_c02-012-00-01.png,unnecessary
i_d06-030-01-09.png,sleep
i_d05-008-07-02.png,comfort
i_b03-087-03-08.png,the
i_e04-086-03-10.png,I
i_c03-081c-05-06.png,effective
i_a02-027-07-03.png,has
i_a01-058x-07-05.png,not
i_d04-096-06-02.png,together
i_b02-045-06-03.png,the
i_e04-008-01-02.png,nevertheless
i_b02-097-06-00.png,been
i_d05-030-07-06.png,Puritans
i_a03-014-04-08.png,details
i_b06-019-01-02.png,last
i_a01-053x-08-01.png,before
i_d04-075-03-03.png,going-out
i_c03-007-01-02.png,in
i_a01-049-09-02.png,Kennedy
i_a03-034-03-03.png,since
i_d06-003-00-01.png,worse
i_d04-101-02-05.png,Torah
i_a03-011-04-02.png,countries
i_a06-141-04-05.png,door
i_c03-094f-08-04.png,the
i_c01-009-05-04.png,work
i_b05-017-05-01.png,Paris
i_a01-049-09-00.png,to
i_c04-105-03-00.png,Monty
i_a04-010-03-04.png,the
i_d07-089-04-04.png,The
i_a01-096u-07-06.png,the
i_a01-011-03-04.png,course
i_c03-081f-07-08.png,most
i_b06-053-06-01.png,effort
i_a02-020-04-05.png,abroad
i_b06-019-05-05.png,German
i_b06-012-01-07.png,Western
i_a04-039-02-08.png,to
i_d07-096-02-00.png,in
i_a06-095-03-06.png,paid
i_c04-139-00-01.png,will
i_a01-014u-08-01.png,Chequers
i_c03-000d-06-03.png,this
i_c03-084f-05-07.png,by
i_d04-131-06-06.png,Lot
i_a01-072u-06-02.png,more
i_c03-096d-02-07.png,to
i_b03-098-00-03.png,the
i_b04-000-02-04.png,accused
i_a05-094-03-04.png,boys
i_b04-202-04-04.png,for
i_a01-072u-00-04.png,a
i_b04-103-04-02.png,shoes
i_b01-038-10-02.png,will
i_c06-083-00-05.png,in
i_a03-023-06-05.png,in
i_e01-119-02-00.png,Draw
i_d01-080-02-09.png,used
i_b05-017-01-09.png,address
i_d07-085-04-04.png,around
i_c04-008-07-06.png,to
i_e02-014-02-02.png,newly
i_b04-195-01-02.png,Palace
i_e04-052-01-03.png,screws
i_d06-060-07-07.png,under
i_b04-154-03-01.png,jelly-boned
i_c03-021d-09-05.png,to
i_c03-084d-03-00.png,emphasizing
i_c03-084d-07-02.png,the
i_b05-074-01-03.png,injustice
i_a01-000u-06-00.png,Griffiths
i_b04-134-04-06.png,sit
i_c03-084b-07-01.png,of
i_a04-006-04-07.png,Kennedy
i_a03-034-06-08.png,of
i_e04-062-00-04.png,and
i_e06-070-06-01.png,more
i_a01-003-05-06.png,should
i_a03-063-04-01.png,in
i_e01-029-00-03.png,seen
i_b04-060-02-11.png,of
i_a05-080-00-03.png,that
i_d06-082-01-02.png,this
i_b01-004-01-03.png,conference
i_a04-059-04-03.png,decisions
i_b04-107-06-00.png,scrapped
i_b06-097-07-04.png,space
i_a01-020-03-07.png,These
i_a06-000-01-06.png,property
i_b04-116-01-01.png,change
i_a02-020-06-01.png,meeting
i_c03-021f-08-03.png,companionship
i_c03-007f-07-09.png,inte-
i_a05-108-00-02.png,such
i_a01-117u-04-05.png,per
i_e06-037-02-07.png,swim
i_a06-044-05-05.png,friends
i_a06-147-06-04.png,occupation
i_a04-054-04-02.png,be
i_e07-061-08-00.png,many
i_a01-102-00-04.png,of
i_c02-017-03-04.png,his
i_c04-044-00-00.png,This
i_a06-008-02-00.png,legislation
i_a06-134-01-02.png,were
i_a05-053-06-01.png,and
i_c03-021d-07-00.png,her
i_a06-004-07-07.png,of
i_c03-094b-07-08.png,of
i_d05-040-04-02.png,not
i_c04-039-02-01.png,Drama
i_b03-087-00-12.png,the
i_c02-026-08-03.png,of
i_a05-029-03-01.png,crisis
i_b04-187-00-10.png,be
i_e06-006-00-04.png,congestion
i_a02-042-05-02.png,16
i_a03-059-01-04.png,talking
i_b06-075-06-06.png,established
i_a06-000-02-02.png,hint
i_a04-081-01-04.png,the
i_a01-011u-07-01.png,in
i_d04-066-07-07.png,the
i_b01-009-02-07.png,he
i_a05-116-01-05.png,For
i_b06-015-04-00.png,bases
i_a01-113-01-09.png,They
i_b02-097-00-02.png,able
i_e07-012-01-04.png,the
i_e06-015-01-04.png,to
i_c02-003-01-04.png,list
i_a03-047-01-00.png,in
i_c03-007a-02-07.png,shabby
i_b04-040-05-02.png,want
i_e04-019-07-01.png,temporarily
i_b01-004-02-05.png,becomes
i_d06-086-06-02.png,is
i_b01-073-06-05.png,this
i_b05-042-00-06.png,worker
i_d01-019-05-15.png,in
i_a04-092-05-08.png,Government
i_a02-072-03-05.png,do
i_a03-017-06-00.png,at
i_c03-087a-05-01.png,could
i_c04-128-04-04.png,Elliot
i_e04-062-00-08.png,ensure
i_b06-071-05-01.png,enormous
i_a05-044-00-05.png,of
i_a05-089-07-02.png,Berlin
i_c06-100-06-05.png,(
i_a01-063u-06-01.png,the
i_a01-038x-02-07.png,were
i_b01-079-04-09.png,a
i_e01-032-09-05.png,today
i_a02-124-01-04.png,special
i_a01-049-05-05.png,Willis
i_d04-021-06-02.png,corner
i_c02-078-05-06.png,that
i_b01-000-01-02.png,against
i_e02-074-07-03.png,it
i_a05-039-10-03.png,as
i_d07-082-07-07.png,quoted
i_a05-116-04-04.png,the
i_a06-141-00-02.png,One
i_c03-021c-02-07.png,strong
i_b05-058-04-10.png,Jews
i_a01-038-09-01.png,with
i_b01-033-04-06.png,has
i_c03-094a-01-04.png,Sheila
i_c03-021a-07-03.png,gift
i_e06-037-10-02.png,beyond
i_b04-116-04-07.png,heart-searching
i_d06-076-00-11.png,us
i_c03-094e-09-02.png,and
i_d04-008-03-09.png,the
i_b06-000-03-03.png,uncomfortable
i_a02-000-06-01.png,as
i_b01-118-03-04.png,THE
i_a02-057-02-05.png,whatsoever
i_b06-071-07-02.png,policy
i_e02-000-05-05.png,however
i_d06-076-04-07.png,to
i_b05-045-04-02.png,takes
i_d01-118-03-08.png,prepared
i_b05-045-09-08.png,Dictionary
i_c04-008-06-02.png,arrogant
i_b05-038-05-06.png,developed
i_e06-053-01-06.png,to
i_e01-086-03-05.png,to
i_a01-020u-05-04.png,they
i_c03-016a-07-07.png,case
i_a06-128-00-03.png,in
i_a06-095-04-03.png,development
i_c03-096e-07-03.png,tradition
i_b05-088-01-03.png,language
i_e01-062-05-04.png,instructions
i_a01-014-05-03.png,through
i_d04-021-01-00.png,books
i_c06-091-01-02.png,it
i_c03-016d-04-00.png,surroundings
i_c03-003b-02-00.png,again
i_a04-103-03-01.png,of
i_d06-003-05-01.png,face
i_d01-085-03-00.png,whether
i_c03-000b-02-05.png,produced
i_a03-080-08-05.png,of
i_d05-025-02-04.png,at
i_a01-102u-04-02.png,with
i_a02-032-04-03.png,is
i_b06-012-03-06.png,he
i_e06-015-01-00.png,and
i_a02-042-02-01.png,the
i_a02-072-02-01.png,take
i_a05-125-01-04.png,Central
i_b06-079-01-01.png,to
i_b01-073-06-08.png,be
i_d04-066-07-00.png,to
i_a03-017-00-02.png,Phouma
i_a04-099-01-03.png,population
i_d06-076-00-04.png,some
i_b04-107-02-03.png,orderly
i_e06-030-04-04.png,will
i_a04-023-04-02.png,gave
i_a01-122u-03-06.png,us
i_c02-078-01-03.png,of
i_d04-125-02-01.png,four
i_c03-087a-01-01.png,of
i_d01-019-01-08.png,dislocations
i_a04-092-03-00.png,first
i_a02-050-04-03.png,was
i_b01-038-09-00.png,for
i_d04-005-02-02.png,and
i_b02-035-09-01.png,the
i_d03-117-02-02.png,The
i_e01-107-09-01.png,the
i_e01-029-07-02.png,handiwork
i_c04-028-01-05.png,provide
i_e07-007-03-00.png,sale
i_a04-096-08-00.png,Soviet
i_c03-000f-00-03.png,of
i_e04-114-03-07.png,chines
i_e04-099-00-00.png,Cut
i_b04-096-03-03.png,the
i_d05-040-03-04.png,office
i_b01-127-08-05.png,more
i_e04-091-00-08.png,up
i_b01-038-07-03.png,in
i_b06-079-04-01.png,being
i_d06-072-05-00.png,a
i_a05-104-02-05.png,not
i_c03-087e-01-01.png,of
i_c03-007d-05-02.png,strewn
i_b02-097-03-08.png,we
i_c04-004-04-03.png,they
i_d06-000-06-08.png,it
i_b04-000-00-02.png,and
i_d01-123-01-02.png,of
i_c03-094e-06-03.png,asked
i_a01-014x-03-08.png,if
i_a03-054-09-00.png,assurance
i_b06-071-01-01.png,to
i_c03-081c-00-02.png,the
i_e06-033-09-01.png,the
i_a01-058x-08-03.png,Adenauer
i_d01-049-03-07.png,he
i_a01-007x-05-00.png,two
i_a05-116-06-02.png,limited
i_a01-077-05-02.png,was
i_b02-045-06-06.png,responding
i_a01-049x-01-00.png,sparked
i_a06-000-02-00.png,The
i_c03-003a-07-06.png,failed
i_a04-047-08-00.png,to
i_d04-053-10-01.png,self
i_a01-026u-04-02.png,in
i_e04-038-01-11.png,is
i_b04-134-08-01.png,has
i_c03-096e-05-05.png,believe
i_c04-035-01-00.png,newly-weds
i_d01-118-06-06.png,easily
i_e01-014-03-03.png,was
i_c03-003f-00-02.png,not
i_c02-000-08-06.png,last
i_a01-128u-03-04.png,his
i_c03-007d-07-00.png,to
i_e04-052-00-01.png,instance
i_c03-016b-09-00.png,his
i_a01-122u-09-01.png,it
i_c06-091-03-07.png,to
i_d06-037-03-03.png,went
i_c04-098-02-02.png,about
i_a01-128u-01-02.png,a
i_d06-072-05-07.png,deliberately
i_c03-021f-04-00.png,the
i_e01-032-04-00.png,insertion
i_c03-000c-03-00.png,directed
i_c03-094d-06-05.png,not
i_a04-043-06-01.png,must
i_b06-110-00-05.png,when
i_c06-076-01-01.png,this
i_e06-037-09-05.png,but
i_a05-094-05-07.png,many
i_d06-015-02-11.png,look
i_c06-052-00-07.png,tape-recorded
i_b06-036-02-09.png,of
i_a01-020x-06-04.png,The
i_a01-014-04-05.png,Sir
i_b06-049-02-02.png,had
i_b04-116-01-09.png,demands
i_a05-013-06-00.png,voluntary
i_d06-050-05-03.png,They
i_a04-081-07-02.png,contribution
i_b01-038-09-08.png,which
i_e01-107-00-03.png,hook
i_c03-087d-05-03.png,We
i_c02-017-04-06.png,is
i_c04-089-06-10.png,Parade
i_b06-093-01-05.png,of
i_d06-067-09-03.png,day
i_c04-066-00-07.png,Well
i_e04-004-06-02.png,altered
i_c04-028-06-02.png,He
i_a02-053-01-04.png,the
i_a05-000-06-07.png,greater
i_c02-003-04-07.png,his
i_d04-047-02-05.png,solve
i_a04-047-02-01.png,the
i_a01-011-04-01.png,opposed
i_b06-075-06-04.png,never
i_c03-087a-01-05.png,attempting
i_e04-068-02-09.png,from
i_d01-016-01-12.png,time
i_a06-124-01-08.png,And
i_a06-141-06-02.png,officers
i_a04-027-03-06.png,In
i_a05-058-00-06.png,into
i_a01-038x-08-01.png,by
i_a02-017-04-00.png,They
i_e01-092-03-04.png,never
i_b01-122-06-05.png,says
i_b04-010-06-02.png,world
i_a04-019-02-07.png,Laos
i_a02-027-08-00.png,Sea
i_c06-039-06-07.png,before
i_d01-049-07-08.png,the
i_b01-023-00-02.png,this
i_e07-012-00-06.png,the
i_c04-170-00-02.png,and
i_a01-049u-05-00.png,Committee
i_a05-000-03-03.png,aim
i_c06-103-00-03.png,Carlton
i_c03-081a-06-05.png,and
i_c04-028-06-05.png,rescue
i_d04-021-02-01.png,that
i_c03-016a-02-05.png,dingy
i_a05-113-00-03.png,did
i_b03-092-05-06.png,DIRECTOR
i_d06-056-03-00.png,the
i_b04-004-02-00.png,trouble
i_d06-041-06-08.png,would
i_a05-017-02-06.png,be
i_a01-053u-08-07.png,it
i_a01-128u-02-00.png,bitterest
i_a04-006-02-02.png,even
i_a05-116-00-02.png,too
i_b06-093-08-03.png,Training
i_a04-050-03-00.png,and
i_e01-055-06-02.png,of
i_c03-096f-04-05.png,endowed
i_e04-132-01-03.png,hanging
i_b04-195-01-09.png,DONS
i_a05-099-04-01.png,of
i_a01-102u-03-00.png,wicked
i_a05-089-03-02.png,with
i_d01-060-01-06.png,rather
i_b04-147-01-07.png,cable
i_b05-079-03-05.png,the
i_e04-019-03-03.png,to
i_b04-020-01-01.png,higher
i_b05-032-10-02.png,Luddite
i_e06-021-08-04.png,probably
i_a03-027-01-05.png,Vieng
i_c04-098-03-05.png,Piccadilly
i_a01-053u-00-01.png,said
i_d06-076-04-06.png,have
i_a06-000-07-04.png,escape
i_c06-000-02-01.png,at
i_c04-122-06-07.png,is
i_c04-004-04-05.png,done
i_d01-052-02-04.png,of
i_d04-062-01-06.png,soul
i_a02-082-00-01.png,cited
i_a01-068u-04-06.png,the
i_e04-022-06-06.png,planed
i_a04-050-02-07.png,to
i_d04-058-05-11.png,the
i_c04-000-02-02.png,new
i_a06-134-07-00.png,forces
i_b06-049-02-04.png,put
i_a01-058u-00-01.png,KENNEDY
i_d01-123-04-01.png,codex
i_c04-066-02-08.png,Twang
i_c06-011-03-05.png,work
i_a02-027-05-09.png,President
i_a01-038-07-00.png,Mr.
i_c04-075-01-05.png,enhanced
i_a04-099-03-05.png,Russell
i_c03-003b-07-01.png,create
i_e02-014-00-03.png,a
i_a06-134-00-07.png,a
i_a05-073-09-05.png,on
i_e04-109-02-02.png,doing
i_a03-034-05-02.png,the
i_a06-134-00-00.png,The
i_d06-091-00-06.png,argue
i_d07-100-00-04.png,bringing
i_a02-046-07-01.png,minutes
i_b04-034-01-10.png,all
i_d06-008-06-00.png,agree
i_a04-006-10-01.png,talked
i_b06-023-07-10.png,Americans
i_a02-024-03-07.png,Only
i_a05-022-01-00.png,necessary
i_e06-015-05-04.png,the
i_b01-122-06-02.png,Otherwise
i_a03-040-00-01.png,four
i_a04-054-02-07.png,them
i_b06-032-05-05.png,familiar
i_a03-047-02-04.png,that
i_b05-067-05-06.png,the
i_e01-050-04-00.png,was
i_d01-049-08-02.png,the
i_e02-117-01-05.png,on
i_e06-037-01-04.png,that
i_c03-000f-01-01.png,A
i_b04-181-00-01.png,is
i_b01-049-01-05.png,trading
i_d04-028-04-01.png,the
i_d07-085-00-09.png,again
i_c03-021a-03-06.png,child
i_d04-111-09-01.png,is
i_b01-079-02-05.png,nations
i_a05-029-01-02.png,Nov.
i_a04-031-05-00.png,followed
i_a01-003-01-01.png,majority
i_d01-080-05-02.png,that
i_e02-074-04-02.png,fitments
i_a04-015-03-09.png,the
i_c02-017-05-00.png,and
i_b04-010-00-08.png,but
i_c04-165-04-03.png,Among
i_d06-011-08-03.png,are
i_a03-066-00-04.png,will
i_b01-057-10-02.png,local
i_e01-119-06-01.png,Fig.
i_a02-012-00-02.png,is
i_d07-089-09-03.png,Gemara
i_d01-052-07-03.png,precision
i_c06-103-03-05.png,sharp
i_b06-082-07-05.png,H-bomb
i_b01-132-02-05.png,bring
i_a02-046-07-05.png,gone
i_e04-119-02-01.png,moulds
i_e02-025-03-05.png,and
i_a04-027-04-11.png,slight
i_a01-053x-02-02.png,Immediately
i_e01-113-06-04.png,finger
i_a06-004-04-03.png,hopes
i_e01-062-04-08.png,the
i_c03-081f-04-00.png,flawed
i_a02-017-05-03.png,Brussels
i_c03-007d-07-07.png,seen
i_c03-007f-07-07.png,as
i_c03-094c-07-08.png,Richards
i_a05-009-00-02.png,had
i_b04-107-00-07.png,and
i_c03-016d-08-03.png,in
i_b01-033-02-03.png,memories
i_a05-099-01-02.png,bark
i_b02-097-07-04.png,the
i_a01-077-05-01.png,America
i_b04-154-06-07.png,those
i_a02-017-02-04.png,)
i_a01-049-08-01.png,later
i_d01-056-07-07.png,shown
i_d01-104-07-06.png,edge
i_e07-012-02-03.png,its
i_c03-096b-00-00.png,Only
i_a05-069-10-00.png,Asia
i_b05-032-04-01.png,of
i_d04-012-07-07.png,with
i_a02-090-05-10.png,a
i_a03-066-01-07.png,the
i_b01-062-02-04.png,all
i_c04-023-00-01.png,has
i_c04-004-01-04.png,End
i_d07-085-00-01.png,the
i_b05-042-08-07.png,of
i_e04-099-05-10.png,the
i_a01-058u-00-05.png,get
i_a01-003x-08-04.png,up
i_c06-138-07-01.png,Richard
i_b01-079-00-00.png,It
i_b06-053-09-02.png,dominance
i_e01-059-04-03.png,as
i_b02-035-01-05.png,should
i_b03-025-03-05.png,What
i_b02-105-04-01.png,people
i_a03-011-03-05.png,more
i_c03-096d-02-05.png,were
i_d04-008-04-00.png,is
i_e01-107-01-00.png,size
i_e04-083-02-04.png,out
i_c06-058-03-06.png,this
i_d06-030-03-00.png,amount
i_c03-094d-04-02.png,by
i_a02-037-07-05.png,imprisonment
i_a03-047-01-06.png,orator
i_a03-054-06-02.png,him
i_e04-015-05-05.png,work
i_e04-043-07-02.png,freeboard
i_b03-098-02-00.png,ratures
i_d06-008-00-02.png,them
i_b04-010-01-06.png,Belgium
i_c03-016d-05-04.png,she
i_c02-000-01-02.png,the
i_b03-025-01-01.png,could
i_a01-113u-08-01.png,reminded
i_a03-006-05-03.png,Nations
i_d06-076-00-08.png,which
i_c04-139-00-07.png,the
i_b05-062-04-06.png,interviewed
i_a01-077u-02-01.png,Egginton
i_b04-140-06-05.png,They
i_e07-003-07-04.png,means
i_d07-089-02-03.png,of
i_d06-100-06-09.png,six-
i_e04-127-03-07.png,finishing
i_b06-082-06-01.png,Nato
i_e02-074-02-03.png,it
i_e04-132-04-00.png,article
i_d01-080-02-07.png,spacing
i_c03-021d-01-06.png,is
i_e01-062-07-00.png,crochet
i_d06-046-02-01.png,on
i_b06-093-01-04.png,use
i_c03-016c-02-06.png,room
i_d04-121-00-04.png,to
i_e02-025-00-00.png,Note
i_a01-107u-02-07.png,all
i_d05-030-03-08.png,was
i_b06-075-05-05.png,their
i_d04-062-02-05.png,be
i_b06-015-05-00.png,In
i_e07-000-02-09.png,or
i_a06-004-04-00.png,people
i_c06-014-01-04.png,attention
i_e04-103-06-06.png,and
i_a01-043-08-01.png,discrimination
i_c03-000d-04-01.png,is
i_b05-079-00-04.png,included
i_d06-086-10-04.png,considerably
i_a03-059-08-01.png,to
i_c03-007f-02-00.png,England
i_a01-049u-06-06.png,of
i_d07-082-07-00.png,the
i_e01-102-02-02.png,effective
i_d01-060-05-04.png,of
i_b04-040-02-02.png,best
i_c03-096d-06-07.png,their
i_a05-013-06-04.png,the
i_a01-117-04-08.png,the
i_b06-100-06-02.png,unskilled
i_a02-020-00-04.png,were
i_c03-021e-00-06.png,befriended
i_c02-049-08-03.png,incomprehensible
i_e04-095-00-01.png,skeleton
i_e07-012-04-02.png,consumed
i_b06-053-05-00.png,spending
i_c03-003a-03-02.png,story
i_c04-035-02-02.png,ancient
i_a01-038-11-04.png,in
i_a02-116-03-03.png,the
i_d06-082-03-07.png,could
i_c03-003a-03-05.png,the
i_a04-039-03-05.png,nations
i_c03-096a-02-07.png,action
i_b04-140-05-04.png,been
i_a04-089-05-05.png,elsewhere
i_b06-056-05-01.png,introduction
i_a01-030x-06-07.png,had
i_d01-080-03-05.png,mark
i_c04-098-03-13.png,it
i_e06-003-10-01.png,herring
i_a04-092-08-02.png,that
i_c03-081b-03-07.png,flawed
i_a04-027-05-10.png,situation
i_a02-093-07-05.png,order
i_d06-000-03-06.png,better
i_b06-071-06-05.png,strength
i_a02-067-00-01.png,are
i_b06-056-00-05.png,fight
i_b04-075-00-02.png,to
i_c04-116-00-16.png,well
i_a01-043u-06-07.png,his
i_b04-162-01-00.png,with
i_a06-134-05-04.png,in
i_e06-006-07-03.png,Viking
i_b04-010-04-00.png,with
i_d07-100-01-02.png,quoted
i_e07-061-03-01.png,on
i_b04-026-06-00.png,commercial
i_b01-073-07-06.png,the
i_b06-023-03-06.png,on
i_e01-119-03-06.png,and
i_e07-007-06-06.png,European
i_a05-116-05-02.png,endearing
i_d01-123-00-00.png,The
i_a04-103-04-04.png,in
i_d04-121-02-01.png,interrogations
i_a05-084-05-00.png,at
i_c03-003f-04-03.png,their
i_e04-000-06-05.png,easy
i_e04-109-05-01.png,screw
i_d06-041-04-01.png,mother
i_b01-113-03-06.png,That
i_b04-134-06-04.png,a
i_a05-053-00-03.png,it
i_d06-100-01-00.png,in
i_b06-042-02-02.png,Soviet
i_d01-052-01-01.png,in
i_a06-070-00-04.png,his
i_b06-075-08-03.png,on
i_c04-098-03-11.png,I
i_b01-136-03-04.png,another
i_a04-031-05-04.png,efforts
i_d01-104-05-03.png,with
i_d07-100-09-02.png,the
i_e01-081-02-05.png,correct
i_e04-079-03-01.png,wooden
i_b01-094-02-04.png,its
i_b06-023-02-09.png,fighter
i_c06-080-00-03.png,our
i_a04-096-03-03.png,British
i_c03-021d-05-07.png,her
i_a04-069-04-02.png,that
i_c02-003-02-02.png,be
i_a02-106-00-04.png,other
i_c06-091-03-08.png,talk
i_b01-089-05-01.png,fighting
i_c04-035-06-02.png,of
i_d01-052-00-04.png,almost
i_e01-035-03-07.png,but
i_e04-109-04-02.png,in.
i_a01-026x-02-02.png,negotiations
i_e01-035-06-03.png,song
i_c03-021f-02-05.png,but
i_d03-117-08-03.png,inside
i_c04-004-07-05.png,nose
i_e04-091-01-00.png,against
i_c03-094c-02-02.png,Mr.
i_a02-053-03-04.png,on
i_a02-032-06-00.png,tion
i_c04-165-08-02.png,European
i_c03-096e-05-00.png,is
i_a01-128u-08-04.png,net
i_a04-031-02-00.png,Moscow
i_a01-030u-10-01.png,sit
i_c03-096c-03-06.png,had
i_c03-094d-02-03.png,always
i_e07-072-03-03.png,sizes
i_b04-154-03-05.png,promises
i_a05-108-00-05.png,comparative
i_b01-033-02-00.png,Pakistan
i_c03-007a-01-07.png,of
i_b05-074-01-01.png,an
i_c06-128-06-00.png,She
i_a03-063-03-01.png,space
i_c04-160-02-09.png,been
i_a03-009-03-04.png,would
i_a03-073-08-01.png,rocket
i_a01-096u-00-04.png,doctors
i_a06-100-02-07.png,a
i_d06-063-09-01.png,in
i_b05-079-09-01.png,have
i_e02-086-03-09.png,and
i_a04-099-03-00.png,provoking
i_b06-023-06-05.png,weapons
i_b06-015-01-02.png,provides
i_b01-023-04-00.png,a
i_a04-043-08-02.png,has
i_d05-030-08-00.png,was
i_a03-009-03-01.png,consultative
i_a01-053-03-03.png,a
i_c02-030-03-01.png,silence
i_a03-023-01-02.png,that
i_b06-042-08-05.png,Scar-
i_a01-132-07-04.png,charges
i_b01-057-08-05.png,hopes
i_d04-117-03-09.png,willing
i_d07-096-04-01.png,but
i_c02-078-09-00.png,who
i_e01-113-05-04.png,hook
i_c03-000b-04-07.png,the
i_a01-003-00-01.png,they
i_a01-026-00-08.png,denied
i_b03-098-00-04.png,broadcasting
i_a02-102-05-02.png,heads
i_b03-104-08-04.png,centigrade
i_d04-050-04-10.png,gather
i_d04-008-05-07.png,adamant
i_a03-027-05-05.png,in
i_d06-091-07-10.png,such
i_d04-037-02-05.png,which
i_d06-027-00-00.png,Toyohiko
i_d06-096-06-07.png,do
i_a05-048-06-03.png,disclosed
i_b04-154-01-00.png,resolute
i_e01-119-07-03.png,behind
i_a02-037-06-05.png,supplies
i_c04-004-00-06.png,will
i_a06-020-02-09.png,allowed
i_a04-015-05-10.png,need
i_e04-043-05-03.png,lb.
i_b06-012-02-08.png,this
i_e01-029-03-02.png,striking
i_e04-079-00-01.png,the
i_d04-066-04-05.png,vision
i_b04-202-00-06.png,of
i_a06-004-00-05.png,Secretary
i_d05-040-01-06.png,He
i_b04-054-00-01.png,MAKARIOS
i_d04-032-08-07.png,on
i_d06-104-03-00.png,to
i_a02-090-04-00.png,if
i_b05-083-02-00.png,drastic
i_e06-030-08-02.png,an
i_c04-150-01-04.png,a
i_d06-000-07-02.png,for
i_e01-055-07-02.png,designs
i_c04-144-07-04.png,regarded
i_d04-089-07-04.png,within
i_a03-040-03-09.png,favour
i_a01-128-00-00.png,When
i_b01-000-06-00.png,Commonwealth
i_a03-089-00-06.png,the
i_d01-085-01-01.png,original
i_a06-100-00-03.png,negotiations
i_a03-063-03-03.png,project
i_b06-087-02-05.png,Trades
i_a06-147-04-08.png,way
i_c03-094b-07-05.png,in
i_a01-087u-07-02.png,the
i_b01-018-05-00.png,a
i_b01-127-07-01.png,of
i_c01-066-01-07.png,the
i_c02-022-00-01.png,a
i_e02-014-05-07.png,tapered
i_b01-113-00-04.png,in
i_a01-102-07-05.png,has
i_a04-015-01-00.png,third
i_b04-096-02-07.png,are
i_c03-016b-08-09.png,bear
i_e02-025-01-03.png,of
i_a06-147-04-06.png,The
i_a05-084-00-04.png,its
i_c03-021d-04-03.png,to
i_d06-060-07-02.png,deal
i_a01-058x-04-04.png,357million
i_c01-014-00-05.png,H.
i_b03-087-00-04.png,must
i_b04-060-03-02.png,people
i_c03-003d-06-07.png,director
i_a04-103-00-01.png,third
i_c03-016e-08-03.png,is
i_b06-036-00-04.png,being
i_b02-105-00-01.png,they
i_e02-117-01-08.png,table
i_a01-132x-06-00.png,for
i_c04-110-01-16.png,mid-way
i_a03-027-05-06.png,10
i_d07-100-06-01.png,so
i_d06-104-01-00.png,day
i_c03-016a-03-06.png,In
i_b06-097-07-03.png,the
i_b06-075-01-08.png,creating
i_a03-030-08-05.png,there
i_c06-100-07-04.png,becoming
i_a05-084-04-03.png,debate
i_b04-195-06-01.png,men
i_e04-008-01-09.png,a
i_d06-011-06-06.png,it
i_e04-114-02-04.png,be
i_a01-043x-02-00.png,the
i_a05-053-02-04.png,hesitation
i_a06-095-08-01.png,The
i_c03-096a-02-08.png,by
i_a04-043-04-04.png,theme
i_a05-013-07-06.png,end
i_a04-015-01-03.png,the
i_e04-000-05-02.png,be
i_b06-019-04-08.png,would
i_a01-128-05-00.png,His
i_b05-067-06-00.png,led
i_a06-075-03-02.png,make
i_c06-076-01-05.png,never
i_a02-072-02-10.png,He
i_b06-064-08-05.png,and
i_c06-076-01-06.png,before
i_a05-073-07-06.png,to
i_b04-010-04-02.png,careful
i_a04-092-00-01.png,are
i_c03-081d-09-02.png,of
i_b04-195-05-04.png,and
i_c06-138-03-00.png,of
i_d06-107-09-06.png,do
i_a06-020-04-10.png,the
i_a01-122u-00-04.png,it
i_b01-053-04-08.png,the
i_c03-094c-05-04.png,not
i_a05-113-05-00.png,He
i_d05-025-05-01.png,Book
i_a01-030x-02-05.png,Ps
i_c04-035-03-03.png,The
i_c04-008-03-02.png,role
i_c04-122-06-10.png,go
i_a01-011-00-05.png,United
i_e01-055-05-04.png,that
i_e06-015-09-04.png,spawn
i_c03-087c-04-04.png,could
i_d04-012-01-03.png,Git.
i_c03-084a-00-05.png,quietly
i_e04-079-08-01.png,a
i_a04-089-08-06.png,are
i_a06-075-00-04.png,earnest
i_c03-000f-03-00.png,been
i_c06-027-00-05.png,place
i_b04-169-02-02.png,earn
i_c06-005-07-03.png,occasional
i_b02-097-04-07.png,tomorrow
i_e06-037-08-05.png,unfortunately
i_b01-023-00-01.png,in
i_a04-003-03-00.png,visit
i_e02-082-03-00.png,great
i_a01-053u-05-05.png,He
i_a01-128-04-05.png,is
i_b05-074-07-06.png,in
i_b04-034-03-07.png,Mr.
i_c03-084a-00-01.png,Bryan
i_a06-134-07-04.png,touch
i_a06-057-00-04.png,Mr.
i_a01-128-05-02.png,defence
i_a04-085-06-03.png,a
i_d07-089-08-06.png,divine
i_c03-081a-03-04.png,her
i_e01-059-03-01.png,time
i_e01-029-06-04.png,in
i_b04-175-03-05.png,of
i_b06-082-00-03.png,Padley
i_a01-113u-01-03.png,different
i_a02-012-09-00.png,is
i_e01-029-06-02.png,the
i_a01-117u-01-02.png,sick
i_a06-064-03-02.png,his
i_c01-009-01-01.png,a
i_a06-070-00-00.png,As
i_a01-011u-04-03.png,today
i_a02-106-01-01.png,kingdoms
i_a04-096-07-03.png,a
i_c06-005-03-01.png,inches
i_d06-060-05-00.png,great
i_d05-040-04-01.png,and
i_a04-027-02-02.png,in
i_b04-089-04-03.png,at
i_c06-111-02-06.png,waste
i_c06-005-01-07.png,are
i_a02-050-04-01.png,all
i_c03-087b-00-07.png,beyond
i_c06-047-06-00.png,Stratford
i_d01-019-00-11.png,the
i_d04-028-02-05.png,if
i_b06-023-00-07.png,600
i_b04-181-06-05.png,is
i_d06-067-08-00.png,pipeline
i_d04-050-02-04.png,of
i_b04-040-01-00.png,sisters
i_b04-004-06-01.png,the
i_c06-095-03-02.png,as
i_c03-016d-02-00.png,girl
i_a04-085-03-00.png,argued
i_d01-080-06-00.png,some
i_b06-059-03-05.png,the
i_c06-116-07-08.png,Pullman
i_b02-045-04-04.png,ever
i_b02-097-05-02.png,a
i_c03-084a-07-01.png,of
i_e06-010-03-06.png,wide
i_d03-117-07-02.png,the
i_a06-141-05-08.png,led
i_c04-110-03-12.png,accountant
i_a05-121-03-03.png,crime
i_a04-066-01-05.png,though
i_b06-036-03-04.png,is
i_b05-045-01-05.png,sprayer
i_c02-059-08-00.png,film
i_d06-082-03-08.png,all
i_a05-062-05-05.png,could
i_c03-094c-05-00.png,grotesque
i_a01-122-03-01.png,inquiry
i_e06-000-00-01.png,could
i_a06-110-05-02.png,I
i_e01-081-00-03.png,and
i_c04-035-00-06.png,strength
i_a05-089-05-00.png,described
i_c06-106-09-00.png,is
i_b04-121-04-03.png,they
i_b04-040-04-05.png,MR.
i_e04-015-06-00.png,shows
i_b03-092-03-09.png,The
i_e01-055-09-05.png,field
i_c03-007-06-09.png,of
i_e06-006-00-06.png,to
i_e04-008-01-06.png,care
i_c03-021c-06-03.png,and
i_b02-102-03-11.png,burden
i_a04-089-06-06.png,out
i_a02-078-04-05.png,vicious
i_a03-027-08-05.png,chosen
i_c04-023-03-01.png,flagrant
i_b06-097-05-03.png,balloon
i_a01-077u-06-02.png,he
i_d03-117-01-06.png,water
i_c02-012-05-09.png,photo-
i_a06-008-04-00.png,it
i_a06-100-05-13.png,too
i_d07-093-07-02.png,sugya
i_c06-005-02-04.png,high
i_e07-000-00-03.png,yet
i_a01-063-04-00.png,the
i_b01-089-02-06.png,case
i_d05-025-03-06.png,was
i_d04-101-03-06.png,shall
i_c06-080-06-00.png,been
i_a01-053x-04-00.png,of
i_a01-000x-01-09.png,at
i_a01-038x-04-07.png,negotiations
i_b01-113-00-08.png,of
i_a01-030-06-10.png,the
i_c06-087-02-05.png,in
i_c03-003e-01-06.png,cinema
i_b06-097-05-01.png,sewers
i_b04-010-08-02.png,Never
i_e04-034-04-07.png,the
i_e02-100-01-05.png,become
i_d06-011-07-08.png,a
i_a05-053-04-07.png,have
i_c06-111-06-01.png,and
i_c02-022-05-05.png,to
i_a05-069-08-04.png,Nations
i_e04-124-04-06.png,that
i_e04-119-04-00.png,up
i_b05-017-03-11.png,puzzled
i_c03-084e-07-01.png,of
i_b04-103-03-10.png,often
i_d04-053-04-08.png,of
i_c06-047-00-02.png,been
i_a05-029-04-01.png,the
i_a02-042-02-07.png,where
i_a05-094-03-01.png,which
i_b04-128-00-01.png,of
i_e02-100-01-04.png,soon
i_b04-020-00-00.png,Supplies
i_b06-059-00-06.png,cynical
i_a05-044-06-06.png,Sir
i_a01-030-00-03.png,a
i_c03-084d-05-06.png,by
i_e07-003-01-02.png,balance
i_e04-127-04-00.png,WHEN
i_b01-014-05-04.png,weaken
i_a02-012-02-05.png,reputation
i_b01-062-00-05.png,advertisements
i_c03-081a-09-00.png,rare
i_a05-116-00-00.png,This
i_a01-030x-02-02.png,But
i_a06-134-00-03.png,the
i_a01-000u-00-05.png,Gaitskell
i_e06-026-05-00.png,longshore
i_b03-087-02-02.png,modest
i_a05-029-01-08.png,due
i_a02-046-01-05.png,Mr.
i_c03-094e-09-05.png,colour
i_d07-082-00-05.png,quotes
i_b04-034-02-01.png,the
i_d06-060-05-02.png,of
i_c03-003b-03-04.png,central
i_b05-038-05-08.png,new
i_b01-073-04-07.png,can
i_e01-113-00-00.png,1
i_a01-087u-08-02.png,always
i_c02-082-04-01.png,France
i_b05-038-04-04.png,specialising
i_a04-035-03-05.png,in
i_d01-080-06-07.png,which
i_b01-094-08-01.png,a
i_a03-040-05-04.png,38
i_c03-096b-02-03.png,feels
i_a01-102u-08-02.png,with
i_a01-117-04-07.png,to
i_b01-079-10-07.png,political
i_a04-096-04-07.png,action
i_a01-113-01-03.png,different
i_b06-008-09-02.png,principal
i_c02-026-05-00.png,tremendous
i_a03-071-01-06.png,not
i_d01-052-06-03.png,is
i_a04-010-01-02.png,meeting
i_b05-032-07-02.png,took
i_d04-071-04-00.png,the
i_b04-181-04-02.png,Britain
i_d06-041-00-02.png,tires
i_a05-104-05-00.png,events
i_e06-006-00-03.png,bottom
i_d05-030-01-06.png,than
i_d06-020-04-02.png,knowing
i_a04-059-01-07.png,miles
i_b04-047-02-04.png,Chancellor
i_b04-066-00-01.png,more
i_a03-063-02-06.png,Federal
i_d06-000-08-02.png,based
i_d06-096-05-05.png,out
i_b05-079-03-03.png,islands
i_d06-072-03-01.png,possibly
i_c06-000-00-03.png,on
i_a04-047-05-03.png,Gaitskell
i_c01-066-04-02.png,Doris
i_a03-073-04-05.png,of
i_c06-111-06-00.png,Home-making
i_d01-024-06-08.png,best
i_b04-020-07-00.png,abundance
i_c06-039-03-00.png,Canadian
i_e04-114-04-06.png,miss
i_b06-071-00-00.png,Ordinary
i_c03-081e-04-04.png,enigma
i_a06-095-04-02.png,the
i_d01-049-07-05.png,necessary
i_a06-124-04-00.png,than
i_b05-079-00-03.png,slavery
i_a06-000-03-05.png,July
i_c03-081a-07-06.png,most
i_a04-015-02-02.png,said
i_a04-010-01-04.png,be
i_b05-062-04-01.png,Dr.
i_e04-109-01-02.png,and
i_a03-030-02-04.png,is
i_a02-078-05-07.png,Mr.
i_a01-058x-00-01.png,KENNEDY
i_a01-014x-07-01.png,aide
i_e04-052-06-09.png,be
i_a01-007u-07-05.png,to
i_b04-107-03-06.png,in
i_c03-087b-03-00.png,left
i_a05-048-10-00.png,British
i_e01-081-04-05.png,outline
i_a02-124-00-09.png,mass
i_e06-033-08-00.png,been
i_b06-036-07-00.png,his
i_a06-124-05-01.png,of
i_c03-021a-05-08.png,her
i_a03-071-03-02.png,so
i_b03-092-01-10.png,of
i_a01-072u-02-02.png,the
i_a06-090-06-03.png,scene
i_a06-020-02-12.png,again
i_d06-011-02-05.png,to
i_d06-111-00-13.png,through
i_b04-162-06-02.png,shambles
i_a04-003-06-05.png,Commonwealth
i_b06-045-01-03.png,major
i_a01-020-08-01.png,House
i_c03-081b-04-04.png,but
i_b01-044-05-07.png,reserves
i_a01-007x-06-05.png,together
i_e06-041-02-05.png,of
i_c06-076-05-03.png,falls
i_c03-016a-05-08.png,the
i_a02-124-03-04.png,stations
i_a01-091u-01-00.png,For
i_e06-041-08-03.png,in
i_b04-054-05-03.png,at
i_c03-096c-01-04.png,The
i_b04-134-08-04.png,wrong
i_d06-072-08-04.png,years
i_e04-058-02-01.png,2
i_d03-112-08-03.png,and
i_a01-049x-01-04.png,by
i_c06-083-07-05.png,turns
i_a01-049-08-04.png,had
i_a01-113-02-03.png,ambulance
i_b03-114-02-01.png,ganged
i_a06-008-02-07.png,proposals
i_c03-021a-06-02.png,need
i_a02-082-05-04.png,167
i_e07-072-08-00.png,no
i_d05-013-03-01.png,or
i_a06-051-06-01.png,looking
i_b04-195-04-02.png,industry
i_e06-015-01-06.png,overall
i_c03-081d-04-03.png,beautiful
i_b01-084-00-05.png,that
i_c03-003c-05-03.png,to
i_b06-071-00-04.png,never
i_a06-000-04-00.png,dramatically
i_a05-099-05-07.png,linked
i_b03-109-06-02.png,time
i_d04-071-01-00.png,door
i_c03-007b-03-04.png,the
i_a01-038x-02-04.png,from
i_a01-007-07-01.png,together
i_c02-035-04-05.png,of
i_e04-127-03-05.png,coat
i_e04-022-00-05.png,of
i_a04-027-00-09.png,de
i_c03-016e-06-00.png,first
i_e04-004-02-05.png,to
i_a04-096-08-03.png,retaliate
i_b01-132-04-03.png,It
i_a03-080-05-01.png,capsule
i_d05-030-02-06.png,was
i_c03-081d-05-03.png,However
i_a01-117u-10-02.png,had
i_c04-000-03-05.png,limelight
i_b04-195-04-04.png,It
i_e04-119-03-09.png,the
i_c03-096e-04-04.png,them
i_b04-026-00-03.png,is
i_c01-066-06-00.png,behaviour
i_c06-100-05-07.png,all
i_e01-107-03-07.png,the
i_a03-040-01-00.png,a
i_a03-073-00-07.png,of
i_a02-020-03-01.png,man
i_a01-020x-07-05.png,a
i_c03-021c-00-01.png,Fanny
i_c03-081e-02-04.png,would
i_b03-104-02-05.png,This
i_d06-086-04-02.png,of
i_a01-000x-02-01.png,of
i_a01-011u-05-07.png,violently
i_a04-035-09-07.png,for
i_a05-017-06-00.png,not
i_c04-139-06-04.png,(
i_e04-038-02-07.png,any
i_c03-096c-04-05.png,that
i_a06-064-06-01.png,such
i_a04-085-05-02.png,morning
i_b01-018-05-06.png,a
i_c04-023-04-08.png,crippled
i_b01-127-02-08.png,But
i_b06-082-00-07.png,no
i_a02-111-05-00.png,Government
i_d01-024-03-06.png,leave
i_c03-084d-01-03.png,full
i_a02-032-04-01.png,the
i_c03-007b-05-00.png,head-stones
i_e02-086-01-02.png,we
i_a06-124-00-01.png,big
i_a06-064-05-06.png,other
i_c03-081c-01-00.png,error
i_c01-014-09-06.png,executed
i_c06-000-04-03.png,to
i_b05-067-00-08.png,fact
i_a05-073-02-06.png,betrayal
i_b06-110-00-06.png,he
i_e02-094-09-06.png,inaccurate
i_d06-027-00-06.png,who
i_b06-093-00-00.png,This
i_d01-080-06-01.png,markings
i_a06-014-08-00.png,of
i_a03-037-06-00.png,Maritimes
i_b05-042-02-06.png,job
i_b01-009-06-01.png,would
i_a03-063-02-09.png,a
i_e01-055-04-03.png,pieces
i_a05-004-00-08.png,is
i_d05-021-01-06.png,Black
i_d01-118-01-01.png,be
i_e01-050-00-01.png,the
i_a01-038-03-04.png,were
i_a01-049u-03-00.png,Washington
i_a01-122u-01-06.png,people
i_e01-102-01-06.png,finer
i_c04-128-06-04.png,by
i_e01-062-01-07.png,edgings
i_c03-084c-05-00.png,was
i_a02-027-01-02.png,paralysed
i_c04-139-05-04.png,Roy
i_d06-107-07-03.png,routine
i_a01-087u-01-00.png,led
i_a05-089-03-03.png,the
i_e06-049-06-04.png,the
i_c03-084e-00-00.png,Mr.
i_a01-113-08-02.png,war
i_a01-077u-06-03.png,was
i_d04-131-01-12.png,the
i_d01-056-06-00.png,forms
i_c03-016e-08-07.png,Fanny
i_e04-091-00-03.png,morticed
i_a04-069-07-00.png,in
i_b05-074-08-02.png,like
i_d06-011-06-01.png,is
i_e01-055-01-02.png,over-embellished
i_a01-011u-09-04.png,policy
i_a04-047-00-03.png,congress
i_e01-055-08-06.png,variety
i_e06-026-07-03.png,an
i_a01-003u-10-03.png,to
i_d04-089-03-07.png,most
i_a01-003-07-07.png,abolished
i_b03-098-01-01.png,to
i_e04-079-02-03.png,If
i_a03-040-03-02.png,ahead
i_b04-116-02-09.png,policy
i_c03-003f-08-01.png,failed
i_b05-074-02-08.png,France
i_b04-000-03-04.png,of
i_b05-042-04-05.png,no
i_d01-085-02-02.png,the
i_a05-009-00-05.png,with
i_c02-017-06-07.png,Sea
i_e06-010-06-06.png,where
i_c03-084b-03-02.png,Last
i_c03-081b-08-00.png,sergeant
i_b04-121-04-01.png,the
i_c03-081e-09-05.png,restrained
i_a02-008-02-06.png,of
i_b02-105-01-03.png,take
i_d06-072-08-03.png,the
i_d04-028-00-09.png,wall
i_c03-087a-00-00.png,It
i_a01-049-00-00.png,Senator
i_c04-105-00-04.png,vocal
i_a05-029-04-07.png,a
i_e01-050-05-06.png,lace
i_a06-044-01-04.png,It
i_a01-049u-07-02.png,met
i_b04-075-00-04.png,outside
i_a05-048-08-04.png,whether
i_c04-139-06-01.png,Rhodesia
i_a06-020-03-02.png,years
i_c04-144-07-06.png,a
i_a04-003-03-09.png,made
i_c03-094e-09-04.png,gaudy
i_a03-023-07-00.png,The
i_b03-087-04-02.png,an
i_b06-036-00-08.png,must
i_c03-084d-05-00.png,television
i_b02-045-03-02.png,that
i_e04-058-05-03.png,Douglas
i_c04-017-05-09.png,of
i_a03-011-05-02.png,various
i_c03-003e-08-05.png,city
i_b04-034-01-05.png,ahead
i_b04-066-01-04.png,pick
i_d01-098-04-00.png,this
i_c03-094a-00-07.png,always
i_e06-010-02-03.png,to
i_a01-014x-04-03.png,in
i_c06-138-03-02.png,case
i_c03-096c-02-01.png,to
i_b05-042-02-00.png,instructions
i_d06-000-01-02.png,telling
i_b05-042-06-03.png,quickly
i_a02-053-03-02.png,POLICE
i_c03-096b-03-00.png,by
i_b04-169-03-06.png,a
i_c03-096d-06-06.png,of
i_c06-031-03-04.png,Army
i_c03-087b-05-07.png,or
i_d07-100-00-02.png,text
i_b04-010-02-03.png,wars
i_c04-139-05-09.png,the
i_d01-104-06-11.png,the
i_d07-100-03-04.png,because
i_a04-096-04-06.png,the
i_d01-060-08-05.png,this
i_a05-121-04-04.png,protest
i_c04-089-02-15.png,as
i_e01-025-07-03.png,modern
i_c02-089-00-00.png,With
i_d04-005-02-06.png,that
i_b05-062-02-04.png,his
i_a06-157-03-08.png,to
i_a06-039-04-00.png,Marshal
i_b06-059-06-04.png,fact
i_d04-131-05-01.png,Matzos
i_c03-021d-04-06.png,mother
i_b04-134-03-04.png,devoted
i_b06-068-04-05.png,attempt
i_c03-081d-03-06.png,she
i_c02-089-06-02.png,Lynne
i_d01-052-01-05.png,modern
i_d06-015-01-11.png,a
i_e01-081-05-04.png,attached
i_a01-053u-02-06.png,Mr.
i_e01-022-04-00.png,robe
i_a04-006-08-04.png,special
i_a03-009-06-01.png,would
i_b06-071-02-02.png,or
i_e04-008-00-03.png,are
i_c03-096c-02-00.png,driven
i_c03-096c-03-00.png,of
i_c03-096c-05-01.png,us
i_b04-026-00-00.png,The
i_a03-030-09-01.png,of
i_d01-016-00-08.png,from
i_a01-020u-03-00.png,his
i_b03-092-04-11.png,AIR
i_a04-010-05-06.png,Washington
i_e01-081-00-08.png,required
i_d07-082-00-08.png,proof
i_d04-050-00-08.png,physical
i_c02-022-04-04.png,reopening
i_e01-032-08-08.png,well-loved
i_e06-010-05-06.png,coincides
i_a04-019-06-03.png,necessity
i_d01-060-07-06.png,of
i_a01-091-09-03.png,the
i_a06-025-04-00.png,disband
i_b04-054-05-09.png,Makarios
i_c04-144-07-00.png,man
i_e06-049-03-02.png,suggest
i_b04-040-02-04.png,them
i_a05-048-10-01.png,Army
i_a01-113-06-05.png,that
i_c03-000c-00-03.png,of
i_b02-045-01-08.png,in
i_d04-101-01-03.png,Torah
i_b04-147-06-04.png,board
i_e06-070-03-05.png,would
i_d01-019-03-13.png,disorder
i_e04-043-01-04.png,which
i_b06-079-05-07.png,can-
i_a06-152-09-01.png,the
i_a04-010-01-07.png,the
i_c02-017-03-01.png,night
i_c01-014-07-03.png,the
i_c03-016c-06-01.png,it
i_c04-035-01-01.png,Ian
i_a04-069-05-02.png,agreement
i_c04-134-03-10.png,revolves
i_e04-086-00-00.png,The
i_a04-066-05-02.png,shift
i_a05-013-07-01.png,out
i_a01-026-08-04.png,week-end
i_d06-003-00-00.png,Even
i_a04-035-01-00.png,meeting
i_d06-020-08-03.png,the
i_e07-003-02-06.png,concern
i_a01-003u-10-06.png,up
i_c06-106-01-04.png,for
i_a06-114-09-00.png,all-time
i_e06-006-07-00.png,grounds
i_e06-037-01-03.png,from
i_b06-019-09-01.png,troops
i_a06-095-10-01.png,said
i_c03-007f-01-04.png,the
i_b04-169-04-02.png,Bank
i_e06-021-05-04.png,who
i_d06-050-03-05.png,with
i_a01-128u-10-05.png,per
i_d06-046-08-02.png,no
i_e04-022-05-03.png,hardboard
i_e02-018-00-04.png,gauge
i_c03-096e-05-06.png,that
i_a05-116-01-07.png,most
i_b04-047-01-12.png,a
i_b04-195-06-04.png,and
i_a02-106-02-01.png,Secretary
i_b04-195-02-02.png,the
i_b06-079-01-05.png,as
i_d01-016-01-06.png,by
i_d04-008-04-03.png,used
i_a04-099-08-04.png,contrary
i_a04-054-05-00.png,This
i_b01-122-06-09.png,the
i_e04-004-00-06.png,frames
i_a06-134-02-11.png,absence
i_d06-015-03-10.png,see
i_d06-060-00-06.png,that
i_a04-019-03-04.png,Particular
i_b01-073-10-02.png,it
i_a04-085-09-03.png,Russell
i_a06-134-07-02.png,arms
i_a01-003x-05-04.png,forward
i_e04-004-06-04.png,required
i_a04-019-05-10.png,was
i_e07-012-05-05.png,1/2-in.-long
i_a03-063-02-01.png,tomorrow
i_c03-081b-01-01.png,error
i_a01-038-01-06.png,talks
i_d04-131-03-08.png,?
i_b05-038-08-00.png,recordings
i_b02-045-07-00.png,to
i_d01-019-02-07.png,result
i_c03-094d-04-04.png,events
i_b04-004-09-05.png,air
i_b05-032-00-07.png,had
i_e04-038-01-13.png,well
i_c04-066-03-06.png,fed
i_c03-016c-01-00.png,intense
i_a01-053u-09-03.png,by
i_e01-059-03-02.png,and
i_a01-030u-00-06.png,the
i_c04-170-02-04.png,criticisms
i_a01-003x-08-00.png,appear
i_e06-053-00-03.png,swimming
i_b01-122-07-02.png,still
i_a04-081-06-04.png,argued
i_c03-096e-04-06.png,One
i_a01-132-05-00.png,claimed
i_e02-074-06-03.png,is
i_a05-053-09-05.png,a
i_b05-098-08-00.png,come
i_a05-104-05-08.png,not
i_c04-000-04-05.png,him
i_c03-021f-08-04.png,and
i_a05-044-01-06.png,in
i_a02-004-08-01.png,the
i_a04-015-04-03.png,the
i_a01-128u-03-06.png,to
i_a01-049u-03-03.png,that
i_d06-056-06-03.png,unable
i_e01-119-04-07.png,around
i_b04-089-02-05.png,in
i_b06-019-04-04.png,A
i_a03-066-02-01.png,Government
i_d01-019-05-16.png,order
i_d01-016-02-02.png,to
i_a06-070-06-02.png,British
i_a06-039-05-04.png,Pact
i_b02-105-03-04.png,a
i_e01-035-00-02.png,the
i_a06-008-05-08.png,While
i_d04-053-05-05.png,course
i_d07-096-04-08.png,action
i_b05-088-03-08.png,I
i_c03-087d-01-01.png,treatments
i_c02-022-07-00.png,night
i_a01-117-08-05.png,risen
i_e01-018-05-01.png,bill
i_a03-034-03-09.png,and
i_d06-008-08-05.png,can
i_d04-047-00-00.png,Under
i_c02-017-07-04.png,have
i_a01-053x-06-06.png,Senator
i_a02-098-03-01.png,that
i_a04-081-05-00.png,meet
i_d04-012-01-01.png,name
i_a01-030u-08-04.png,Roy
i_b06-023-01-00.png,Starfighters
i_e07-072-08-01.png,real
i_c03-081d-04-01.png,flawed
i_d03-117-01-04.png,question
i_a06-008-02-09.png,legislate
i_b05-055-01-01.png,a
i_a03-011-03-08.png,between
i_d01-019-00-12.png,problems
i_c04-004-04-06.png,a
i_c03-096c-06-04.png,oddly
i_a04-066-01-01.png,was
i_c02-082-09-06.png,slow
i_a01-053x-03-00.png,to
i_a04-027-03-02.png,with
i_e07-007-01-08.png,Lady-
i_e02-025-04-01.png,case
i_a05-089-04-00.png,of
i_a01-026-05-06.png,Dominion
i_c03-094e-02-05.png,James
i_a04-072-04-04.png,the
i_c03-021e-08-00.png,panionship
i_b02-035-09-00.png,much
i_c04-066-01-01.png,have
i_d06-056-03-05.png,to
i_c06-058-04-02.png,a
i_d06-082-01-06.png,course
i_a02-072-00-03.png,not
i_a03-027-07-02.png,delegates
i_a06-008-01-07.png,such
i_a01-003-04-02.png,Government
i_b05-042-02-03.png,to
i_e06-021-00-02.png,arrival
i_d05-030-00-03.png,Charles
i_e06-003-00-05.png,herring
i_d01-118-00-01.png,these
i_a02-057-02-02.png,on
i_c03-084b-03-04.png,play
i_a06-057-01-01.png,sit
i_d05-008-00-06.png,1
i_c03-016b-07-06.png,case
i_d06-020-07-01.png,something
i_a01-007-03-03.png,of
i_a01-132x-06-01.png,welfare
i_c03-084a-02-02.png,writing
i_c03-007c-06-06.png,memory
i_b06-093-01-01.png,the
i_b06-000-05-00.png,Later
i_a04-027-00-01.png,Nato
i_b06-059-02-03.png,of
i_a05-022-04-05.png,Mr.
i_b04-096-01-08.png,The
i_a04-059-04-04.png,did
i_c03-003f-02-06.png,the
i_b01-057-04-06.png,carried
i_c03-021d-04-08.png,who
i_a05-113-04-04.png,be
i_a06-057-03-12.png,It
i_a02-106-03-00.png,Uganda
i_a01-043-07-05.png,to
i_a05-053-08-04.png,Government
i_c04-116-02-21.png,wrote
i_a06-095-02-04.png,in
i_b06-075-04-03.png,unto
i_b06-019-05-02.png,the
i_b04-004-09-04.png,terrible
i_c04-105-05-06.png,big
i_a01-026u-01-05.png,night
i_b04-128-05-10.png,back
i_a01-132-03-03.png,to
i_c06-111-03-08.png,the
i_c04-023-00-07.png,film
i_a01-113u-00-00.png,He
i_d07-082-03-06.png,that
i_a01-026u-09-06.png,at
i_b04-195-00-02.png,be
i_a06-070-04-06.png,Commonwealth
i_c06-095-02-03.png,of
i_d06-060-02-07.png,or
i_e04-004-00-00.png,Start
i_b01-057-07-03.png,millenium
i_b06-093-00-05.png,to
i_a02-124-04-01.png,area
i_d06-008-02-00.png,unable
i_c02-026-02-05.png,the
i_a02-017-02-08.png,R.
i_d05-030-01-05.png,figure
i_a05-048-00-06.png,p.m.
i_a01-030-06-07.png,delay
i_a01-117u-04-07.png,Then
i_c03-021c-01-05.png,is
i_d03-112-00-07.png,the
i_c06-027-06-01.png,was
i_a04-019-06-00.png,agreement
i_a01-113-03-00.png,wretched
i_c03-081c-08-03.png,and
i_c03-096e-00-03.png,actions
i_a02-093-06-07.png,to
i_b06-097-01-04.png,15-year-olds
i_a04-054-03-01.png,far
i_b05-017-04-07.png,from
i_d01-118-02-07.png,written
i_a02-124-05-00.png,and
i_a06-025-02-03.png,set
i_e02-082-06-07.png,men
i_a05-113-00-00.png,True
i_a03-059-07-02.png,foreign
i_a03-030-08-03.png,Prime
i_e06-070-00-05.png,little
i_c06-031-03-06.png,Gagarin
i_e07-012-06-07.png,on
i_a01-049-08-06.png,a
i_d04-089-01-06.png,knowledge
i_c03-096e-03-04.png,of
i_c03-087f-06-00.png,or
i_a05-058-08-00.png,made
i_c06-095-00-06.png,into
i_a06-114-02-02.png,a
i_a06-119-08-02.png,at
i_d06-082-04-02.png,little
i_e01-092-06-01.png,work
i_b06-012-03-01.png,argument
i_b06-068-03-04.png,West
i_b06-049-07-01.png,of
i_e01-081-04-02.png,linen
i_a02-032-02-07.png,now
i_e04-058-02-09.png,the
i_e06-000-06-04.png,the
i_e04-043-04-03.png,8
i_d01-060-00-02.png,sight
i_e02-074-01-04.png,Wood
i_b01-073-01-00.png,Government
i_e01-086-02-04.png,the
i_b02-045-00-06.png,February
i_a02-102-03-00.png,foot
i_a01-113-00-01.png,told
i_b02-035-10-00.png,it
i_a05-025-04-04.png,the
i_a05-099-03-07.png,pet
i_d06-107-06-04.png,not
i_d06-072-04-04.png,easy
i_c04-080-01-02.png,it
i_b05-032-09-02.png,improving
i_a04-015-03-07.png,once
i_a04-072-09-03.png,common
i_a05-073-02-08.png,Germany
i_b06-045-07-02.png,and
i_a01-087u-04-05.png,by
i_d05-025-07-07.png,the
i_e02-025-08-03.png,upper
i_b06-110-05-00.png,the
i_a01-038-05-02.png,on
i_b06-087-04-03.png,when
i_a06-036-07-06.png,to
i_a06-008-05-04.png,you
i_b04-147-03-04.png,smooth
i_a02-050-01-03.png,from
i_b05-017-00-00.png,Nobody
i_a01-113-02-00.png,would
i_d04-071-02-05.png,be
i_b04-116-07-06.png,power
i_e04-095-06-08.png,fit
i_a02-120-04-01.png,discussed
i_b06-056-04-03.png,the
i_b03-114-00-02.png,case
i_c03-016e-06-01.png,time
i_a05-094-02-07.png,Schooldays
i_c04-089-02-09.png,And
i_a03-011-01-07.png,problems
i_e02-000-03-02.png,to
i_d04-089-05-01.png,the
i_c03-007b-06-04.png,are
i_d07-085-05-01.png,Joshua
i_a01-122u-03-08.png,a
i_e02-082-02-08.png,that
i_a01-096u-08-06.png,and
i_e04-132-01-06.png,wall
i_a01-082u-02-00.png,Presidential
i_d01-016-00-02.png,said
i_a02-024-05-07.png,shop
i_a04-047-04-01.png,resentment
i_c03-081b-01-04.png,Irene
i_a03-006-03-02.png,particularly
i_c03-007-04-05.png,rubbish
i_a02-106-00-06.png,rulers
i_a05-004-05-01.png,operations
i_e04-008-01-08.png,ensure
i_c03-003d-01-02.png,terms
i_e01-107-04-02.png,to
i_a04-003-00-02.png,during
i_c02-078-04-04.png,seemed
i_d06-011-06-03.png,merely
i_d04-075-03-05.png,the
i_e06-033-00-01.png,fishermen
i_e06-006-08-02.png,Klondykes
i_a05-089-10-06.png,the
i_e06-015-08-00.png,miles
i_a03-047-02-03.png,spellbinder
i_c03-000f-07-04.png,are
i_d07-100-02-01.png,part
i_d04-053-03-08.png,will
i_a06-064-07-00.png,evidence
i_b05-071-00-02.png,the
i_e01-055-06-08.png,was
i_a05-125-02-01.png,of
i_b01-014-00-02.png,that
i_a05-089-06-08.png,and
i_a06-090-07-07.png,hidden
i_c02-003-05-02.png,actor
i_c03-087a-00-05.png,some
i_c01-014-09-05.png,successfully
i_d01-080-04-03.png,omitted
i_c03-087b-01-01.png,of
i_e01-102-01-08.png,threads
i_a06-036-07-01.png,a
i_c04-075-05-06.png,did
i_e02-086-09-00.png,made
i_c03-000d-05-01.png,the
i_d06-111-00-02.png,not
i_e04-068-03-03.png,a
i_a01-049x-08-02.png,later
i_e04-026-03-07.png,legs
i_d07-102-04-08.png,place
i_b06-090-05-01.png,the
i_a01-063u-07-01.png,to
i_c04-105-01-03.png,who
i_e02-100-00-01.png,tools
i_c06-076-05-00.png,clear
i_a04-050-02-05.png,be
i_a06-025-00-01.png,other
i_a06-008-04-03.png,Budget
i_a03-014-07-03.png,considering
i_a06-004-06-08.png,on
i_e06-006-03-05.png,in
i_b04-128-04-02.png,this
i_a03-017-07-00.png,into
i_e01-062-04-01.png,is
i_c04-116-01-06.png,Evans
i_a03-066-03-04.png,while
i_c03-081c-00-04.png,has
i_a01-068u-01-06.png,357million
i_a01-026x-09-04.png,talks
i_b06-087-02-04.png,Scottish
i_d06-096-02-05.png,find
i_e01-107-03-00.png,specified
i_d04-028-05-00.png,filled
i_c03-096f-02-00.png,rest
i_b04-060-06-05.png,week
i_a01-030-04-04.png,final
i_b01-122-08-03.png,isolated
i_a01-063u-01-00.png,level
i_d06-060-01-01.png,this
i_d05-030-02-00.png,led
i_d07-089-07-00.png,because
i_a02-004-02-04.png,rely
i_e04-083-01-03.png,sides
i_e06-003-04-03.png,related
i_b01-053-02-01.png,in
i_d04-028-02-07.png,roof
i_b01-000-00-05.png,speaks
i_b06-023-07-07.png,provided
i_e04-109-00-02.png,by
i_a01-102-01-04.png,my
i_a04-099-07-04.png,strength
i_a03-034-03-06.png,to
i_a01-014x-05-07.png,are
i_a01-107u-00-02.png,believe
i_b06-110-03-05.png,received
i_e04-091-01-02.png,transom
i_a01-053u-04-00.png,saying
i_d05-025-06-03.png,to
i_a04-043-02-00.png,implication
i_a04-006-05-07.png,Mr.
i_c03-007b-07-01.png,story
i_e01-086-02-05.png,button
i_a01-063u-08-04.png,this
i_a06-090-05-02.png,Tory
i_b01-018-00-02.png,is
i_a05-000-01-03.png,March
i_e01-050-07-01.png,abused
i_a01-122-07-06.png,be
i_b06-027-09-04.png,autumn
i_b06-090-05-03.png,will
i_c04-013-02-07.png,to
i_e04-119-04-08.png,height
i_a06-036-00-05.png,for
i_d06-076-05-03.png,to
i_c04-128-00-14.png,he
i_c04-165-06-06.png,of
i_b04-107-04-03.png,Mr.
i_a05-089-07-00.png,obscure
i_e04-099-02-03.png,to
i_d01-118-03-06.png,Rolls
i_a04-000-04-00.png,three
i_e06-041-03-01.png,through
i_a02-111-02-05.png,transmitted
i_d07-096-06-01.png,appears
i_d06-091-09-04.png,do
i_a01-122-07-08.png,on
i_d04-021-06-12.png,And
i_b01-057-08-00.png,would
i_c03-003b-05-05.png,has
i_e06-053-08-02.png,over
i_a03-050-04-06.png,to
i_d06-100-00-02.png,is
i_e01-018-07-03.png,but
i_a01-053x-03-02.png,Robertson
i_d06-027-04-09.png,are
i_d04-028-05-02.png,the
i_b04-004-06-00.png,said
i_b01-033-00-03.png,and
i_b03-087-01-02.png,signed
i_a02-046-02-05.png,Stores
i_b04-154-04-04.png,woolly
i_a01-007u-09-00.png,the
i_c04-066-00-03.png,get
i_e01-107-06-02.png,each
i_e01-022-01-00.png,possess
i_c03-094d-01-03.png,Miss
i_c03-021c-07-02.png,and
i_a01-087-04-06.png,Labour
i_a04-092-03-08.png,pre-
i_d04-037-03-04.png,to
i_b05-062-04-05.png,I
i_c02-035-01-07.png,is
i_c03-000a-01-06.png,at
i_d07-100-06-06.png,was
i_c04-004-05-02.png,Anna
i_e06-033-01-06.png,when
i_c04-110-01-14.png,changes
i_a05-053-03-00.png,if
i_a04-027-01-10.png,Mr.
i_b02-097-00-06.png,New
i_a01-077u-01-08.png,spot
i_d06-025-04-05.png,God
i_a01-087u-06-00.png,with
i_b06-023-01-06.png,growing
i_c03-087e-06-00.png,the
i_c03-084c-05-06.png,unfamiliar
i_a01-030-03-04.png,an
i_a04-006-04-06.png,Mr.
i_c02-022-03-03.png,night
i_a02-008-04-02.png,London
i_d06-096-07-00.png,amount
i_b05-083-03-05.png,as
i_a01-043u-02-03.png,of
i_a02-093-01-05.png,Northern
i_d04-096-03-08.png,and
i_a05-073-05-01.png,that
i_d06-096-06-05.png,it
i_e02-117-02-00.png,Providing
i_a02-072-02-04.png,of
i_b05-098-07-00.png,upbringing
i_c04-008-01-06.png,Marilyn
i_c03-081e-00-05.png,committed
i_e06-033-09-00.png,in
i_a01-020-01-02.png,despite
i_a02-072-06-04.png,Watford
i_e04-114-05-10.png,for
i_b06-008-08-04.png,in
i_a03-050-07-00.png,television
i_a03-009-03-00.png,inter-African
i_c04-028-04-09.png,Sidney
i_a01-117u-05-00.png,Mr.
i_a03-037-06-06.png,Brunswick
i_b01-044-04-04.png,much
i_e04-019-05-05.png,and
i_a01-011-00-06.png,National
i_b01-009-01-05.png,must
i_b05-017-01-08.png,his
i_e01-050-06-06.png,craft
i_b05-088-02-00.png,their
i_a04-089-01-05.png,that
i_a01-007u-09-02.png,Premier
i_e01-102-05-06.png,Crochet
i_a06-020-03-15.png,retire
i_a04-059-03-00.png,in
i_d06-082-01-10.png,we
i_b04-162-03-08.png,Africans
i_c06-076-00-05.png,that
i_a01-020x-05-06.png,delegates
i_c01-066-01-05.png,outmatched
i_e06-026-02-06.png,by
i_e01-059-02-06.png,very
i_c03-094f-09-04.png,gaudy
i_c06-020-02-03.png,cultural
i_b01-122-00-06.png,with
i_a01-102-07-03.png,but
i_a05-004-05-03.png,This
i_b05-062-04-08.png,other
i_e04-068-03-05.png,gunwale
i_a03-037-07-01.png,Kings
i_e04-091-00-02.png,are
i_d07-102-03-10.png,Ramah
i_a05-009-01-00.png,Ministers
i_a01-020-04-07.png,overall
i_b04-004-06-03.png,could
i_d06-091-03-03.png,curriculum
i_c06-005-02-10.png,few
i_c04-144-06-01.png,on
i_c04-056-06-06.png,the
i_a05-058-06-04.png,view
i_e02-100-05-03.png,the
i_a06-004-03-03.png,to
i_c02-078-02-03.png,cinematic
i_d06-096-03-05.png,inevitable
i_b06-032-02-04.png,the
i_e02-086-06-06.png,dictate
i_a04-092-02-06.png,suggested
i_b04-134-05-00.png,too
i_c03-081b-07-01.png,longest
i_b01-136-01-01.png,able
i_c04-122-07-05.png,production
i_c03-016b-01-07.png,girl
i_e04-011-00-00.png,See
i_e04-004-04-00.png,will
i_c06-011-03-00.png,The
i_d04-101-02-08.png,dipping-in
i_a01-082u-05-04.png,President
i_e01-025-07-01.png,itself
i_a01-117-06-03.png,out
i_d01-098-05-02.png,a
i_a03-080-03-04.png,already
i_b03-087-02-09.png,doubtful
i_a02-124-00-00.png,Measures
i_e06-037-04-03.png,the
i_d01-016-02-06.png,for
i_c03-007b-03-05.png,public
i_c02-035-02-03.png,1944
i_a01-043u-06-02.png,New
i_e06-006-04-07.png,to
i_a04-096-04-01.png,any
i_e02-094-07-04.png,cheap
i_c01-066-06-02.png,a
i_a04-019-02-09.png,at
i_a04-000-00-04.png,pressure
i_d06-104-01-05.png,the
i_c02-056-02-03.png,Most
i_c06-106-00-04.png,knock-out
i_a01-026u-08-04.png,of
i_b04-162-05-00.png,months
i_c03-021d-07-04.png,of
i_c03-096a-03-03.png,spite
i_d04-037-04-08.png,all
i_a05-108-05-06.png,Gaitskell
i_a01-026-03-01.png,Northern
i_b05-083-00-06.png,not
i_a04-003-03-02.png,Paris
i_a01-038x-00-01.png,Macleod
i_d01-104-07-04.png,down
i_a02-098-07-01.png,moderates
i_a02-027-03-06.png,the
i_b04-020-02-07.png,such
i_d04-131-03-06.png,of
i_d05-021-01-03.png,which
i_b05-038-03-08.png,been
i_c04-061-04-00.png,it
i_a01-014x-05-03.png,fall
i_b04-134-01-01.png,tomorrow
i_a06-039-09-03.png,the
i_e02-086-01-10.png,Probably
i_b06-023-01-04.png,Americans
i_d06-072-05-04.png,life
i_c06-091-03-04.png,I
i_a02-078-08-07.png,told
i_e01-050-04-05.png,elaborate
i_c06-000-04-04.png,church
i_b01-053-02-02.png,giving
i_b04-010-00-03.png,for
i_d01-060-04-04.png,and
i_d01-104-07-07.png,much
i_b04-107-01-05.png,ago
i_b06-087-08-08.png,of
i_c04-156-05-01.png,naval
i_a06-000-06-00.png,to
i_d06-104-04-03.png,six
i_a01-077u-03-02.png,Washington
i_d01-016-00-00.png,The
i_b03-092-01-07.png,a
i_b06-079-05-05.png,that
i_b01-000-02-02.png,of
i_d07-100-03-08.png,all
i_d04-131-05-08.png,of
i_d04-101-02-06.png,(
i_a01-014x-08-00.png,his
i_b06-097-02-00.png,in
i_e01-092-03-05.png,loses
i_e02-094-09-04.png,may
i_e02-074-01-06.png,in
i_a05-029-04-03.png,would
i_a05-084-07-00.png,Throughout
i_b04-208-00-04.png,this
i_e01-092-03-02.png,beautifully
i_a01-011u-07-03.png,Rhodesia
i_c03-007a-01-08.png,England
i_d06-082-00-11.png,time
i_b01-027-07-00.png,performances
i_a01-026x-09-03.png,for
i_a06-119-08-03.png,the
i_a01-020x-00-03.png,on
i_c04-023-02-04.png,heroine
i_c02-089-05-04.png,a
i_a01-020u-08-00.png,to
i_d05-030-04-06.png,Romanizer
i_e02-014-01-06.png,to
i_d01-098-03-06.png,ample
i_b05-062-03-07.png,the
i_a05-039-08-00.png,increased
i_a04-081-09-06.png,along
i_c03-096b-02-02.png,one
i_e01-062-03-09.png,and
i_a01-063-10-00.png,anyway
i_c03-021a-02-01.png,from
i_b04-000-01-04.png,of
i_a03-043-07-03.png,national
i_c03-003e-02-03.png,again
i_b02-097-07-02.png,out
i_a01-117u-08-05.png,ruthless
i_b06-064-09-03.png,and
i_c03-007f-00-01.png,A
i_d06-046-06-08.png,who
i_d06-111-05-11.png,the
i_b01-127-06-00.png,policy
i_e01-018-03-06.png,broad
i_c06-020-04-03.png,And
i_d03-112-01-09.png,8.11
i_b06-100-04-00.png,young
i_e04-043-04-08.png,She
i_d04-081-08-01.png,the
i_a01-000u-04-06.png,subject
i_a02-093-07-07.png,maintained
i_a02-032-05-06.png,immediate
i_a01-113u-00-07.png,social
i_a01-117-02-00.png,as
i_d06-046-01-05.png,are
i_c02-056-06-04.png,1914
i_e07-061-02-05.png,the
i_c03-087d-04-00.png,and
i_d06-091-00-03.png,some
i_c06-052-04-07.png,in
i_a03-071-05-03.png,constitute
i_d06-111-04-08.png,other
i_a01-007x-00-07.png,and
i_d04-047-04-02.png,Tanis
i_c03-096e-05-04.png,to
i_c03-094d-10-01.png,suitably
i_b05-062-05-00.png,said
i_c03-016c-06-05.png,clumsily
i_c03-096a-06-00.png,that
i_a04-027-05-09.png,political
i_b04-107-04-05.png,Macleod
i_b05-042-05-07.png,be
i_a05-099-01-00.png,brought
i_c04-056-03-06.png,lost
i_a02-086-01-06.png,is
i_a01-058x-07-07.png,personal
i_d04-089-07-05.png,us
i_d06-025-06-01.png,plan
i_a05-080-03-00.png,by
i_d04-037-02-07.png,command
i_a02-124-02-00.png,and
i_e06-021-05-03.png,thousands
i_a05-089-06-05.png,as
i_a04-003-04-02.png,he
i_c03-003d-04-01.png,to
i_a01-091-06-03.png,them
i_e07-066-03-02.png,a
i_b06-042-06-06.png,president
i_c04-061-05-00.png,humour
i_c04-170-00-01.png,Delaney
i_b06-087-00-01.png,is
i_a01-068u-05-06.png,Adenauer
i_a01-102u-04-05.png,edifice
i_a02-053-05-00.png,disarming
i_c02-049-08-02.png,jokes
i_d01-056-07-05.png,(
i_c03-021d-02-04.png,yet
i_e04-103-03-02.png,frame
i_d04-071-04-02.png,swear
i_b01-033-05-01.png,her
i_e06-070-00-00.png,Actually
i_e07-061-00-04.png,sent
i_a01-000x-01-05.png,is
i_b05-038-00-01.png,the
i_c04-075-05-01.png,piano
i_e04-011-01-07.png,of
i_a04-035-08-06.png,barriers
i_d06-000-04-05.png,whatever
i_a04-085-02-07.png,he
i_c06-087-03-00.png,inevitably
i_a05-084-02-01.png,about
i_e04-026-04-06.png,Fig.
i_c03-094c-05-07.png,modulate
i_a05-113-07-04.png,tests
i_d04-005-03-01.png,had
i_b03-098-04-06.png,is
i_e04-030-01-04.png,arms
i_e04-109-05-05.png,a
i_c04-013-02-08.png,get
i_c06-100-05-06.png,in
i_a02-057-03-03.png,time
i_c03-096a-04-01.png,which
i_d06-037-05-05.png,largely
i_d04-131-04-00.png,Because
i_c06-058-04-08.png,a
i_e04-083-02-02.png,to
i_c03-094a-05-04.png,grotesque
i_a02-078-01-07.png,Kenneth
i_c06-111-01-06.png,get
i_e06-026-05-01.png,fishings
i_c02-082-06-04.png,and
i_e06-006-09-02.png,edge
i_c03-021c-06-02.png,room
i_a01-128-05-01.png,basic
i_b01-004-05-04.png,lie
i_b01-094-01-07.png,for
i_b01-136-04-01.png,and
i_e07-007-03-04.png,gallon
i_b04-040-04-02.png,in
i_e04-052-01-01.png,place
i_a06-020-00-09.png,to
i_a06-008-01-05.png,passage
i_a01-038x-08-05.png,Government
i_b04-034-03-02.png,to
i_c03-081e-03-00.png,in
i_c03-016e-01-07.png,young
i_d01-024-06-02.png,theories
i_d01-056-08-06.png,the
i_c04-105-05-04.png,gets
i_b04-054-05-04.png,the
i_a06-044-01-11.png,Prime
i_c03-007-03-01.png,wet
i_e04-019-01-02.png,height
i_a06-119-08-04.png,other
i_b04-010-02-01.png,two
i_e01-119-06-06.png,thread
i_a05-094-04-06.png,who
i_e01-032-01-04.png,to
i_b04-047-00-07.png,who
i_b05-088-07-06.png,days
i_c06-076-09-07.png,stunt
i_b04-202-04-00.png,similar
i_b06-075-04-04.png,themselves
i_a01-117u-01-01.png,the
i_a01-122-02-11.png,have
i_d01-118-01-00.png,might
i_c02-017-01-04.png,film
i_b04-010-01-02.png,We
i_e04-099-05-09.png,waste
i_b04-154-02-00.png,shakes
i_e04-124-02-05.png,in
i_a01-132x-07-02.png,still
i_a03-050-06-05.png,lessons
i_a06-095-07-02.png,an
i_c03-021e-02-02.png,estranged
i_a05-094-04-03.png,and
i_c06-116-02-06.png,is
i_e02-091-08-00.png,obvious
i_e04-058-03-08.png,these
i_e06-070-02-05.png,a
i_a04-059-04-05.png,not
i_c06-039-02-10.png,a
i_b06-004-02-07.png,documents
i_d04-089-03-08.png,important
i_a01-113u-07-04.png,started
i_a02-050-01-05.png,travels
i_d04-081-01-05.png,all
i_a01-030-00-02.png,is
i_a03-073-09-04.png,French
i_c03-003b-07-05.png,a
i_e04-132-02-08.png,the
i_c03-094a-05-07.png,were
i_a03-030-00-02.png,ways
i_c03-003e-03-09.png,central
i_a05-048-10-06.png,to
i_e06-033-07-09.png,has
i_b06-056-08-01.png,the
i_c02-000-03-04.png,films
i_d06-041-05-08.png,a
i_e04-019-00-00.png,The
i_b06-056-03-03.png,of
i_a01-077-09-01.png,20
i_b04-162-07-03.png,all
i_b01-073-10-01.png,weaken
i_e01-029-03-04.png,to
i_a01-011-06-10.png,change
i_c06-058-05-06.png,and
i_c04-170-03-07.png,nations
i_d04-032-04-06.png,and
i_d04-032-04-05.png,feelings
i_c04-116-03-07.png,big
i_e07-003-04-02.png,issuing
i_e07-000-04-05.png,as
i_e07-003-04-03.png,bulletins
i_d01-016-02-13.png,the
i_c06-031-04-02.png,biggest
i_a05-022-01-05.png,modern
i_a03-009-06-06.png,extended
i_d04-117-06-08.png,let
i_a01-026u-03-00.png,Northern
i_c03-081d-02-04.png,would
i_a02-008-02-11.png,Australia
i_a01-049u-07-04.png,in
i_c04-023-00-02.png,earned
i_a03-043-06-01.png,Canada
i_b01-000-01-05.png,African
i_b06-049-09-03.png,would
i_b04-195-05-06.png,the
i_e01-081-05-02.png,to
i_a05-080-05-07.png,That
i_c06-106-05-00.png,intelligent
i_a05-025-04-06.png,support
i_c06-116-02-03.png,And
i_a02-082-07-01.png,Province
i_c06-080-05-08.png,has
i_b05-098-05-06.png,felt
i_b04-000-02-07.png,a
i_b02-097-04-04.png,Federal
i_d01-052-00-01.png,Fourth
i_c03-007f-00-03.png,of
i_a03-034-01-05.png,The
i_b04-134-06-02.png,he
i_b05-050-08-01.png,?
i_e04-124-01-02.png,to
i_b04-040-04-07.png,NEWTON
i_b06-008-07-00.png,that
i_a04-072-10-01.png,other
i_a01-007-04-05.png,adequate
i_a02-000-06-04.png,gesture
i_c04-000-04-04.png,to
i_a03-054-09-02.png,is
i_c03-021c-04-01.png,mother
i_c03-000c-01-03.png,Honey
i_d06-011-04-00.png,of
i_d06-011-06-02.png,not
i_d04-075-05-07.png,used
i_c03-003c-03-03.png,and
i_e04-103-03-10.png,If
i_d06-086-04-00.png,the
i_b05-074-09-04.png,to
i_b06-082-02-07.png,also
i_e01-035-07-00.png,up
i_a01-113-04-04.png,that
i_a04-000-01-05.png,join
i_b04-121-03-06.png,And
i_a02-111-04-01.png,meet
i_c03-087d-01-02.png,of
i_c03-094c-01-06.png,wife
i_d07-089-06-03.png,reference
i_a05-048-04-04.png,may
i_b05-074-00-00.png,They
i_a05-125-04-03.png,200
i_a02-106-04-00.png,The
i_a01-117-03-00.png,health
i_c06-058-04-01.png,in
i_e07-012-04-00.png,may
i_b06-032-01-04.png,a
i_a04-089-05-02.png,Holy
i_c02-026-04-05.png,up
i_d06-050-05-07.png,get
i_e04-114-00-00.png,Clean
i_a01-102-08-00.png,quantity
i_c02-007-03-05.png,a
i_c06-128-06-03.png,her
i_c04-150-00-03.png,an
i_e04-086-00-02.png,is
i_c03-000e-05-05.png,advantages
i_c04-156-03-01.png,O
i_b04-154-01-02.png,of
i_a01-043-04-02.png,from
i_a06-090-02-07.png,future
i_a05-108-05-08.png,Mr.
i_c02-049-02-00.png,Jean-Luc
i_a01-102u-05-04.png,to
i_d06-020-04-06.png,us
i_c04-156-06-01.png,The
i_d06-086-00-04.png,life
i_c02-082-07-01.png,Jeanne
i_a03-034-00-02.png,the
i_c03-087e-07-05.png,which
i_a01-058x-00-02.png,is
i_a06-000-01-02.png,speculators
i_c03-000b-04-04.png,script
i_b06-097-04-08.png,descents
i_d05-025-08-00.png,important
i_d01-104-01-00.png,ecclesiastical
i_d05-008-03-05.png,had
i_b06-012-01-00.png,will
i_e06-006-09-00.png,the
i_c04-170-03-01.png,in
i_c03-096a-05-00.png,hopes
i_c04-028-04-02.png,the
i_b01-136-04-09.png,will
i_e06-010-04-06.png,they
i_b04-121-00-01.png,if
i_b06-068-05-05.png,European
i_a05-094-08-00.png,Healey
i_a01-043x-05-02.png,of
i_b06-090-04-07.png,quite
i_e06-030-02-00.png,recent
i_d06-037-06-03.png,Very
i_e04-103-06-01.png,sides
i_d04-053-04-05.png,(
i_c03-087e-00-00.png,It
i_a06-064-05-03.png,There
i_a04-092-10-00.png,to
i_e01-059-06-02.png,collar
i_a01-049-04-02.png,Banking
i_a02-012-04-05.png,UN
i_b05-032-06-06.png,complexities
i_e04-127-01-02.png,nails
i_a02-090-05-04.png,Mau
i_c04-013-05-04.png,he
i_e04-022-01-05.png,chair
i_d06-041-02-02.png,effect
i_c06-106-03-01.png,in
i_a03-054-03-01.png,in
i_a02-012-02-04.png,wide
i_e01-035-07-02.png,the
i_c03-087f-08-01.png,manipulated
i_b04-066-00-00.png,One
i_b01-073-01-01.png,was
i_b06-110-04-06.png,considered
i_a02-116-03-01.png,breach
i_e04-038-03-06.png,otherwise
i_a01-007-07-02.png,to
i_a01-063u-01-04.png,past
i_d04-008-01-04.png,only
i_b01-079-04-02.png,in
i_a02-037-05-06.png,all
i_b05-074-06-04.png,on
i_a05-084-03-03.png,calm
i_a01-113u-06-07.png,ceiling
i_a06-044-01-01.png,added
i_a01-007-01-03.png,created
i_a04-043-06-00.png,Britain
i_c03-003f-05-05.png,vividly
i_a01-072u-04-02.png,it
i_e04-008-01-07.png,to
i_c03-081c-03-01.png,her
i_b05-067-05-03.png,every
i_b01-089-08-00.png,re-established
i_a04-015-06-02.png,and
i_c03-094d-00-06.png,is
i_a02-090-01-01.png,Northern
i_d04-008-04-08.png,this
i_a03-017-06-07.png,the
i_c02-026-00-06.png,give
i_d06-104-02-00.png,Monday
i_d04-047-06-05.png,visionary
i_a01-091-09-06.png,Labour
i_a04-000-00-00.png,PRESIDENT
i_e04-000-04-04.png,Almost
i_c03-094f-09-01.png,lavish
i_a03-023-01-03.png,all
i_a04-054-06-04.png,depot
i_a05-013-01-04.png,remains
i_d06-008-02-05.png,to
i_a01-030x-04-05.png,to
i_b06-093-09-01.png,subsides
i_a04-047-07-03.png,switching
i_b04-162-00-00.png,CONTRAST
i_b06-019-00-01.png,process
i_c04-144-02-10.png,later
i_e07-061-05-05.png,light
i_a02-062-05-06.png,Lady
i_a02-042-05-04.png,cars
i_c03-007d-04-05.png,and
i_c03-000e-05-04.png,great
i_d01-024-04-05.png,book
i_a04-047-01-07.png,said
i_e02-000-02-06.png,varieties
i_a02-090-04-04.png,get
i_c04-056-06-03.png,I
i_c03-084f-04-04.png,of
i_e06-021-06-05.png,not
i_a02-120-08-00.png,Commissioner
i_c03-003b-06-07.png,attempted
i_e06-015-07-00.png,going
i_b03-104-05-03.png,conscious
i_a04-069-00-07.png,the
i_c04-098-04-02.png,Floyd
i_b04-096-01-01.png,income
i_b04-020-02-06.png,have
i_c06-128-08-05.png,told
i_a01-122-02-06.png,icily
i_c06-005-05-02.png,an
i_e02-014-02-00.png,on
i_c06-020-05-03.png,exceedingly
i_a02-042-05-09.png,the
i_b02-045-08-01.png,violence
i_a05-058-07-06.png,be
i_d06-086-03-05.png,that
i_c01-014-05-02.png,musical
i_e06-053-06-05.png,in
i_b01-023-04-05.png,race
i_c06-020-05-04.png,2skint
i_e06-041-07-00.png,have
i_e01-032-04-03.png,petticoat
i_d04-101-03-08.png,the
i_a02-067-01-06.png,disturbing
i_e06-030-09-03.png,of
i_c03-007-05-01.png,canals
i_d05-040-02-10.png,be
i_c04-080-05-03.png,joanna
i_c04-139-06-06.png,p.m.
i_d06-015-02-09.png,Let
i_a01-026u-00-01.png,IAIN
i_b01-027-07-04.png,rhino
i_b05-083-02-03.png,There
i_a03-011-02-09.png,the
i_b04-047-04-05.png,By
i_b01-094-07-02.png,this
i_a02-120-06-02.png,St.
i_d04-125-00-08.png,God
i_a05-125-00-05.png,Ban-the-
i_b05-067-05-08.png,of
i_c04-050-01-06.png,show
i_a03-047-03-01.png,was
i_b04-147-02-08.png,Mr.
i_c03-081c-05-05.png,scenes
i_a02-111-08-02.png,with
i_e06-033-02-09.png,drift
i_a01-132x-01-06.png,made
i_a02-012-00-03.png,composed
i_b06-097-00-00.png,This
i_a04-047-06-00.png,supporters
i_d06-030-02-11.png,and
i_e04-099-05-00.png,the
i_a01-026x-01-05.png,that
i_b04-066-01-00.png,springtime
i_a05-108-02-01.png,Mr.
i_a05-044-10-01.png,are
i_b04-134-05-10.png,a
i_b04-154-06-08.png,who
i_b04-040-01-03.png,quit
i_c06-100-05-01.png,up
i_b05-038-05-07.png,a
i_d06-050-03-06.png,our
i_a03-054-09-03.png,a
i_b01-014-02-01.png,could
i_c04-156-05-04.png,the
i_a02-008-07-00.png,countries
i_c02-003-07-04.png,he
i_d04-121-05-08.png,who
i_a02-102-00-00.png,A
i_c04-004-00-05.png,he
i_a01-007u-02-02.png,still
i_c02-059-06-01.png,when
i_a01-077-06-01.png,in
i_a03-089-00-01.png,is
i_b01-049-05-01.png,the
i_a03-020-00-04.png,of
i_a05-025-09-03.png,is
i_a01-117u-05-02.png,swung
i_a02-046-06-03.png,police
i_b01-079-06-00.png,right
i_c06-106-00-01.png,girl
i_d06-091-06-08.png,the
i_d06-091-00-05.png,will
i_d01-080-02-06.png,where
i_c06-083-03-03.png,an
i_c06-106-01-02.png,Julie
i_b01-094-01-02.png,go
i_c03-021c-00-07.png,by
i_c04-139-03-00.png,V
i_c03-000b-04-02.png,of
i_a05-017-08-05.png,to
i_a03-017-01-08.png,him
i_a04-072-10-00.png,and
i_e04-030-03-05.png,two
i_c06-005-05-03.png,obliging
i_d04-066-06-01.png,through
i_e07-012-04-04.png,one
i_a05-044-04-00.png,Mr.
i_b06-093-00-01.png,should
i_b05-079-03-00.png,invasion
i_a03-023-01-06.png,well
i_a02-067-00-05.png,why
i_c04-061-05-04.png,shaking
i_a05-080-00-05.png,had
i_e06-030-07-06.png,effect
i_a01-102u-03-07.png,Brown
i_a03-073-03-04.png,in
i_c04-080-01-00.png,um-chink
i_c03-016d-01-02.png,in
i_c04-165-03-09.png,and
i_b04-010-02-06.png,are
i_b04-010-04-05.png,language
i_d06-027-04-07.png,the
i_c04-056-02-00.png,The
i_c03-084a-05-06.png,Ferris
i_a03-037-02-05.png,last
i_c03-087f-00-00.png,It
i_b06-008-02-04.png,Watkinson
i_a01-102-08-04.png,have
i_b01-122-06-04.png,he
i_b04-075-01-03.png,the
i_c03-016a-01-04.png,situation
i_e07-003-04-00.png,content
i_c02-026-04-02.png,honesty
i_c03-016c-06-02.png,is
i_a01-026x-00-04.png,the
i_c04-150-04-03.png,and
i_d05-008-06-01.png,was
i_a02-004-07-01.png,negotiations
i_b06-004-04-03.png,Government
i_a01-091-02-05.png,to
i_b02-097-07-05.png,country
i_c03-000f-06-02.png,be
i_b04-162-00-07.png,Rhodesia
i_a05-025-03-00.png,are
i_c03-081a-05-02.png,However
i_c03-003c-04-06.png,bring
i_c03-087a-02-02.png,melodramatic
i_b06-075-09-04.png,for
i_a01-043u-07-01.png,to
i_a01-087-03-05.png,statistical
i_b02-045-06-04.png,appearance
i_c06-011-02-04.png,author
i_a03-043-02-02.png,an
i_b05-032-01-04.png,times
i_a05-121-05-03.png,Collins
i_e02-094-00-06.png,tools
i_a01-049-06-04.png,today
i_c03-094a-09-00.png,suitably
i_d04-021-06-06.png,Ps.
i_e04-019-03-05.png,a
i_e07-000-00-04.png,reached
i_c03-081b-08-02.png,gives
i_d07-102-06-02.png,saying
i_e01-029-05-05.png,how
i_c04-134-03-09.png,hobby
i_e04-043-01-06.png,have
i_a01-020u-05-03.png,majority
i_c03-094e-07-04.png,played
i_c03-084d-03-07.png,the
i_c01-014-08-03.png,caricature
i_a05-089-02-01.png,strictures
i_b04-000-02-06.png,without
i_a01-058u-03-01.png,bluntly
i_c03-003b-04-05.png,film
i_e04-030-06-02.png,as
i_b01-132-08-04.png,indefensible
i_a01-077-08-02.png,come
i_e02-091-01-00.png,with
i_b05-071-02-00.png,who
i_b06-023-03-05.png,attack
i_b01-113-03-03.png,being
i_a05-058-06-05.png,of
i_e06-070-01-09.png,was
i_d01-052-01-02.png,Greek
i_a01-117-01-06.png,it
i_d01-080-07-00.png,impossible
i_b04-202-06-09.png,the
i_a06-152-08-04.png,And
i_a01-072x-03-04.png,is
i_d07-096-04-00.png,accord
i_a04-066-02-03.png,views
i_b04-147-05-06.png,showing
i_c03-016d-03-03.png,promiscuous
i_d01-104-06-07.png,codex
i_d07-096-02-03.png,sugya
i_a01-026x-07-02.png,Roy
i_a01-132x-06-06.png,that
i_d06-091-05-03.png,beforehand
i_a05-048-04-03.png,it
i_a05-048-06-02.png,Minister
i_c03-003b-00-10.png,conceived
i_e04-043-02-06.png,for
i_a05-029-03-03.png,Mr.
i_c04-008-07-00.png,who
i_e04-000-06-07.png,work
i_e04-109-00-03.png,No.
i_d04-028-04-05.png,That
i_b01-053-04-00.png,to
i_a06-114-08-00.png,the
i_b06-090-00-03.png,would
i_b01-023-02-08.png,practical
i_a06-014-01-07.png,bear
i_b04-040-03-01.png,has
i_b05-079-05-05.png,unless
i_d06-111-03-09.png,most
i_a05-025-09-01.png,Francis
i_b01-038-05-01.png,and
i_a05-125-02-02.png,the
i_d07-096-01-03.png,answer
i_b04-047-02-13.png,a
i_e04-043-02-04.png,especially
i_a01-043-07-08.png,is
i_c03-096d-03-07.png,the
i_b04-175-00-00.png,Certainly
i_c03-084d-01-06.png,the
i_e07-000-05-02.png,of
i_d01-019-01-07.png,textual
i_a06-051-03-08.png,Fell
i_b01-057-00-04.png,page
i_c04-044-00-03.png,rob
i_a02-020-03-03.png,troubles
i_d01-016-01-11.png,the
i_d01-104-02-01.png,elder
i_a01-107u-07-04.png,better
i_e04-022-03-08.png,the
i_b05-032-08-04.png,unionist
i_a01-000x-03-00.png,Foot
i_c06-083-01-04.png,well
i_b06-059-08-04.png,can
i_d07-102-00-01.png,Gemara
i_b06-068-02-04.png,the
i_c06-039-00-04.png,was
i_e02-100-04-01.png,put
i_c03-016d-02-03.png,a
i_e04-062-01-08.png,sure
i_d04-028-02-00.png,creak
i_a01-043u-07-06.png,racial
i_a01-020-03-04.png,Liberals
i_a01-020u-03-03.png,to
i_a06-090-03-03.png,lead
i_a02-067-04-05.png,in
i_b03-114-00-00.png,In
i_c01-014-05-03.png,characterisation
i_e04-058-03-05.png,it
i_a03-066-01-05.png,to
i_e07-072-06-04.png,fewer
i_a01-077-06-07.png,he
i_c03-007c-02-06.png,The
i_a01-077-00-04.png,is
i_d01-056-04-04.png,parts
i_b04-004-02-06.png,every
i_e01-032-04-09.png,edge
i_c03-000d-06-00.png,be
i_a05-099-04-05.png,in
i_a01-117u-01-03.png,and
i_a01-102-07-04.png,it
i_d04-101-00-12.png,to
i_a03-011-02-00.png,the
i_a01-113-03-03.png,it
i_a02-120-07-01.png,Butler
i_b06-008-04-04.png,which
i_a02-020-00-03.png,problems
i_c03-081b-05-06.png,brief
i_a01-043x-04-06.png,The
i_a02-067-01-03.png,bound
i_b05-050-03-06.png,who
i_b06-075-07-02.png,uniting
i_a01-077u-03-00.png,at
i_e06-053-04-00.png,field
i_d06-076-03-02.png,a
i_a03-023-04-05.png,the
i_b05-032-08-07.png,has
i_a02-090-01-03.png,when
i_e06-021-09-00.png,in
i_c03-003c-06-05.png,the
i_e02-091-06-01.png,work
i_d06-000-06-02.png,then
i_e06-053-02-03.png,the
i_a06-124-04-09.png,in
i_a01-058-04-01.png,that
i_d06-072-07-10.png,live
i_a01-068u-00-00.png,And
i_a04-092-07-05.png,though
i_e04-058-05-07.png,British
i_a01-026x-06-01.png,the
i_a01-020u-06-04.png,are
i_c01-066-08-01.png,in
i_a06-095-08-00.png,to
i_c04-156-04-03.png,night
i_a01-003-01-02.png,of
i_b03-114-06-00.png,roped
i_e06-041-03-05.png,in
i_b01-084-03-00.png,If
i_a04-027-00-00.png,From
i_c03-000a-02-00.png,Square
i_a01-087u-00-04.png,and
i_a01-030x-00-00.png,Northern
i_a03-043-05-04.png,the
i_d07-085-05-06.png,proof
i_a01-043x-04-07.png,negro
i_c03-016d-01-01.png,realism
i_d05-021-00-05.png,the
i_a04-085-01-02.png,eight
i_c03-096f-06-00.png,to
i_a05-044-01-04.png,Steytler
i_e06-041-04-05.png,ground
i_a03-023-03-06.png,the
i_e04-058-00-03.png,not
i_d05-040-01-08.png,out
i_a03-011-08-03.png,ideas
i_c04-061-05-06.png,the
i_a01-091-05-05.png,least
i_a01-003-06-03.png,nominees
i_d06-050-03-01.png,our
i_e04-008-00-06.png,joints
i_a06-100-05-01.png,gain
i_d04-131-05-05.png,the
i_a02-086-03-00.png,Sir
i_a01-043x-01-03.png,KENNEDY
i_c03-007c-07-04.png,an
i_c06-080-04-02.png,comedy
i_d06-003-06-01.png,side
i_c06-005-02-08.png,still
i_a04-099-01-00.png,destroy
i_a05-108-06-01.png,performance
i_d04-008-04-04.png,by
i_b04-107-06-03.png,ill-conceived
i_c03-016e-07-03.png,half
i_c06-047-03-07.png,What
i_d04-062-02-04.png,cannot
i_a06-128-07-01.png,militarism
i_b06-053-01-06.png,practice
i_b03-098-05-03.png,out
i_d05-040-01-07.png,set
i_a06-025-08-00.png,committees
i_a01-063-07-06.png,America
i_d04-053-07-04.png,not
i_e01-092-07-05.png,ideal
i_e04-079-02-05.png,have
i_d04-075-05-00.png,the
i_d01-056-00-03.png,one
i_c03-081d-01-02.png,in
i_c03-081c-04-10.png,Pinkie
i_a04-003-03-08.png,had
i_b04-054-04-00.png,all
i_a05-062-00-05.png,which
i_a02-000-05-04.png,the
i_a01-020x-06-07.png,meet
i_c02-017-08-02.png,Instead
i_e02-014-03-10.png,with
i_a01-000x-04-04.png,be
i_a06-036-07-02.png,working
i_b03-092-01-00.png,however
i_d06-060-01-03.png,is
i_c03-081b-04-00.png,beautiful
i_a01-096u-08-01.png,principle
i_c01-014-01-03.png,satire
i_a03-011-06-08.png,the
i_a05-058-01-00.png,but
i_c03-081d-03-05.png,if
i_b01-084-03-06.png,enough
i_d04-050-03-00.png,gratify
i_c01-014-04-05.png,inspiration
i_b05-083-00-04.png,country
i_a03-063-09-08.png,European
i_a01-026u-03-02.png,future
i_c06-043-06-06.png,has
i_a01-082u-02-02.png,campaign
i_a01-113u-06-04.png,first
i_a02-042-02-04.png,today
i_e01-032-06-01.png,that
i_b01-057-04-03.png,perhaps
i_d07-089-10-07.png,Joshua
i_e01-107-02-07.png,size
i_d01-118-06-00.png,the
i_a01-007u-03-01.png,the
i_e04-000-00-01.png,is
i_e07-072-03-00.png,in
i_a01-058x-05-05.png,that
i_a05-000-01-06.png,likely
i_b03-098-06-03.png,got
i_a02-032-06-04.png,with
i_c03-007a-03-05.png,play-grounds
i_e07-012-01-03.png,in
i_a05-113-02-00.png,Council
i_c06-058-01-07.png,glass
i_b04-096-02-08.png,many
i_e02-014-05-08.png,surfaces
i_b04-195-04-07.png,dependent
i_e04-119-02-08.png,for
i_c02-003-06-00.png,film
i_a01-077-03-00.png,Kennedy
i_c03-007-00-02.png,Taste
i_e01-018-04-03.png,left
i_a01-102-00-07.png,and
i_e06-041-03-04.png,vibrations
i_c04-150-03-04.png,cameras
i_b04-116-05-08.png,give
i_c06-076-06-07.png,gets
i_a02-053-02-04.png,tonight
i_c03-087b-02-03.png,inevitability
i_c03-087e-05-08.png,whether
i_b01-122-01-04.png,world
i_c03-021e-07-02.png,her
i_c04-013-00-07.png,he
i_b05-074-00-03.png,that
i_b04-134-05-13.png,by
i_b06-082-03-06.png,nuclear
i_d04-086-02-07.png,the
i_c06-011-06-03.png,couple
i_c02-026-03-00.png,recording
i_c04-105-01-04.png,comes
i_a01-068u-01-02.png,cannot
i_c03-000d-02-01.png,Theatre
i_a01-053u-09-04.png,the
i_a01-122u-02-00.png,to
i_c03-021a-09-00.png,you
i_d06-086-09-07.png,them
i_b04-010-01-00.png,Britain
i_d04-016-02-00.png,a
i_b04-081-02-01.png,foolish
i_d01-123-04-05.png,so
i_b01-062-06-08.png,right
i_a01-113u-00-04.png,their
i_a02-032-04-12.png,The
i_d06-113-00-10.png,peace
i_b06-000-02-07.png,Papen
i_a01-053x-08-03.png,can
i_a03-017-02-07.png,regards
i_e02-091-01-04.png,kit
i_c02-026-07-03.png,white
i_e04-004-01-09.png,timber
i_e04-091-02-03.png,at
i_e07-066-00-01.png,Gardeners
i_c03-087c-03-03.png,around
i_c02-026-02-01.png,his
i_d05-008-06-02.png,issued
i_d05-025-00-02.png,year
i_e02-117-01-01.png,to
i_a05-062-06-03.png,war
i_d06-111-03-07.png,they
i_e01-022-03-03.png,a
i_b05-067-00-02.png,drew
i_a01-087-05-08.png,human
i_d01-024-01-03.png,for
i_c03-021f-06-08.png,need
i_c04-116-02-13.png,with
i_b03-087-01-08.png,be
i_a01-020u-02-02.png,blown
i_c03-081e-05-01.png,heard
i_a01-038x-01-05.png,talks
i_d04-075-07-07.png,Hagadah
i_d06-037-00-06.png,of
i_d01-052-06-07.png,establish
i_a02-106-08-06.png,form
i_c04-144-06-07.png,fighting
i_e04-004-03-05.png,the
i_a01-053x-04-01.png,Investigation
i_e01-102-02-04.png,the
i_d04-053-02-07.png,be
i_a06-020-00-06.png,of
i_a01-049-06-07.png,session
i_a03-063-08-05.png,was
i_a06-147-01-07.png,independence
i_e04-114-04-09.png,with
i_e04-127-00-01.png,rivet
i_e04-000-02-07.png,built
i_b01-057-04-08.png,by
i_d06-050-00-04.png,being
i_e06-006-01-04.png,inevitably
i_b05-058-00-06.png,who
i_a04-047-02-06.png,round
i_a02-082-00-07.png,UNIP
i_b04-020-08-06.png,daughter
i_d06-060-08-03.png,which
i_b04-040-02-08.png,them
i_b04-162-04-08.png,charge
i_e06-021-06-01.png,this
i_a05-009-05-01.png,now
i_d01-024-01-01.png,take
i_a04-010-01-06.png,in
i_a03-006-05-08.png,not
i_a03-014-05-02.png,have
i_b01-000-00-04.png,Minister
i_e04-011-03-08.png,in
i_c03-007c-05-02.png,even
i_b03-092-04-03.png,the
i_c03-003c-02-00.png,again
i_e01-029-03-00.png,can
i_d01-118-05-03.png,cut
i_a01-007x-06-02.png,agreed
i_e02-117-03-04.png,on
i_d07-093-08-01.png,texts
i_b05-050-04-06.png,the
i_c03-094a-05-02.png,always
i_d05-008-07-01.png,little
i_c04-028-05-05.png,a
i_c03-016a-00-06.png,telling
i_b03-114-01-04.png,that
i_a04-006-05-02.png,Macmillan
i_a01-020-00-04.png,with
i_a03-023-06-07.png,hands
i_a02-120-09-00.png,draw
i_a04-050-03-06.png,did
i_a03-040-01-01.png,public
i_b06-036-00-05.png,used
i_c04-150-02-01.png,believed
i_a05-080-01-02.png,during
i_a05-094-04-09.png,meant
i_a02-093-03-07.png,Mr.
i_b01-000-03-02.png,curtain
i_d04-008-04-01.png,the
i_b01-049-03-04.png,rather
i_a01-077-02-06.png,President
i_b03-087-02-10.png,whether
i_a01-043u-05-03.png,The
i_b06-056-01-01.png,decisions
i_c03-000c-02-04.png,has
i_a02-098-02-06.png,to
i_d06-072-07-02.png,is
i_a01-077-08-03.png,up
i_a03-050-02-01.png,regard
i_a06-070-04-05.png,the
i_c03-016c-08-03.png,lover
i_c06-031-03-05.png,chap
i_e01-119-07-07.png,4
i_b04-202-06-00.png,these
i_a04-099-09-04.png,which
i_d07-082-05-06.png,by
i_b04-000-06-05.png,countries
i_d04-121-02-06.png,principles
i_a02-098-07-02.png,and
i_d07-085-01-01.png,have
i_c03-087b-00-00.png,It
i_b02-102-06-06.png,Chancellor
i_e06-015-08-02.png,south
i_c04-105-05-09.png,a
i_a03-054-06-01.png,given
i_c03-007d-01-01.png,a
i_d04-075-00-01.png,Messusah
i_c02-003-03-07.png,is
i_e04-026-03-00.png,by
i_c04-039-02-07.png,a
i_a01-077u-05-04.png,missile
i_e04-011-04-04.png,shows
i_c06-027-00-10.png,and
i_e04-019-02-02.png,width
i_e02-074-09-05.png,mess
i_c03-087d-00-03.png,perhaps
i_c03-021c-06-04.png,gives
i_a01-082u-04-04.png,lag
i_d05-025-07-03.png,mother
i_c03-007c-01-01.png,town
i_e04-103-05-03.png,generously
i_c06-103-03-03.png,keep
i_a01-087-03-00.png,unemotional
i_a01-043u-05-05.png,is
i_a01-128-05-05.png,Health
i_a01-113u-03-03.png,service
i_c06-027-04-01.png,with
i_d06-050-00-01.png,is
i_e07-003-06-00.png,some
i_c01-066-07-02.png,of
i_c03-016e-00-01.png,there
i_d05-008-03-04.png,Puritans
i_c04-160-02-01.png,in
i_b02-035-10-04.png,the
i_e01-102-01-00.png,the
i_c06-083-06-02.png,annual
i_b01-089-04-05.png,intention
i_c03-007f-05-00.png,the
i_d03-112-08-07.png,4.13
i_a06-128-04-00.png,by
i_b05-079-00-00.png,This
i_e02-091-04-00.png,With
i_e07-072-08-02.png,substitute
i_b06-110-00-07.png,implies
i_c03-094d-01-04.png,Sheila
i_b05-083-04-05.png,Revenue
i_a02-072-07-03.png,police
i_b05-079-01-01.png,Brauchitsch
i_a04-081-07-03.png,was
i_a01-043-07-01.png,his
i_b06-036-00-07.png,Nato
i_c06-095-00-05.png,got
i_a05-084-07-04.png,the
i_d01-098-02-06.png,It
i_d01-123-01-06.png,Mark
i_c04-156-05-03.png,in
i_e06-070-02-06.png,foot
i_a02-116-04-01.png,89-year-old
i_d04-008-03-10.png,Shamir
i_a01-000x-05-03.png,Exchange
i_a04-023-02-01.png,present
i_c04-160-05-01.png,atmosphere
i_c03-021a-06-04.png,He
i_c03-003b-02-01.png,it
i_e01-081-00-07.png,the
i_e02-086-07-13.png,kit
i_a02-032-03-01.png,tell
i_c03-016b-06-08.png,and
i_a03-014-05-00.png,their
i_a01-096u-04-07.png,chiefly
i_d06-037-04-00.png,to
i_d04-005-03-06.png,his
i_a04-000-02-00.png,Common
i_d04-131-01-02.png,(
i_b05-017-01-05.png,paper
i_a01-043u-07-02.png,see
i_b06-110-02-06.png,electricity
i_b01-038-02-04.png,of
i_a01-003-03-03.png,be
i_d04-021-06-00.png,of
i_a03-047-03-05.png,two
i_e02-086-05-05.png,added
i_a01-049-02-06.png,gossip
i_a05-009-04-00.png,of
i_e06-010-03-08.png,disappear
i_d06-056-02-05.png,this
i_c03-096c-00-07.png,arose
i_a01-007u-08-02.png,from
i_c06-005-04-01.png,Friends
i_e04-068-04-01.png,find
i_c04-098-05-02.png,Never
i_a04-047-08-01.png,the
i_c03-007a-01-03.png,in
i_a01-020u-09-01.png,of
i_c04-023-03-04.png,eerie
i_d06-056-04-01.png,we
i_c06-103-00-02.png,(
i_c06-083-04-04.png,villa
i_c04-017-02-06.png,next
i_a06-110-06-04.png,for
i_b06-059-01-06.png,wherever
i_a01-077u-01-07.png,tough
i_b04-034-03-11.png,clerk
i_a06-036-06-04.png,medical
i_c03-000d-05-07.png,advantages
i_b06-008-05-02.png,advancing
i_a01-113-07-05.png,the
i_a03-047-04-04.png,Liberal
i_d04-086-01-11.png,which
i_d06-030-02-12.png,no
i_c06-027-04-00.png,not
i_b04-162-04-03.png,Indian
i_d04-071-00-00.png,And
i_a04-081-06-05.png,that
i_a03-050-06-04.png,having
i_d06-086-04-04.png,day
i_e04-103-05-05.png,with
i_e01-032-08-04.png,a
i_d04-005-05-04.png,Solomon
i_b02-013-04-06.png,the
i_d01-123-07-01.png,the
i_e04-079-00-03.png,and
i_e01-025-05-00.png,lapse
i_c03-081c-03-02.png,if
i_b02-035-00-00.png,On
i_a04-003-02-05.png,of
i_b01-118-06-07.png,them
i_b04-107-04-07.png,Colonial
i_e04-127-05-07.png,be
i_c02-078-09-03.png,few
i_c04-144-01-03.png,of
i_b04-175-04-07.png,young
i_c03-081e-01-04.png,Irene
i_a02-027-08-04.png,here
i_e02-117-03-07.png,but
i_a03-063-02-03.png,talks
i_a01-117u-06-02.png,Mr.
i_a01-128-06-02.png,after
i_e06-015-02-03.png,picture
i_a01-020-00-02.png,went
i_e04-083-00-00.png,The
i_a04-099-03-01.png,American
i_c04-004-03-00.png,recently
i_e04-103-04-05.png,use
i_d06-072-08-07.png,up
i_a05-053-00-06.png,a
i_e04-011-03-05.png,tray
i_c02-059-04-01.png,and
i_c06-011-06-05.png,times
i_b04-140-03-06.png,to
i_b03-098-08-04.png,the
i_a04-089-09-01.png,expected
i_a03-050-06-03.png,is
i_e04-095-03-04.png,transom
i_a03-080-08-01.png,it
i_a01-132u-01-00.png,being
i_b04-000-04-02.png,of
i_a04-047-03-00.png,support
i_e04-114-00-08.png,bottom
i_a01-117-09-06.png,years
i_e04-079-05-06.png,horizontal
i_d05-025-07-02.png,foster
i_a01-026x-03-00.png,future
i_d05-025-03-05.png,James
i_c03-007e-04-02.png,the
i_b04-034-02-03.png,of
i_b01-000-02-01.png,policy
i_a02-004-00-05.png,mission
i_a06-114-01-01.png,subsidies
i_c06-000-06-00.png,and
i_e06-000-06-00.png,during
i_b01-118-06-04.png,admitting
i_c04-050-04-04.png,were
i_c02-078-01-01.png,it
i_b04-010-00-07.png,else
i_c03-081c-04-02.png,seen
i_b01-062-06-02.png,to
i_b04-195-02-05.png,agriculture
i_a01-113u-09-04.png,1950
i_c04-165-03-03.png,V
i_a06-004-04-01.png,the
i_d04-117-00-00.png,Leaning
i_a06-008-02-05.png,you
i_b01-062-06-00.png,deeply
i_d06-104-02-03.png,were
i_b06-000-04-07.png,to
i_a02-046-01-02.png,toughest
i_c06-043-06-07.png,been
i_c06-091-02-03.png,has
i_e04-008-04-00.png,cut
i_c06-138-08-03.png,emotionalism
i_c06-058-00-07.png,observant
i_c03-096b-05-07.png,believe
i_c03-021a-07-02.png,forlorn
i_a03-011-08-01.png,have
i_a02-098-05-03.png,Sir
i_c04-013-05-08.png,the
i_c03-000b-00-07.png,play
i_a06-114-06-00.png,season
i_c03-021d-06-02.png,of
i_e04-132-01-08.png,they
i_a01-026-00-05.png,Colonial
i_a04-019-00-06.png,Premier
i_c03-094e-02-02.png,appealing
i_c03-016e-00-04.png,in
i_c04-061-04-01.png,was
i_e04-034-06-08.png,be
i_a01-043x-05-03.png,New
i_e02-014-00-02.png,ones
i_c03-003b-02-10.png,and
i_a05-084-03-02.png,studied
i_a06-036-05-10.png,light
i_e04-095-05-01.png,parallel
i_c03-000a-05-05.png,be
i_c04-139-01-03.png,chair
i_c03-007a-06-02.png,to
i_e07-003-03-00.png,number
i_c03-021e-05-03.png,a
i_e01-018-06-00.png,silver
i_c03-087c-03-01.png,the
i_c03-096f-00-03.png,actions
i_b06-056-02-04.png,them
i_b05-042-00-05.png,unskilled
i_a02-078-06-07.png,The
i_d05-040-03-05.png,of
i_c04-150-06-04.png,Potter
i_a01-113u-04-06.png,be
i_b04-175-02-00.png,that
i_b01-089-08-01.png,in
i_a06-114-08-04.png,at
i_e01-014-04-01.png,his
i_b04-181-02-06.png,like
i_d05-030-00-06.png,Laud
i_c03-021c-09-00.png,someone
i_e02-014-02-01.png,the
i_a05-121-06-02.png,Campaign
i_a03-009-04-03.png,the
i_e07-072-00-05.png,substitutes
i_b03-109-05-08.png,in
i_d06-060-00-08.png,been
i_e07-003-01-05.png,by
i_b01-000-06-07.png,go
i_c03-021d-09-03.png,for
i_a05-108-00-00.png,This
i_d06-015-02-10.png,us
i_b01-033-01-07.png,welcome
i_b05-062-03-05.png,innocent
i_d04-089-02-04.png,we
i_a02-017-00-05.png,Sir
i_a05-048-06-01.png,Prime
i_c01-066-03-04.png,to
i_e04-114-02-09.png,As
i_b05-058-04-00.png,endless
i_e01-055-05-03.png,period
i_a04-031-06-00.png,Soviet
i_a06-070-01-05.png,said
i_c02-089-05-03.png,like
i_a01-128u-08-07.png,the
i_c04-023-00-06.png,The
i_b05-098-08-03.png,sugary
i_b06-093-06-04.png,the
i_a05-009-02-01.png,Home
i_c04-080-01-05.png,Slightly
i_a05-004-05-04.png,would
i_d01-118-04-07.png,at
i_a01-014x-08-05.png,his
i_b01-122-03-01.png,to
i_e04-004-00-01.png,by
i_a04-050-01-00.png,not
i_a02-037-01-01.png,Convention
i_a01-117-08-08.png,to
i_a01-014x-03-02.png,want
i_d06-050-04-06.png,body
i_c04-035-02-04.png,on
i_c04-023-01-02.png,that
i_d04-047-07-01.png,work
i_a06-110-02-00.png,told
i_a01-020u-07-06.png,meet
i_c03-021a-07-04.png,of
i_c02-059-01-02.png,what
i_c02-000-02-05.png,back
i_e04-011-07-00.png,the
i_d06-056-03-04.png,probably
i_a06-070-05-03.png,Free
i_b06-075-02-02.png,within
i_c03-016a-03-04.png,mother
i_c02-059-10-06.png,come
i_d04-081-03-07.png,thought
i_a03-030-02-00.png,unassailable
i_c04-098-01-03.png,pianist
i_d06-104-07-04.png,with
i_b03-109-05-02.png,go
i_c01-009-00-03.png,Bill
i_b06-071-03-00.png,Government
i_a01-072u-04-00.png,rejection
i_a06-051-05-01.png,later
i_c03-016a-02-03.png,a
i_b05-079-07-03.png,interned
i_a04-059-00-06.png,unwise
i_a01-030u-10-00.png,to
i_a01-102u-02-01.png,supporting
i_b06-036-01-06.png,to
i_b04-140-00-03.png,he
i_c03-003d-03-07.png,central
i_a03-027-03-00.png,With
i_b04-147-06-02.png,people
i_c03-016e-01-00.png,intense
i_e04-019-04-03.png,A
i_a01-026-00-04.png,the
i_a02-111-04-00.png,to
i_c04-105-03-06.png,became
i_a03-011-01-08.png,facing
i_d04-047-04-10.png,fulfil
i_a01-038x-08-08.png,talks
i_c01-014-03-02.png,leads
i_c06-083-03-01.png,Hudson
i_d06-111-03-05.png,in
i_b04-134-00-04.png,still
i_a01-128u-00-00.png,When
i_c03-087d-08-03.png,Mr.
i_c03-000b-05-03.png,from
i_a03-034-01-03.png,booklet
i_a06-157-00-08.png,eve
i_b06-110-01-05.png,numbers
i_d04-032-01-09.png,facts
i_d07-089-01-00.png,known
i_a02-078-06-02.png,was
i_c04-008-07-01.png,would
i_d04-062-01-08.png,with
i_b05-088-02-06.png,a
i_c06-083-03-00.png,Mr.
i_e06-033-08-06.png,ages
i_a01-113u-09-02.png,done
i_b04-066-02-03.png,bustling
i_a04-015-06-05.png,the
i_e02-100-04-00.png,To
i_d06-100-04-05.png,how
i_e04-095-06-04.png,that
i_a01-091-04-04.png,Service
i_e06-021-06-04.png,is
i_a01-128-00-04.png,down
i_c03-003c-03-05.png,marriage
i_d05-008-04-05.png,Presbyterian
i_b05-058-02-10.png,only
i_e04-124-06-01.png,to
i_a06-004-04-07.png,These
i_d04-016-02-01.png,man
i_a06-020-00-02.png,announcing
i_a03-006-00-00.png,Today
i_a01-049u-07-06.png,session
i_b03-025-04-02.png,is
i_e04-127-03-04.png,one
i_a04-035-01-04.png,will
i_a02-072-07-01.png,planned
i_a04-039-09-04.png,secure
i_d05-025-03-08.png,by
i_d01-104-02-08.png,papyrus
i_b04-134-00-01.png,expansion
i_d01-118-06-04.png,sheet
i_b06-071-06-03.png,into
i_e04-114-04-05.png,to
i_c03-003e-00-02.png,not
i_b06-075-05-03.png,it
i_a03-017-03-07.png,of
i_a01-014x-09-01.png,at
i_c02-022-05-06.png,the
i_d03-117-07-01.png,it
i_a01-082u-00-06.png,about-
i_d07-102-04-07.png,The
i_d01-060-00-01.png,first
i_c03-084f-07-00.png,unfamiliar
i_b01-023-03-01.png,would
i_e01-018-06-05.png,records
i_e04-124-04-07.png,you
i_a04-031-09-07.png,a
i_d07-102-04-09.png,of
i_b03-098-00-06.png,are
i_b04-010-02-00.png,in
i_a03-006-06-03.png,any
i_b03-098-04-00.png,about
i_c03-021d-01-08.png,young
i_c06-058-03-03.png,last
i_e02-091-00-03.png,further
i_a01-128u-10-02.png,years
i_d01-123-01-04.png,author
i_e04-022-01-08.png,and
i_a03-027-05-04.png,constituencies
i_d05-030-02-07.png,enthusiastically
i_c04-008-03-10.png,comes
i_b04-066-02-00.png,ready
i_d05-013-02-09.png,phrase
i_e07-061-09-02.png,Kilner
i_c04-156-01-07.png,were
i_b04-169-07-00.png,to
i_b01-049-05-04.png,be
i_e04-011-02-01.png,1
i_b02-045-06-05.png,of
i_b01-084-03-07.png,on
i_c03-003a-00-05.png,play
i_a03-080-05-00.png,of
i_a03-040-01-06.png,the
i_d06-060-05-04.png,which
i_c02-007-02-00.png,America
i_a05-022-07-05.png,other
i_a03-023-00-06.png,the
i_d07-082-07-05.png,Rabh
i_d07-093-01-01.png,for
i_d06-008-07-02.png,frightening
i_a06-000-04-02.png,the
i_a01-030-06-08.png,progress
i_c03-087c-06-04.png,the
i_a01-091-00-03.png,the
i_a01-077-02-02.png,Joyce
i_d01-123-07-06.png,whole
i_a03-037-02-03.png,federal
i_c03-007d-06-07.png,sacred
i_c01-066-05-01.png,light
i_b04-040-00-01.png,is
i_e04-068-03-00.png,there
i_b06-075-05-02.png,when
i_c06-052-03-05.png,called
i_b06-097-00-01.png,week
i_b06-049-05-08.png,a
i_d04-081-05-00.png,Shmah
i_c03-021d-08-00.png,sympathy
i_c03-096a-05-07.png,to
i_b02-102-05-08.png,remotely
i_a01-014-03-06.png,to
i_d04-005-02-00.png,the
i_c02-012-00-00.png,Every
i_b06-042-08-02.png,established
i_c03-016e-00-05.png,the
i_c04-150-06-01.png,he
i_d07-089-10-00.png,texts
i_b01-132-00-04.png,from
i_e06-070-01-03.png,film
i_b01-049-07-00.png,off
i_b06-042-08-04.png,the
i_d04-086-01-03.png,is
i_a06-051-04-02.png,the
i_c04-150-06-00.png,what
i_a02-093-02-07.png,Mr.
i_c03-087c-03-04.png,him
i_c03-087f-00-06.png,distance
i_c03-007e-08-00.png,part
i_b01-038-02-02.png,grow
i_e02-086-07-11.png,a
i_c02-059-10-05.png,to
i_d04-053-09-05.png,enemy
i_d04-047-04-09.png,not
i_c03-021c-03-00.png,instinct
i_a04-047-00-02.png,annual
i_d04-075-06-03.png,morning
i_b01-057-10-05.png,Parliaments
i_b06-012-03-08.png,in
i_c04-116-02-09.png,Alley
i_c02-022-02-07.png,as
i_b06-075-06-02.png,Unity
i_c04-144-03-07.png,an
i_c03-087e-07-04.png,in
i_e04-004-02-08.png,each
i_e04-127-03-08.png,paint
i_b03-098-09-02.png,the
i_d05-040-02-01.png,sense
i_c02-059-05-06.png,was
i_d05-021-05-12.png,James
i_e06-053-00-05.png,are
i_c04-035-06-04.png,character-actors
i_b04-075-03-08.png,have
i_d01-123-02-03.png,Gospel
i_c03-021a-00-06.png,befriended
i_d01-056-06-04.png,other
i_d06-107-05-04.png,their
i_d04-101-00-03.png,both
i_b06-056-05-05.png,third
i_c03-000c-01-07.png,Leicester
i_a01-007x-03-07.png,Labour
i_d06-060-00-05.png,forward
i_a03-006-06-07.png,President
i_b06-100-09-02.png,experience
i_b06-087-00-08.png,and
i_a06-075-03-05.png,application
i_d01-104-02-03.png,tells
i_d04-050-04-00.png,for
i_c06-091-02-07.png,two
i_b04-202-06-01.png,three
i_c03-087e-05-03.png,could
i_d04-081-03-04.png,And
i_b06-008-04-05.png,the
i_a03-011-02-02.png,and
i_d06-025-05-02.png,my
i_a02-004-03-01.png,team
i_b01-132-04-08.png,Commonwealth
i_c03-021a-08-05.png,someone
i_d06-056-06-08.png,minds
i_a06-141-05-04.png,up
i_a01-068u-06-02.png,attempts
i_b02-035-04-04.png,statement
i_b05-055-02-00.png,heart
i_e01-029-08-04.png,talent
i_b01-044-01-11.png,is
i_a05-044-07-06.png,unopposed
i_a02-046-03-07.png,overalls
i_a05-121-02-00.png,It
i_a04-006-00-07.png,still
i_e06-033-05-06.png,how
i_e04-086-04-00.png,prefer
i_a06-134-02-03.png,U.S.
i_b01-118-05-06.png,was
i_b06-045-00-06.png,to
i_b06-008-06-04.png,Daily
i_d06-076-05-00.png,upstairs
i_d06-100-06-03.png,of
i_e01-059-06-01.png,for
i_c03-087d-00-07.png,beyond
i_a01-038x-08-00.png,interference
i_c03-000b-06-00.png,are
i_c04-098-00-06.png,best
i_e04-043-00-05.png,a
i_b03-114-03-02.png,people
i_c04-017-01-06.png,He
i_a05-080-00-06.png,deliber-
i_a01-087-02-00.png,charges
i_a03-071-03-08.png,project
i_d03-112-02-00.png,The
i_c04-170-00-04.png,Sillitoe
i_e01-119-05-01.png,end
i_a02-086-03-08.png,to
i_a02-027-04-01.png,Government
i_a01-007x-04-07.png,THE
i_a03-054-07-06.png,is
i_c03-007d-07-03.png,of
i_b05-032-02-01.png,stunned
i_c04-110-01-02.png,Bella
i_d01-049-06-01.png,and
i_a02-037-01-06.png,addresses
i_a04-015-02-06.png,discussions
i_e04-030-04-01.png,as
i_a02-032-02-00.png,been
i_c03-081d-10-00.png,restrained
i_c06-058-02-02.png,porter
i_a05-044-02-03.png,announced
i_b06-008-07-02.png,policy
i_a03-030-05-00.png,foundations
i_b01-094-01-09.png,Congo
i_c04-089-00-07.png,featuring
i_b05-032-00-05.png,World
i_a05-084-01-03.png,more
i_e01-113-07-01.png,near
i_e04-034-01-01.png,plastic
i_d06-008-08-02.png,until
i_b01-053-02-00.png,share
i_c03-021c-08-04.png,you
i_a04-019-00-01.png,said
i_e04-091-02-06.png,time
i_e01-025-02-05.png,fussy
i_d01-123-03-08.png,unused
i_a01-063-08-00.png,United
i_c02-030-02-04.png,city
i_e04-083-03-01.png,allow
i_a01-053x-07-04.png,Mr.
i_c03-096c-05-07.png,of
i_e01-113-00-07.png,thumb
i_c03-096b-03-02.png,author
i_b05-058-03-07.png,now
i_c06-091-02-11.png,truths
i_d06-060-07-03.png,with
i_c04-039-06-03.png,accomplished
i_e07-003-04-06.png,dangers
i_a06-100-06-05.png,went
i_c04-000-02-01.png,a
i_c03-081b-07-05.png,role
i_e04-132-02-03.png,into
i_c06-100-01-03.png,wed
i_c04-000-00-06.png,performer
i_d06-086-09-02.png,and
i_b01-079-08-07.png,to
i_b01-023-04-04.png,excluding
i_d03-117-02-07.png,springs
i_a06-004-03-02.png,on
i_d06-011-07-04.png,I
i_a03-030-08-00.png,ments
i_b04-202-02-04.png,is
i_b04-081-00-00.png,Why
i_a03-059-03-04.png,perhaps
i_a02-082-02-03.png,disturbances
i_c03-003a-05-01.png,film
i_c04-160-02-08.png,have
i_b06-032-03-04.png,this
i_e01-035-05-00.png,livelihood
i_a06-119-03-05.png,the
i_d06-096-02-03.png,years
i_b06-075-02-04.png,movement
i_a03-011-02-08.png,that
i_b05-017-02-10.png,me
i_b03-092-05-08.png,of
i_e01-092-05-05.png,design
i_a01-082u-03-04.png,Administration
i_b04-047-05-02.png,guilty
i_e06-037-06-01.png,yards
i_c06-116-00-04.png,wife
i_a05-048-02-02.png,appeals
i_c02-003-07-08.png,the
i_a05-116-07-07.png,Ungoed-
i_a05-013-07-04.png,by
i_b05-083-00-07.png,even
i_a01-003-05-05.png,they
i_b04-054-05-00.png,safe
i_c03-096b-06-02.png,their
i_b01-023-06-02.png,out
i_b01-136-04-07.png,of
i_a05-009-01-08.png,the
i_d06-104-07-03.png,same
i_a02-046-04-11.png,he
i_b04-121-03-08.png,to
i_a01-030-02-05.png,have
i_b01-073-04-03.png,home
i_b01-000-06-02.png,The
i_e07-072-01-07.png,clay
i_b06-075-06-05.png,be
i_a02-050-01-04.png,his
i_a06-025-00-06.png,leading
i_d04-047-05-00.png,the
i_a06-004-06-10.png,new
i_e01-107-04-04.png,with
i_a04-031-08-02.png,of
i_e01-113-02-00.png,lapping
i_c03-000c-01-06.png,the
i_c01-014-01-00.png,is
i_a04-047-02-04.png,was
i_a06-008-01-04.png,easy
i_c04-075-05-09.png,his
i_a05-069-03-04.png,low
i_a03-011-07-10.png,two
i_d06-025-06-04.png,the
i_d01-080-00-02.png,was
i_c02-035-02-00.png,felt
i_d01-118-02-04.png,particular
i_d07-085-07-02.png,comment
i_d04-086-04-03.png,kind
i_e01-059-05-05.png,delicate
i_c04-050-03-06.png,with
i_c03-021e-06-07.png,He
i_a03-050-05-06.png,tie
i_b04-060-01-04.png,How
i_b06-008-03-04.png,the
i_b01-023-00-06.png,a
i_c03-000a-04-02.png,Miss
i_a03-063-03-08.png,Germans
i_e01-055-03-06.png,clumsy
i_a01-091u-06-01.png,declared
i_b06-008-05-01.png,are
i_a01-030u-05-00.png,the
i_d04-071-07-03.png,99A
i_c04-000-01-02.png,burst
i_e06-033-07-06.png,salmon
i_a02-067-02-01.png,peace
i_b04-195-01-06.png,and
i_c04-128-01-04.png,We
i_d01-024-02-00.png,written
i_b06-032-02-06.png,Government
i_a06-152-02-00.png,on
i_b01-079-08-04.png,force
i_b06-023-02-10.png,bombers
i_a01-014-05-05.png,There
i_a01-003u-02-03.png,to
i_c03-003c-04-07.png,the
i_d04-101-02-01.png,the
i_a01-117u-07-00.png,that
i_b01-044-00-01.png,Germany
i_c04-023-05-00.png,damsel
i_c03-087e-06-08.png,more
i_c03-096c-06-08.png,foreigners
i_c03-081a-02-00.png,for
i_a03-037-00-06.png,two
i_c04-035-01-05.png,Scott
i_a06-124-00-12.png,more
i_e06-030-04-06.png,do
i_b06-049-00-04.png,point
i_b01-033-05-02.png,money
i_c04-044-08-01.png,soon
i_c04-128-01-05.png,mutually
i_d07-085-06-05.png,Esther
i_d05-021-00-06.png,Church
i_e01-032-04-05.png,blouse
i_a06-020-04-00.png,so
i_e02-086-04-03.png,be
i_a04-092-00-07.png,justify
i_d06-027-06-06.png,never
i_a05-099-02-07.png,Stoke
i_a01-007-01-05.png,Most
i_d04-028-02-02.png,answer
i_a01-049-04-06.png,is
i_a01-122-02-10.png,us
i_e06-046-04-04.png,it
i_a04-096-05-01.png,Polaris
i_e04-119-02-10.png,boat
i_a05-022-06-00.png,the
i_e07-007-07-00.png,Chinese
i_d01-104-00-06.png,some
i_d06-060-00-01.png,of
i_a01-058u-04-01.png,offer
i_d06-030-01-06.png,for
i_a01-128u-10-03.png,by
i_d06-091-01-00.png,routine
i_a01-053-02-02.png,the
i_a05-048-06-00.png,THE
i_a05-121-08-01.png,Khruschev
i_b06-042-00-01.png,policy
i_e01-050-06-01.png,time
i_c04-004-05-04.png,and
i_e04-062-00-06.png,bonded
i_c04-128-00-06.png,all
i_a01-053-07-06.png,Senator
i_d05-008-05-00.png,but
i_e04-011-06-05.png,fixed
i_a05-108-06-02.png,merited
i_c03-000a-03-05.png,Richardson
i_e06-003-04-06.png,sea-bed
i_b01-079-09-00.png,prevent
i_e07-012-02-04.png,voracity
i_a05-073-01-06.png,of
i_c03-003b-06-00.png,the
i_d01-104-03-04.png,in
i_e04-004-02-10.png,with
i_b01-057-05-03.png,regeneration
i_a01-014u-00-03.png,Federal
i_c03-007e-07-05.png,are
i_b05-032-06-04.png,these
i_c02-007-05-00.png,playwright
i_a05-009-00-01.png,has
i_b06-068-01-02.png,were
i_d05-013-02-03.png,the
i_a04-047-03-03.png,views
i_a05-044-08-00.png,The
i_d04-016-03-02.png,all
i_e04-004-05-08.png,table
i_c01-009-09-05.png,of
i_a03-027-06-05.png,conference
i_a04-050-06-01.png,attract
i_a01-043-03-02.png,Minister
i_d01-052-01-07.png,of
i_c02-056-04-08.png,much
i_a06-004-03-00.png,He
i_d04-089-02-05.png,should
i_b06-090-06-07.png,bases
i_c03-084e-05-02.png,by
i_a04-027-05-03.png,changes
i_a02-082-01-08.png,on
i_e04-127-03-03.png,least
i_d04-101-02-10.png,)
i_a01-087u-05-00.png,Labour
i_a03-027-06-02.png,holding
i_b02-097-06-03.png,campaign
i_b04-162-03-04.png,a
i_d04-121-00-11.png,of
i_e06-010-01-03.png,at
i_a01-058-07-05.png,He
i_e04-068-00-07.png,paddles
i_b01-014-04-02.png,leaders
i_a06-039-01-03.png,seen
i_a01-102-09-01.png,the
i_a03-011-00-05.png,in
i_d04-131-01-00.png,people
i_d06-037-03-00.png,than
i_b06-042-04-00.png,Draughtsmen
i_e04-095-04-04.png,side
i_a02-004-08-05.png,offered
i_d01-085-03-01.png,paragraphed
i_c03-081d-05-05.png,Miss
i_d06-030-01-01.png,physical
i_c04-139-05-06.png,the
i_a06-070-02-04.png,European
i_a01-113u-02-01.png,from
i_b05-098-09-00.png,of
i_b04-202-03-02.png,Particularly
i_d01-098-00-04.png,sheet
i_a02-037-02-00.png,by
i_a01-132-02-02.png,made
i_b05-055-01-07.png,a
i_a06-075-02-00.png,conclusion
i_d05-025-00-04.png,had
i_a02-102-07-06.png,friend
i_c06-116-05-06.png,at
i_a01-043x-07-04.png,housing
i_a02-012-00-00.png,The
i_e04-114-07-04.png,facing
i_a06-075-02-01.png,that
i_b01-038-07-00.png,What
i_b01-062-02-03.png,refuse
i_a04-010-05-07.png,this
i_a06-064-02-03.png,was
i_d06-091-03-00.png,from
i_b06-093-01-03.png,and
i_d06-104-05-01.png,day
i_a05-089-10-04.png,having
i_a01-091-03-05.png,for
i_c04-044-07-00.png,re-book
i_a04-035-08-02.png,students
i_c03-094a-02-00.png,always
i_b04-040-01-12.png,Mr.
i_d06-046-00-01.png,more
i_d05-030-07-02.png,and
i_e04-043-01-00.png,rowing
i_a01-007-06-02.png,Northern
i_b04-187-06-02.png,Barry
i_a01-058u-00-03.png,ready
i_a05-044-03-05.png,candidate
i_b01-136-06-01.png,a
i_b01-079-07-04.png,the
i_d01-052-01-04.png,A
i_e06-010-04-08.png,reach
i_c03-094b-06-07.png,played
i_d06-086-08-00.png,write
i_a03-066-01-00.png,remove
i_b01-136-05-00.png,marry
i_b01-038-06-05.png,some
i_a01-132u-00-04.png,without
i_b06-004-00-03.png,tolerance
i_b04-066-02-04.png,season
i_d01-019-04-03.png,An
i_e04-127-03-01.png,and
i_c03-087f-06-05.png,if
i_a05-058-03-05.png,Office
i_e04-038-00-06.png,could
i_b06-079-08-02.png,and
i_c03-081e-06-01.png,her
i_a03-014-02-06.png,invite
i_c06-103-05-03.png,else
i_a01-072u-06-00.png,to
i_a01-026-04-02.png,by
i_e04-091-02-08.png,the
i_b01-118-08-01.png,stock
i_b06-075-03-04.png,on
i_c03-087a-00-08.png,most
i_c01-009-08-06.png,composer
i_d06-050-05-08.png,no
i_d01-056-08-01.png,is
i_e02-094-02-04.png,space
i_a05-069-00-03.png,end
i_d06-015-01-04.png,would
i_d06-082-00-01.png,we
i_c06-052-00-03.png,the
i_d06-050-03-07.png,physical
i_b06-049-07-07.png,Many
i_b01-004-06-01.png,Capetown
i_d06-025-05-06.png,this
i_c03-007d-03-00.png,streets
i_d05-025-08-04.png,the
i_e01-062-05-00.png,pages
i_c06-091-02-06.png,or
i_e04-038-00-07.png,prove
i_c03-003b-03-07.png,their
i_e06-010-04-02.png,Bottom
i_c02-059-10-01.png,watching
i_a02-120-06-04.png,rent
i_e01-018-04-08.png,an
i_c03-021e-04-01.png,as
i_c03-096e-05-09.png,of
i_a04-035-05-09.png,a
i_d06-050-03-08.png,exhaustion
i_a05-029-04-04.png,be
i_e04-103-00-09.png,ready
i_a03-066-00-05.png,be
i_c04-144-05-03.png,part
i_d04-125-04-03.png,1
i_b04-066-04-05.png,As
i_a01-128-06-07.png,net
i_a06-114-01-02.png,would
i_e04-083-00-05.png,should
i_d01-104-02-09.png,in
i_c04-050-03-00.png,out
i_a02-078-07-01.png,lawlessness
i_a04-059-05-06.png,of
i_b04-020-06-06.png,days
i_e02-074-02-01.png,supply
i_a01-049x-02-06.png,Washington
i_e06-000-03-00.png,is
i_a01-049-00-01.png,Allen
i_a03-017-01-06.png,made
i_a01-043x-03-00.png,It
i_a06-025-07-06.png,sub-
i_a01-096u-00-05.png,and
i_a03-017-03-00.png,himself
i_d04-096-05-10.png,the
i_a04-096-03-00.png,impossible
i_c03-007d-00-01.png,A
i_b01-018-03-00.png,Whatever
i_c03-003f-09-01.png,city
i_c06-005-08-05.png,tear-jerker
i_b03-098-02-04.png,in
i_e06-046-03-08.png,given
i_c03-021e-09-06.png,looking
i_c03-000f-02-03.png,tomorrow
i_e07-000-00-02.png,not
i_b02-013-05-04.png,and
i_a02-116-05-01.png,61-year-old
i_a01-003u-07-06.png,the
i_b06-036-07-01.png,quest
i_a03-027-01-00.png,a
i_c04-061-04-12.png,of
i_c06-091-03-10.png,an
i_e01-050-04-07.png,distinctive
i_a01-096u-04-01.png,practised
i_a06-064-03-01.png,confined
i_b04-020-07-03.png,it
i_b01-118-00-00.png,A
i_a01-053x-04-04.png,on
i_c03-094a-03-04.png,comically
i_c03-094c-01-03.png,Sheila
i_c04-039-05-01.png,Quentin
i_d06-086-08-01.png,out
i_a01-053u-09-02.png,considered
i_a01-117-04-06.png,directly
i_b02-097-05-08.png,can
i_c01-014-05-04.png,by
i_b03-098-08-00.png,explain
i_e04-058-00-09.png,which
i_c06-005-07-05.png,for
i_e01-025-09-04.png,in
i_b05-032-06-03.png,offer
i_d07-100-07-00.png,invariably
i_b05-062-01-00.png,tested
i_e04-015-01-04.png,front
i_e01-059-04-02.png,articles
i_a04-092-00-04.png,of
i_e04-114-00-01.png,up
i_d03-112-01-07.png,of
i_c03-016b-08-00.png,first
i_e06-015-05-00.png,shoals
i_b01-079-08-01.png,Hammarskjold
i_e02-018-03-06.png,the
i_a02-111-07-06.png,prepared
i_c04-044-00-01.png,plot
i_b01-136-05-02.png,Worsley
i_b01-122-03-03.png,course
i_a02-098-00-02.png,have
i_e07-000-03-04.png,sprayed
i_b06-053-00-03.png,always
i_c03-021d-01-01.png,old
i_e04-103-03-00.png,round
i_a01-014-03-04.png,discuss
i_b06-008-06-07.png,October
i_c02-059-02-04.png,something
i_c03-007-00-08.png,taken
i_d05-030-02-05.png,Laud
i_a01-113-03-10.png,too
i_d05-025-06-07.png,1549
i_a03-009-02-04.png,Yugoslav
i_d01-123-04-03.png,was
i_c04-080-01-08.png,jangly
i_e07-007-02-03.png,press
i_b01-084-05-06.png,keep
i_a02-032-03-07.png,motto
i_a05-084-08-06.png,was
i_a01-000u-04-02.png,a
i_e07-061-07-07.png,after
i_d01-080-06-03.png,be
i_a03-023-06-01.png,still
i_a04-099-06-05.png,our
i_b04-162-05-02.png,And
i_c04-098-01-00.png,Conway
i_b01-073-00-02.png,reaction
i_a05-044-03-02.png,the
i_a05-048-10-03.png,the
i_c03-000f-06-00.png,advantages
i_b06-110-00-01.png,the
i_a06-110-01-03.png,he
i_d04-071-03-01.png,of
i_c03-081f-04-02.png,beautiful
i_a01-107-00-11.png,patient
i_a02-046-05-04.png,the
i_a06-064-08-03.png,will
i_a04-006-00-05.png,that
i_a02-116-01-01.png,yesterday
i_b04-107-04-00.png,administration
i_c03-081a-00-03.png,dramatist
i_b02-013-09-04.png,for
i_c06-031-03-03.png,Salvation
i_d06-041-01-07.png,can
i_a06-070-02-01.png,could
i_a06-134-01-01.png,Germany
i_a05-089-05-03.png,Godber
i_a06-014-07-04.png,president
i_b02-045-04-06.png,been
i_c04-156-06-03.png,Key
i_a06-004-05-06.png,within
i_b05-055-00-02.png,green
i_a06-141-01-03.png,disposal
i_b04-134-04-02.png,with
i_b04-060-02-06.png,to
i_a01-122-01-01.png,and
i_d05-025-08-02.png,Books
i_a05-116-04-03.png,resembles
i_d06-082-03-09.png,probably
i_b01-044-02-02.png,how
i_b05-071-05-01.png,with
i_a04-054-04-00.png,purposes
i_c02-017-08-07.png,effect
i_e07-007-07-04.png,of
i_a06-095-08-09.png,an
i_d01-052-03-04.png,the
i_a02-037-06-03.png,ensure
i_a02-072-01-01.png,mean
i_c03-016a-08-07.png,leaves
i_c03-000c-05-04.png,be
i_e01-062-00-10.png,make
i_a01-030u-09-06.png,refusing
i_e06-003-04-00.png,are
i_a05-039-01-00.png,towards
i_a02-120-05-04.png,a
i_a03-047-06-08.png,the
i_b03-114-00-05.png,need
i_a01-043u-04-02.png,the
i_e04-004-02-07.png,over
i_b03-114-04-05.png,hour
i_c03-094a-02-04.png,Mr.
i_b04-175-00-04.png,than
i_a02-078-01-05.png,of
i_a06-044-02-01.png,has
i_c03-003b-07-04.png,of
i_c06-043-04-04.png,that
i_b05-083-05-03.png,But
i_a04-015-05-06.png,given
i_c03-081a-08-06.png,a
i_b04-060-05-08.png,put
i_a01-030-04-08.png,the
i_a01-049x-06-07.png,today
i_a02-032-05-01.png,has
i_a02-120-06-07.png,Today
i_c03-007f-00-06.png,Richardson
i_e06-053-08-01.png,passing
i_d01-098-04-03.png,it
i_a06-114-06-04.png,gear
i_c03-081f-04-01.png,but
i_b04-175-04-03.png,a
i_d05-021-01-07.png,Rubric
i_b04-000-02-02.png,Belgium
i_b06-032-05-03.png,the
i_b01-038-05-03.png,U.S.
i_a01-122u-02-03.png,this
i_a01-003x-01-06.png,likely
i_d06-000-02-05.png,be
i_a01-014-09-02.png,at
i_b01-084-06-02.png,adequate
i_a03-043-04-01.png,34
i_a02-037-05-00.png,the
i_c03-094b-05-01.png,comically
i_c03-016a-04-01.png,she
i_a04-089-05-03.png,Loch
i_c04-160-00-05.png,than
i_c03-084d-03-05.png,play
i_e02-100-01-02.png,or
i_a03-020-03-00.png,Laos
i_e04-083-04-05.png,not
i_a04-092-07-02.png,is
i_a06-004-00-01.png,Edward
i_c03-096c-05-04.png,that
i_a04-072-02-03.png,a
i_b01-118-01-09.png,of
i_c03-087c-03-00.png,and
i_b06-008-09-04.png,ally
i_e04-127-00-09.png,the
i_c06-027-06-04.png,in
i_b02-105-04-07.png,glad
i_e04-019-00-06.png,and
i_c02-078-03-06.png,of
i_a05-069-09-04.png,Kuwait
i_a01-087-08-00.png,always
i_a03-047-06-04.png,or
i_c03-081d-01-01.png,error
i_d04-047-05-09.png,the
i_e07-007-05-05.png,all
i_d04-131-06-03.png,to
i_e07-061-06-08.png,I
i_a01-087-06-06.png,the
i_b05-045-08-04.png,of
i_b01-127-02-06.png,weight
i_b04-154-07-00.png,disagree
i_a03-009-04-01.png,activity
i_a02-106-09-05.png,four
i_c03-021b-02-09.png,to
i_b05-050-04-07.png,game
i_a06-004-08-01.png,and
i_a01-087u-02-05.png,white-faced
i_e04-132-01-05.png,a
i_e02-018-04-09.png,be
i_d03-112-00-00.png,Close
i_c03-081e-03-07.png,remained
i_d06-025-06-07.png,will
i_a01-077-00-06.png,year
i_a02-004-00-01.png,the
i_b04-010-06-07.png,not
i_a05-029-00-05.png,over
i_d04-032-07-00.png,language
i_b03-104-06-00.png,Rather
i_a06-057-02-11.png,He
i_e01-050-07-00.png,greatly
i_a06-014-08-06.png,to
i_d04-016-03-03.png,the
i_b01-057-09-07.png,unions
i_b04-010-09-02.png,so
i_c03-016b-04-02.png,is
i_d01-123-02-06.png,ending
i_c03-094f-08-05.png,case
i_c04-066-02-06.png,tune
i_e01-062-06-03.png,beginner
i_a01-030x-03-03.png,of
i_c03-094c-01-05.png,his
i_d04-050-01-00.png,and
i_c02-003-07-05.png,also
i_c03-021b-05-07.png,and
i_e01-025-00-02.png,is
i_b04-047-02-02.png,The
i_a03-040-01-04.png,that
i_a01-117-02-02.png,percentage
i_c04-028-01-01.png,effectively
i_c06-083-07-04.png,)
i_a06-110-03-00.png,of
i_a04-099-07-03.png,the
i_e04-052-07-01.png,cut
i_a02-024-00-06.png,demonstrations
i_b01-136-01-05.png,claiming
i_c04-000-03-09.png,give
i_e02-074-05-03.png,to
i_e01-092-01-00.png,Coats
i_e01-055-08-05.png,a
i_a06-070-05-02.png,European
i_a04-019-07-06.png,Berlin
i_a01-072u-00-02.png,costs
i_b05-058-03-06.png,he
i_c06-095-06-06.png,than
i_b06-097-04-06.png,more
i_e04-114-06-07.png,the
i_a03-011-03-07.png,consultations
i_a06-124-04-10.png,the
i_d06-020-05-08.png,that
i_e02-100-01-09.png,is
i_b04-040-01-11.png,And
i_a04-099-05-04.png,and
i_e04-008-00-01.png,the
i_d01-052-01-06.png,text
i_a06-044-01-10.png,any
i_d06-015-03-15.png,fear
i_a04-085-04-03.png,met
i_b05-062-03-09.png,of
i_e01-092-00-07.png,word
i_c06-100-00-01.png,all
i_c03-021d-04-02.png,as
i_e02-000-03-08.png,being
i_c04-050-07-02.png,last
i_e04-103-01-02.png,the
i_e06-021-03-04.png,enough
i_e06-053-03-00.png,the
i_a02-000-03-08.png,General
i_a06-134-03-08.png,West
i_a01-003x-07-08.png,would
i_c03-021a-04-04.png,the
i_b03-098-01-06.png,with
i_a01-026-03-02.png,Rhodesia
i_e07-066-07-06.png,is
i_a02-057-06-03.png,was
i_a03-014-00-05.png,Government
i_c03-096c-04-06.png,he
i_a06-036-05-00.png,20
i_e01-119-02-08.png,remove
i_b05-042-03-01.png,TV
i_a06-051-04-00.png,and
i_a05-089-09-03.png,Shinwell
i_d01-098-02-08.png,robust
i_e06-010-04-05.png,when
i_b06-036-00-10.png,maintained
i_b03-104-07-09.png,is
i_a01-132x-02-00.png,in
i_a01-011x-08-02.png,is
i_d04-016-07-04.png,build
i_e04-068-00-03.png,included
i_b01-089-04-06.png,to
i_e04-052-03-05.png,which
i_a04-003-05-06.png,no
i_b04-121-00-03.png,fails
i_c06-011-07-02.png,sniffing
i_c02-022-05-07.png,island
i_c02-059-05-01.png,the
i_a01-077-00-07.png,in
i_a03-017-00-05.png,yet
i_a01-117u-10-05.png,up
i_a05-048-01-04.png,bored
i_c03-007c-00-01.png,A
i_b04-202-02-00.png,the
i_b01-079-07-00.png,it
i_d04-021-02-04.png,hardest
i_d07-089-08-00.png,actual
i_a02-042-01-06.png,These
i_b01-062-09-00.png,many
i_c02-082-05-00.png,the
i_a01-096u-04-03.png,for
i_b01-079-05-00.png,ceremonial
i_c01-009-01-03.png,and
i_b04-181-05-01.png,supplier
i_c01-009-07-02.png,masterpiece
i_a01-014x-06-06.png,Sir
i_e06-037-05-06.png,the
i_a01-026x-03-03.png,Northern
i_c03-094c-07-05.png,case
i_c03-081c-03-08.png,beautiful
i_b06-071-07-06.png,Scarborough
i_e02-117-03-00.png,work
i_e01-081-04-00.png,on
i_a04-054-00-07.png,Polaris
i_a05-080-08-01.png,the
i_a01-122-04-06.png,children
i_c02-059-09-01.png,ability
i_b05-050-04-05.png,of
i_a05-113-09-00.png,only
i_b05-071-04-09.png,hands
i_b01-089-01-07.png,Americans
i_a01-053x-03-05.png,Federal
i_b04-040-02-03.png,for
i_e02-086-00-04.png,actual
i_b06-042-01-02.png,Nato
i_a06-119-06-02.png,year
i_c06-011-08-05.png,a
i_c04-116-03-10.png,hit
i_b06-100-04-03.png,15-17
i_c03-084f-00-01.png,Bryan
i_a01-014x-04-04.png,to
i_a02-078-08-08.png,the
i_e01-113-05-08.png,a
i_d06-107-09-02.png,not
i_a01-003u-09-03.png,not
i_b06-023-07-01.png,range
i_d01-024-06-01.png,the
i_d07-089-05-01.png,divine
i_b06-042-07-04.png,still
i_e04-083-06-04.png,construction
i_e04-030-05-02.png,secured
i_c03-084b-00-05.png,quietly
i_a02-102-01-02.png,King
i_b04-096-00-08.png,the
i_b06-042-06-07.png,of
i_c03-007e-07-07.png,as
i_a01-038-05-01.png,called
i_a02-124-04-07.png,Bow-street
i_a02-086-06-04.png,but
i_b06-042-10-03.png,character
i_c03-087d-02-02.png,generate
i_c03-007-00-01.png,A
i_c01-014-04-04.png,of
i_b05-038-03-03.png,who
i_e01-025-02-04.png,the
i_c04-156-01-08.png,well
i_d04-101-00-01.png,dip
i_d07-102-00-06.png,of
i_b01-044-02-00.png,also
i_a03-023-10-04.png,but
i_e02-086-01-00.png,with
i_a06-039-01-07.png,truly
i_e07-000-05-03.png,small
i_c03-096a-05-08.png,believe
i_c04-075-06-00.png,enough
i_c02-078-06-02.png,plot
i_a01-058u-00-02.png,is
i_c03-007b-04-07.png,worn
i_a01-122-01-03.png,people
i_d05-008-06-00.png,Book
i_a05-029-07-00.png,military
i_c03-081a-04-08.png,not
i_a06-100-03-05.png,the
i_b01-073-00-04.png,the
i_e06-010-00-05.png,herring
i_c04-000-02-06.png,paraphrase
i_a06-110-02-01.png,this
i_b04-147-06-08.png,good
i_a04-089-05-04.png,or
i_a03-030-08-02.png,the
i_e02-025-02-03.png,as
i_c03-096b-06-08.png,oddly
i_a01-007-02-00.png,sentiment
i_d07-100-06-02.png,well
i_b03-025-02-07.png,disarmament
i_c06-076-00-08.png,some-
i_e06-026-07-04.png,underflow
i_a03-017-05-02.png,kept
i_e01-102-00-00.png,Remember
i_a01-053x-05-04.png,perform
i_c03-007d-00-04.png,Honey
i_b01-079-05-04.png,the
i_b01-132-07-00.png,go
i_b04-060-06-04.png,five-day
i_d06-086-00-02.png,would
i_c04-165-02-05.png,today
i_d05-030-04-10.png,his
i_a03-006-05-02.png,United
i_b03-104-00-03.png,that
i_a04-043-04-02.png,His
i_d06-100-02-04.png,further
i_e02-025-00-01.png,that
i_c02-007-02-03.png,exhibition
i_a04-072-07-02.png,that
i_b06-012-02-06.png,He
i_b06-036-01-02.png,must
i_b04-000-03-06.png,implicated
i_a01-058x-02-03.png,of
i_b04-128-04-04.png,is
i_a06-128-00-04.png,a
i_b02-045-01-03.png,Formula
i_e04-083-05-07.png,whilst
i_e06-037-02-05.png,the
i_a05-121-07-03.png,to
i_a01-026x-09-06.png,Mr.
i_d06-011-09-02.png,less
i_d04-117-05-10.png,let
i_c04-061-01-02.png,Perkins
i_b05-042-02-05.png,the
i_a01-102u-03-02.png,old
i_c03-094b-08-04.png,and
i_a01-072x-04-02.png,Government
i_d06-008-04-03.png,which
i_a02-078-08-00.png,back
i_a03-011-03-03.png,to
i_b06-068-05-01.png,rush
i_a03-017-07-04.png,and
i_b01-014-02-08.png,from
i_c03-021f-03-03.png,strong
i_a01-063-00-07.png,higher
i_a01-063u-06-02.png,early
i_a01-020u-01-03.png,despite
i_c02-078-09-08.png,girl
i_c04-008-08-00.png,the
i_e02-000-06-02.png,the
i_d04-058-05-02.png,her
i_d01-019-04-13.png,what
i_a01-020-07-06.png,of
i_d06-020-01-02.png,from
i_a04-059-02-04.png,people
i_d06-072-07-06.png,It
i_c03-081b-09-01.png,restrained
i_e06-041-06-02.png,a
i_d04-117-06-05.png,is
i_a01-113u-04-00.png,wretched
i_e04-132-02-05.png,design
i_a04-019-05-00.png,situation
i_b04-107-05-04.png,changed
i_b01-127-09-00.png,ruthlessly
i_c04-050-05-09.png,It
i_c03-087d-06-02.png,or
i_b01-118-08-00.png,white
i_d06-111-02-11.png,got
i_a01-049x-08-01.png,Robertson
i_b02-035-07-03.png,Constitution
i_d04-075-03-07.png,of
i_a03-054-01-04.png,Certainly
i_e02-086-01-06.png,bare
i_e01-025-08-02.png,the
i_d06-015-00-08.png,refrains
i_c03-007d-07-06.png,are
i_b01-127-03-05.png,can
i_a05-099-07-04.png,of
i_b03-025-04-00.png,and
i_e06-010-07-03.png,always
i_b06-045-04-05.png,next
i_a06-020-02-05.png,resigns
i_a01-026u-09-03.png,went
i_a01-077u-03-03.png,Press
i_a06-075-08-00.png,associate
i_a05-089-09-01.png,by
i_e04-091-02-00.png,spring
i_c04-000-00-03.png,friendly
i_e04-124-02-10.png,the
i_a03-059-00-01.png,Database
i_b02-013-09-01.png,as
i_c03-094f-01-06.png,his
i_b04-075-05-05.png,wild
i_b06-019-08-04.png,of
i_a01-011u-04-00.png,meet
i_b01-044-05-01.png,upwards
i_a01-091u-08-03.png,beyond
i_b01-073-09-01.png,logical
i_a01-063x-00-01.png,he
i_a02-046-01-00.png,bably
i_a04-000-05-06.png,main
i_b06-075-01-02.png,a
i_c06-087-03-05.png,full
i_a06-070-08-01.png,intention
i_b04-010-07-02.png,friends
i_d05-021-07-02.png,translation
i_d06-027-00-07.png,experienced
i_a03-014-02-01.png,Penh
i_c03-081e-01-06.png,speak
i_d06-086-08-05.png,jobs
i_a06-134-01-06.png,yesterday
i_a01-117u-03-06.png,had
i_c06-080-08-02.png,Vista
i_c03-094e-06-06.png,from
i_a06-141-04-07.png,in
i_e01-035-00-04.png,order
i_b06-012-00-08.png,apparatus
i_d01-049-04-07.png,by
i_e01-059-03-03.png,concentration
i_c03-016b-07-09.png,her
i_a01-113u-06-02.png,Labour
i_a01-030x-02-00.png,meeting
i_e04-132-01-02.png,and
i_d01-123-06-06.png,be
i_c03-081c-02-02.png,be
i_b03-114-00-04.png,fahrenheit
i_b04-075-01-09.png,have
i_b04-195-05-01.png,new
i_e04-083-01-01.png,to
i_c03-021d-06-05.png,He
i_e06-021-05-00.png,only
i_a05-025-01-06.png,officers
i_c03-007c-07-05.png,integral
i_a05-004-04-05.png,in
i_c03-000d-06-04.png,unity
i_c02-078-04-02.png,that
i_c02-022-03-01.png,indignity
i_c04-144-05-06.png,play
i_a04-096-01-02.png,the
i_c06-011-08-02.png,drop
i_b04-047-04-03.png,beware
i_a03-054-00-04.png,to
i_e01-032-01-03.png,reserved
i_e04-030-03-07.png,of
i_c01-066-00-05.png,certainly
i_a02-004-03-05.png,of
i_c06-005-07-07.png,old
i_a03-089-02-03.png,the
i_a01-014-02-00.png,future
i_b04-147-06-01.png,the
i_b01-073-00-03.png,of
i_a05-094-02-00.png,the
i_a05-029-06-03.png,need
i_b06-110-00-04.png,wrong
i_e04-026-04-05.png,in
i_b05-055-04-07.png,frostbite
i_c03-021e-04-03.png,as
i_a05-058-00-04.png,be
i_e02-074-07-04.png,is
i_b01-049-00-05.png,locked
i_b01-009-05-09.png,view
i_a02-037-05-03.png,power
i_c04-017-04-03.png,should
i_b04-047-01-09.png,United
i_b03-098-01-09.png,tempe-
i_a06-100-05-04.png,Many
i_d07-089-06-06.png,Mishnah
i_a03-066-03-06.png,at
i_b06-053-03-03.png,the
i_e06-049-04-05.png,before
i_b05-062-04-04.png,whom
i_c01-009-07-05.png,is
i_e04-103-04-10.png,as
i_b05-071-04-06.png,righteousness
i_a01-122u-04-01.png,inquiry
i_b04-202-01-06.png,Now
i_a01-049u-10-05.png,had
i_b01-009-02-01.png,attention
i_d07-096-00-00.png,Or
i_b01-023-03-06.png,to
i_b06-023-03-04.png,atomic
i_a01-063-09-06.png,America
i_c06-031-01-02.png,name
i_a03-011-02-06.png,Africa
i_a06-064-07-03.png,and
i_e06-000-00-00.png,This
i_a01-049u-09-03.png,he
i_c03-021f-06-04.png,in
i_b05-088-01-00.png,hectoring
i_b02-013-06-03.png,advisers
i_d05-008-02-02.png,Rome
i_c03-000e-01-03.png,of
i_a02-050-05-05.png,should
i_c04-170-02-02.png,the
i_a05-039-03-04.png,party
i_c03-021e-00-00.png,In
i_a01-049u-04-03.png,The
i_c03-081e-02-03.png,we
i_e04-086-04-08.png,seen
i_a06-044-05-06.png,were
i_b01-118-04-05.png,to
i_e01-107-08-06.png,made
i_b04-040-01-02.png,to
i_a06-039-09-02.png,in
i_b04-187-02-13.png,the
i_e04-011-03-01.png,end
i_e01-062-06-04.png,to
i_b06-008-03-05.png,cloak
i_b04-054-06-02.png,sign
i_c03-081e-01-02.png,in
i_a02-000-01-04.png,for
i_b04-187-02-07.png,says
i_d07-093-02-06.png,which
i_a02-012-03-02.png,backstage
i_a02-067-04-00.png,are
i_e04-119-03-02.png,right
i_a01-026u-09-04.png,to
i_a06-147-04-07.png,best
i_d04-117-00-02.png,carries
i_e04-127-00-00.png,I
i_e02-117-02-02.png,is
i_b03-098-06-01.png,would
i_a01-043x-02-02.png,of
i_c04-056-05-06.png,timing
i_a05-053-08-06.png,not
i_a05-116-04-02.png,He
i_c06-103-03-02.png,to
i_c02-012-01-07.png,not
i_b06-032-04-06.png,Western
i_a06-100-03-07.png,that
i_a03-023-05-02.png,Plain
i_e01-050-02-00.png,convents
i_a06-141-04-08.png,West
i_a02-057-04-00.png,been
i_e01-025-05-01.png,in
i_a01-072u-07-02.png,or
i_c03-094d-01-05.png,Allen
i_a01-128-04-02.png,indeed
i_e04-119-02-12.png,so
i_b01-014-00-08.png,on
i_c03-003e-00-05.png,play
i_c03-096f-04-01.png,with
i_a05-000-05-02.png,men
i_d06-056-05-00.png,if
i_c06-020-06-07.png,live
i_e07-066-00-05.png,in
i_a01-091-09-05.png,of
i_a01-117-04-03.png,swung
i_d01-118-04-00.png,writing
i_e04-052-03-11.png,first
i_a03-047-04-02.png,that
i_a04-072-01-03.png,prepared
i_c03-007c-07-08.png,the
i_a06-124-04-08.png,frozen
i_a05-025-00-01.png,about
i_a01-026x-08-02.png,Federation
i_a01-128-06-01.png,even
i_a04-031-05-02.png,by
i_d03-112-07-00.png,The
i_c03-000b-05-04.png,this
i_b01-009-00-02.png,has
i_a05-089-02-05.png,well
i_b01-113-03-01.png,is
i_a05-080-03-05.png,would
i_e02-014-01-01.png,gauge
i_d07-089-06-04.png,to
i_e01-014-03-02.png,he
i_a01-132-09-01.png,would
i_a02-046-05-12.png,to
i_b05-032-01-03.png,many
i_a04-059-05-05.png,opinions
i_a01-043u-05-04.png,negro
i_a06-020-05-02.png,commit
i_e01-025-08-00.png,ustrations
i_b05-079-08-00.png,Continent
i_a01-043-03-06.png,aroused
i_d06-020-08-04.png,nearer
i_b05-071-02-03.png,system
i_a03-006-03-05.png,the
i_d01-016-01-13.png,and
i_a06-064-05-07.png,attacks
i_b06-079-03-05.png,favour
i_e07-061-03-06.png,the
i_a01-020u-03-07.png,Liberals
i_a01-058u-08-05.png,Chancellor
i_a04-085-08-00.png,bases
i_d01-123-05-01.png,the
i_d07-093-08-02.png,quoted
i_b02-105-03-01.png,campaign
i_c03-021d-08-09.png,while
i_d04-047-05-06.png,failing
i_c01-066-02-01.png,perpetrated
i_c04-080-00-00.png,Then
i_e06-053-07-00.png,was
i_a04-015-00-07.png,Mr.
i_e02-091-06-04.png,for
i_b01-014-05-02.png,expulsion
i_a06-051-07-03.png,amazing
i_c04-144-07-05.png,as
i_a05-025-07-04.png,an
i_a02-067-00-06.png,they
i_c06-043-06-03.png,Since
i_c04-017-06-03.png,thanks
i_b04-187-03-02.png,And
i_a01-072u-00-07.png,on
i_c06-047-05-00.png,and
i_b05-074-06-00.png,Order
i_d06-107-02-03.png,entrance
i_b03-114-07-00.png,that
i_e02-074-05-00.png,it
i_e02-025-09-03.png,the
i_a02-020-01-01.png,in
i_a02-032-00-04.png,his
i_a05-009-03-01.png,concerned
i_a02-012-04-02.png,as
i_d04-071-04-07.png,give
i_b06-064-04-02.png,and
i_a01-043u-08-00.png,in
i_d04-131-04-06.png,and
i_b06-032-04-04.png,and
i_b04-140-05-05.png,able
i_d01-085-04-04.png,the
i_c02-030-02-10.png,In
i_a05-108-06-04.png,the
i_a04-039-05-04.png,Premier
i_c04-144-06-03.png,which
i_a02-032-05-07.png,ac-
i_a04-006-02-03.png,if
i_b01-127-02-00.png,Christianity
i_b04-107-07-00.png,rushed
i_d06-072-04-00.png,homes
i_d06-041-03-03.png,thoroughly
i_a05-084-05-05.png,fever
i_c01-066-03-03.png,close
i_d04-053-07-05.png,deceived
i_e01-014-03-07.png,as
i_a01-122-04-07.png,today
i_b06-071-03-02.png,carry
i_c03-094e-09-03.png,suitably
i_e04-068-02-01.png,easy
i_e06-070-03-01.png,like
i_c06-031-06-02.png,reminiscences
i_c06-000-05-00.png,gathered
i_b06-049-06-02.png,sharp
i_c04-050-08-04.png,a
i_e06-049-03-04.png,the
i_a04-043-07-01.png,have
i_c03-016c-00-02.png,is
i_a01-014x-06-00.png,to
i_a06-039-05-00.png,forces
i_a02-008-01-00.png,Commonwealth
i_d01-060-04-02.png,Adultery
i_a01-003x-06-02.png,House
i_e06-021-08-07.png,survival
i_c03-087e-03-07.png,world
i_a06-014-00-00.png,They
i_a01-107u-05-04.png,Interrupted
i_c06-095-01-04.png,to
i_a03-009-02-05.png,approval
i_b05-055-03-08.png,makes
i_e02-117-01-00.png,have
i_c06-083-05-05.png,seasonal
i_b04-175-03-01.png,history
i_b04-066-02-07.png,pessimists
i_a06-114-09-01.png,peak
i_b04-162-07-05.png,with
i_a01-077u-04-05.png,America
i_e01-059-05-09.png,fine
i_a02-032-00-00.png,But
i_d01-049-02-09.png,to
i_a05-084-00-05.png,seriousness
i_a03-014-03-05.png,Prime
i_c03-081b-01-05.png,to
i_d04-075-06-06.png,the
i_b05-042-01-01.png,processed
i_d06-063-09-02.png,blissful
i_a01-058-09-04.png,German
i_b04-107-05-07.png,were
i_e01-032-09-02.png,that
i_c03-096a-05-03.png,is
i_b05-032-06-00.png,darndest
i_a06-100-02-00.png,President
i_a03-027-01-06.png,was
i_c04-023-02-08.png,out
i_b04-075-01-04.png,H-bomb
i_e04-127-04-02.png,assortment
i_e07-012-06-01.png,able
i_e04-114-00-03.png,the
i_b05-071-04-05.png,of
i_a02-086-00-01.png,Against
i_c01-009-02-00.png,story
i_b01-049-00-06.png,up
i_c02-003-02-05.png,in
i_b04-081-00-01.png,not
i_e04-026-01-00.png,screws
i_a01-007x-07-01.png,from
i_e01-113-03-05.png,place
i_b01-053-06-02.png,a
i_a02-032-06-01.png,to
i_b04-116-06-05.png,it
i_e01-092-06-08.png,of
i_a02-093-05-01.png,Admiralty
i_a01-053-02-05.png,Immediately
i_c03-096e-06-08.png,the
i_e04-083-02-03.png,cut
i_b05-071-04-10.png,are
i_e06-006-08-01.png,the
i_e02-094-02-01.png,partly
i_b04-020-05-05.png,by
i_a01-087u-07-07.png,that
i_b06-049-06-03.png,struggle
i_e04-068-00-01.png,have
i_b04-010-03-03.png,Belgium
i_c02-012-04-05.png,chilling
i_b06-087-07-03.png,bases
i_d06-086-08-02.png,all
i_a02-057-06-02.png,agitation
i_a06-004-01-04.png,said
i_c03-021b-05-06.png,room
i_e07-061-03-02.png,June
i_a02-057-02-03.png,no
i_d04-125-02-13.png,four
i_a03-066-06-08.png,prepared
i_d07-096-08-02.png,Heavenly
i_d01-098-00-06.png,attached
i_b01-014-03-05.png,those
i_e06-015-02-02.png,dim
i_e06-049-00-00.png,Let
i_a01-011-00-07.png,Independence
i_b04-004-01-06.png,stir
i_c04-116-02-14.png,a
i_a06-090-07-00.png,Monday
i_e07-007-05-04.png,in
i_a04-023-01-01.png,by
i_d07-100-08-05.png,as
i_a05-099-04-04.png,armaments
i_a01-091u-08-02.png,far
i_b06-097-01-02.png,the
i_e02-086-03-10.png,in
i_d06-041-00-00.png,The
i_d06-113-03-06.png,particular
i_b04-004-06-02.png,Congolese
i_a04-039-00-03.png,before
i_b01-118-00-04.png,those
i_b04-066-03-02.png,motor
i_d05-008-04-06.png,Scotland
i_c06-000-04-01.png,actually
i_b04-116-02-05.png,that
i_a03-080-03-03.png,had
i_e06-006-06-01.png,is
i_c02-082-03-07.png,made
i_a02-012-05-04.png,command
i_b06-042-06-03.png,for
i_c02-026-00-02.png,of
i_c04-098-05-01.png,or
i_a01-068u-08-06.png,American
i_a05-084-05-06.png,pitch
i_d06-025-06-00.png,secret
i_e01-055-03-02.png,with
i_a04-047-08-02.png,missile
i_e04-019-00-03.png,the
i_b04-175-00-01.png,teenagers
i_e02-000-06-06.png,this
i_a04-003-04-05.png,Britain
i_b01-136-06-07.png,probably
i_e07-061-07-04.png,flies
i_b04-020-02-00.png,Lucky
i_b05-045-01-04.png,paint
i_a03-009-00-06.png,comments
i_a01-058-04-03.png,offer
i_a01-077-08-05.png,the
i_d06-046-09-05.png,go
i_b06-110-00-08.png,that
i_b04-010-07-06.png,happy
i_c03-000d-04-03.png,part-author
i_b04-140-07-01.png,themselves
i_a01-020u-04-00.png,attending
i_b06-079-04-02.png,trained
i_e01-081-05-10.png,crochet
i_a01-107u-00-03.png,that
i_a05-053-00-00.png,He
i_e06-000-04-02.png,must
i_c03-016b-03-01.png,mother
i_d01-104-00-03.png,might
i_c04-105-00-00.png,NEW
i_a05-116-02-03.png,Godber
i_c06-076-03-07.png,it
i_d06-041-05-07.png,undertake
i_b04-020-01-05.png,in
i_c02-056-03-01.png,Unheimliche
i_b01-113-00-11.png,regards
i_a02-042-01-02.png,convicted
i_a02-098-05-08.png,Rhodesian
i_b06-068-05-00.png,to
i_a01-063-04-04.png,Minister
i_a02-017-02-02.png,Colonial
i_c06-047-06-07.png,never
i_c02-049-06-00.png,a
i_a06-147-01-06.png,to
i_a01-007u-08-00.png,the
i_a04-066-01-02.png,not
i_b04-040-04-09.png,Acton
i_c02-078-04-03.png,once
i_e06-021-03-08.png,just
i_c02-022-01-06.png,rebukes
i_a03-043-03-07.png,Mr.
i_b01-000-00-06.png,out
i_a03-011-05-01.png,on
i_c04-160-04-01.png,by
i_b06-059-01-04.png,yet
i_a06-020-02-01.png,that
i_d06-027-02-02.png,better
i_a04-015-02-09.png,major
i_a03-047-01-02.png,role
i_a03-080-05-06.png,lesser
i_e04-099-01-06.png,for
i_c03-087c-00-06.png,distance
i_b05-079-00-01.png,concept
i_d04-086-00-02.png,tsitsits
i_d06-011-03-07.png,keep
i_a02-008-00-03.png,have
i_b06-064-10-00.png,peace
i_c03-016d-03-01.png,slatternly
i_b01-127-07-02.png,the
i_a05-004-03-01.png,single
i_c03-007a-00-01.png,A
i_c03-094b-05-07.png,asked
i_a03-017-05-04.png,kingdom
i_a03-054-04-03.png,has
i_e04-062-00-00.png,This
i_a02-012-05-02.png,Second
i_a05-025-07-03.png,of
i_a02-032-03-11.png,welfare
i_c06-027-03-04.png,over
i_a01-077u-06-01.png,said
i_d06-107-06-00.png,To
i_a01-063u-07-04.png,United
i_a01-087-04-04.png,by
i_e06-037-09-07.png,full
i_b06-004-06-02.png,cloak
i_c06-087-05-01.png,playing
i_c02-007-06-01.png,greys
i_b01-136-03-01.png,it
i_b06-045-04-03.png,a
i_d06-015-04-09.png,go
i_c03-016b-09-01.png,child
i_e02-025-02-00.png,needed
i_b05-017-02-04.png,Yanks
i_b05-071-03-03.png,about
i_e04-015-03-02.png,and
i_d04-096-04-00.png,ourselves
i_d07-093-07-04.png,deals
i_b06-090-03-04.png,British
i_a04-003-06-02.png,to
i_a03-047-03-00.png,baker
i_b01-084-07-07.png,plough
i_a01-049x-09-04.png,saying
i_b06-019-01-04.png,he
i_e04-004-01-07.png,Although
i_c02-049-08-01.png,personal
i_b05-074-03-02.png,believed
i_e04-124-01-00.png,taking
i_e02-094-04-05.png,and
i_e04-058-00-07.png,floor
i_a01-087u-00-00.png,Mr.
i_c06-027-06-07.png,orbit
i_c06-076-04-00.png,perfect
i_b05-074-06-10.png,expressed
i_a06-075-08-02.png,Mr.
i_d06-091-09-00.png,us
i_c03-000f-06-06.png,unity
i_d01-118-02-00.png,whether
i_b06-068-06-02.png,and
i_c06-106-00-02.png,is
i_c03-016c-01-04.png,situation
i_a01-020x-00-07.png,at
i_b05-088-06-05.png,and
i_c03-007e-07-00.png,the
i_c04-066-03-09.png,the
i_a01-043x-04-03.png,Deep
i_c03-000c-03-02.png,Mr.
i_e02-100-01-03.png,quality
i_d06-015-00-05.png,even
i_a01-068u-00-01.png,they
i_b06-032-00-01.png,this
i_b04-116-02-08.png,thoughtless
i_b04-066-03-00.png,said
i_a02-004-06-08.png,conduct
i_a01-117u-06-06.png,demanded
i_e02-082-07-05.png,if
i_c03-003f-08-02.png,to
i_c04-035-03-02.png,.
i_c02-078-06-08.png,in
i_b03-114-01-10.png,the
i_c03-081d-01-00.png,technical
i_a04-015-00-00.png,The
i_a04-023-03-07.png,Dean
i_b02-102-00-06.png,has
i_a05-113-04-00.png,the
i_b06-015-00-01.png,90-day
i_e01-107-01-05.png,ensure
i_b01-073-08-05.png,it
i_a02-046-02-03.png,the
i_a02-020-02-01.png,Minister
i_b05-058-02-04.png,content
i_a06-044-05-09.png,Fell
i_b01-004-06-02.png,has
i_b02-097-04-02.png,them
i_b06-004-03-07.png,the
i_c03-003a-00-03.png,a
i_a01-132u-07-01.png,said
i_c02-000-08-04.png,in
i_c03-087b-02-02.png,melodramatic
i_a03-027-01-03.png,of
i_a03-071-00-08.png,is
i_b01-033-05-00.png,of
i_a03-066-03-01.png,is
i_a03-043-03-01.png,Diefenbaker
i_c06-043-03-03.png,return
i_a01-122-05-02.png,welfare
i_a04-027-04-00.png,said
i_a01-132-06-02.png,the
i_a01-128u-08-05.png,cost
i_a01-122u-00-02.png,Powell
i_c04-165-08-00.png,to
i_a01-132u-02-06.png,decided
i_d06-111-04-05.png,done
i_c02-003-05-04.png,had
i_a06-070-01-04.png,He
i_b06-004-07-01.png,force
i_b01-073-06-06.png,could
i_d06-067-07-02.png,The
i_b05-050-05-05.png,of
i_a04-035-02-01.png,beginning
i_e01-025-01-04.png,a
i_b02-045-04-00.png,that
i_a05-069-09-00.png,in
i_a01-043u-05-07.png,Robert
i_c02-012-03-04.png,to
i_d07-100-00-01.png,proof
i_b06-049-04-02.png,anti-Tory
i_c03-081b-02-00.png,herself
i_a06-014-03-02.png,are
i_a02-093-05-07.png,expected
i_a06-095-09-04.png,minds
i_c06-011-07-00.png,other
i_d06-050-05-11.png,night
i_a05-104-00-03.png,the
i_e04-019-07-02.png,in
i_c04-050-01-03.png,act
i_d06-003-03-07.png,real
i_a05-062-00-04.png,authority
i_e06-000-04-05.png,migrate
i_b01-014-02-04.png,were
i_c02-026-02-02.png,story
i_d03-112-02-02.png,is
i_c03-087d-06-01.png,whether
i_c04-044-00-06.png,millionaire
i_e01-062-06-06.png,all
i_b01-132-02-02.png,to
i_c04-066-04-03.png,so
i_a03-059-08-06.png,Atlantic
i_a01-020x-00-05.png,the
i_b06-008-05-04.png,rearmament
i_b06-053-10-02.png,their
i_b06-082-01-04.png,the
i_a02-078-08-02.png,long
i_a06-014-08-02.png,ETU
i_a03-071-00-00.png,But
i_a06-114-07-06.png,Holiday
i_e07-007-05-09.png,United
i_b06-068-06-05.png,on
i_c03-087e-07-07.png,Ferris
i_a05-022-07-04.png,any
i_a04-039-09-05.png,an
i_b03-104-08-02.png,why
i_a01-038-03-00.png,sent
i_d06-067-08-06.png,they
i_e04-034-04-03.png,usual
i_c06-058-05-04.png,the
i_d01-060-02-02.png,But
i_a05-104-06-07.png,to
i_a01-096u-08-05.png,service
i_b06-000-05-01.png,that
i_a04-019-00-05.png,and
i_c03-000c-01-05.png,at
i_d04-075-01-00.png,contains
i_a03-011-03-06.png,frequent
i_e02-074-03-01.png,useful
i_d04-062-01-07.png,and
i_b04-066-03-04.png,was
i_e02-074-10-00.png,all
i_d06-030-01-07.png,which
i_e04-000-00-00.png,HERE
i_e01-092-06-06.png,glossy
i_b01-000-01-03.png,the
i_d07-100-06-05.png,it
i_a01-030x-01-02.png,Mr.
i_d01-080-03-10.png,Frequently
i_d01-052-06-06.png,to
i_c04-004-00-08.png,more
i_b06-079-09-06.png,position
i_e04-109-04-01.png,1/4
i_c06-116-05-02.png,the
i_c06-011-06-04.png,of
i_b05-032-09-07.png,fellow
i_b03-092-00-08.png,not
i_b03-114-02-04.png,alter
i_a01-020x-01-04.png,crisis
i_d04-032-08-06.png,created
i_e04-127-00-05.png,through
i_a03-059-04-08.png,is
i_c04-150-06-10.png,had
i_b04-116-02-10.png,has
i_b04-004-01-04.png,most
i_a06-036-03-03.png,on
i_d06-082-04-08.png,frequently
i_e04-000-02-04.png,chair
i_e02-014-05-01.png,the
i_a01-053u-03-04.png,to
i_c04-000-03-03.png,have
i_b02-035-10-05.png,revision
i_b06-053-01-04.png,by
i_a05-080-06-00.png,would
i_a04-099-06-01.png,of
i_b01-000-03-03.png,to
i_c06-011-04-06.png,convivial
i_a01-096u-05-03.png,doctor
i_d07-089-07-02.png,Mishnah
i_e04-011-08-01.png,feeding
i_c06-039-07-01.png,put
i_a02-106-05-03.png,for
i_a02-024-04-03.png,and
i_e06-037-09-06.png,a
i_a04-066-02-00.png,he
i_a03-063-06-07.png,unconvinced
i_c03-003b-00-04.png,filmed
i_a01-058u-07-00.png,did
i_c01-066-05-06.png,discreditable
i_b04-081-02-04.png,but
i_c04-080-04-06.png,contract
i_b01-049-05-03.png,valuation
i_c04-139-04-02.png,Wesker
i_d06-067-06-01.png,even
i_a03-011-02-01.png,new
i_b05-062-01-04.png,not
i_c03-084d-06-03.png,a
i_e04-095-03-02.png,measurements
i_b05-042-04-03.png,craftsman
i_a06-124-02-09.png,in
i_d04-081-00-09.png,life
i_a05-048-01-03.png,were
i_a04-015-05-01.png,purposes
i_b04-040-01-09.png,down
i_a01-113-04-03.png,jeers
i_c06-087-02-10.png,just
i_a04-069-00-06.png,said
i_c04-008-03-07.png,chance
i_d04-121-05-02.png,seeking
i_c06-020-02-07.png,Now
i_b04-128-04-03.png,year
i_a02-012-05-05.png,is
i_a04-085-01-01.png,of
i_d04-086-04-07.png,in
i_a01-117u-00-08.png,now
i_a06-119-00-04.png,the
i_a04-096-04-05.png,over
i_c03-021b-05-03.png,He
i_a01-058x-00-00.png,PRESIDENT
i_c02-017-01-00.png,considerable
i_e07-061-07-01.png,in
i_a01-102-08-01.png,surveyor
i_a01-113u-03-01.png,an
i_a01-007-05-03.png,two
i_a02-120-02-03.png,rally
i_b04-154-05-06.png,may
i_c03-084d-06-05.png,on
i_b05-032-03-01.png,knew
i_d03-112-03-04.png,our
i_a01-043x-07-01.png,Government
i_b01-014-02-05.png,she
i_d06-041-01-06.png,This
i_a01-020-01-06.png,had
i_b05-038-03-06.png,spin
i_b01-127-07-00.png,actions
i_a02-000-01-00.png,team
i_c04-013-03-02.png,is
i_b04-040-05-07.png,a
i_b01-049-05-02.png,new
i_c03-094f-08-06.png,of
i_c01-066-04-06.png,brought
i_c04-150-01-10.png,the
i_a04-023-04-05.png,briefing
i_c04-122-02-07.png,(
i_a06-157-00-02.png,has
i_d06-027-02-03.png,than
i_a03-040-02-06.png,1957
i_b06-012-04-02.png,meeting
i_a04-081-08-02.png,particularly
i_a04-000-05-00.png,to
i_b03-114-01-00.png,Once
i_e04-083-03-03.png,the
i_e04-109-02-08.png,flat
i_d05-025-02-08.png,was
i_a02-124-00-02.png,so
i_a01-011u-07-00.png,majority
i_c03-016c-00-06.png,telling
i_c04-105-03-01.png,saw
i_b04-154-01-03.png,the
i_c03-096f-02-03.png,feels
i_c03-021a-07-01.png,his
i_c02-022-01-01.png,missing
i_a01-058x-02-02.png,balance
i_b06-032-01-07.png,has
i_c03-007c-06-03.png,sacred
i_e04-019-04-06.png,sides
i_e02-086-02-06.png,tools
i_d04-096-03-11.png,have
i_d04-047-04-06.png,if
i_c04-116-00-14.png,time
i_a03-034-01-06.png,Record
i_c03-087b-05-03.png,perhaps
i_a04-050-01-05.png,to
i_b04-116-07-05.png,for
i_b02-097-05-05.png,soon
i_a04-059-01-01.png,the
i_e04-086-06-02.png,side
i_b04-004-03-02.png,quit
i_d07-093-01-02.png,the
i_c03-003b-07-02.png,the
i_c06-095-02-02.png,spokesman
i_a04-050-00-07.png,an
i_d06-037-01-03.png,tossing
i_b04-128-06-01.png,faith
i_b03-087-01-05.png,this
i_b06-042-10-06.png,current
i_d05-021-01-09.png,for
i_c04-128-00-11.png,C
i_e04-026-00-00.png,Finally
i_c03-021e-02-04.png,women
i_c03-084e-07-03.png,ambition
i_e07-000-05-05.png,and
i_d06-104-05-00.png,started
i_b04-047-01-07.png,of
i_b06-004-03-06.png,war
i_a02-120-10-02.png,Square
i_b05-098-09-04.png,Adhem
i_a04-059-07-00.png,supporters
i_a05-013-02-05.png,in
i_c03-000c-03-07.png,is
i_a03-027-06-07.png,with
i_c03-081c-01-02.png,allowing
i_c02-007-05-01.png,and
i_c06-128-08-06.png,his
i_b02-105-05-04.png,close
i_e06-006-08-03.png,and
i_c04-017-00-06.png,of
i_e01-032-07-05.png,one
i_a01-043u-07-03.png,there
i_d04-047-02-01.png,of
i_a01-000u-02-01.png,to
i_a04-099-01-02.png,whole
i_c06-100-06-09.png,the
i_a04-047-07-01.png,tactics
i_c04-017-06-07.png,performance
i_b03-104-00-02.png,true
i_c06-011-00-06.png,who
i_b06-087-07-06.png,on
i_c04-000-00-00.png,NEXT
i_a01-003-03-06.png,Labour
i_a03-047-07-00.png,Nations
i_e02-086-03-02.png,to
i_b02-102-04-03.png,had
i_d04-125-02-08.png,our
i_c04-017-06-01.png,treatment
i_d04-117-04-06.png,to
i_b01-132-06-07.png,they
i_a01-053x-07-00.png,committee
i_d06-072-01-07.png,at
i_b02-102-02-05.png,ways
i_b06-056-09-07.png,the
i_a01-030-06-00.png,said
i_a06-110-04-04.png,agree
i_a04-069-07-03.png,of
i_b01-000-04-06.png,end
i_a05-058-07-05.png,would
i_b04-060-06-00.png,men
i_a02-111-00-04.png,will
i_c03-096f-06-05.png,of
i_b04-040-00-09.png,himself
i_d04-021-04-08.png,which
i_b04-089-03-00.png,labour
i_c06-080-08-00.png,the
i_a01-026x-01-06.png,there
i_b02-035-10-01.png,by
i_a04-092-04-05.png,between
i_c02-030-02-00.png,suddenly
i_a03-073-08-07.png,the
i_d04-096-05-09.png,all
i_c03-016a-00-01.png,there
i_b05-083-02-05.png,no
i_a02-037-06-01.png,services
i_a02-120-05-09.png,deal
i_b05-058-00-11.png,next
i_e06-070-09-04.png,be
i_b06-015-00-02.png,war
i_d07-089-06-01.png,is
i_a04-089-07-01.png,there
i_a04-010-07-00.png,broadcast
i_a03-063-04-05.png,space
i_e06-049-00-05.png,would
i_e01-059-04-01.png,fashion
i_a01-007u-03-00.png,of
i_c04-089-02-16.png,well
i_b06-059-08-02.png,the
i_b05-055-01-05.png,terrors
i_e04-114-03-06.png,the
i_c03-003c-05-01.png,so
i_c03-021e-02-07.png,moved
i_e04-015-04-01.png,and
i_a04-096-02-02.png,the
i_e06-006-08-04.png,the
i_c03-084e-01-07.png,formal
i_b04-054-02-06.png,Britain
i_e06-021-09-03.png,the
i_b04-107-02-09.png,within
i_e01-018-03-02.png,lace
i_e06-010-00-07.png,not
i_d04-012-07-06.png,God
i_a05-116-06-09.png,a
i_a01-026u-00-05.png,Colonial
i_b06-053-08-00.png,Gaitskellites
i_a01-049x-03-06.png,Communist
i_a01-020-08-00.png,proposed
i_b05-045-07-03.png,bats
i_c03-094b-02-03.png,palely
i_c04-144-03-05.png,Courtenay
i_c03-007f-08-04.png,story
i_b04-107-01-00.png,in
i_b06-012-04-10.png,we
i_c03-084b-06-03.png,unfamiliar
i_a05-099-05-04.png,suggested
i_b02-035-07-00.png,the
i_e01-119-06-09.png,finger
i_d01-049-02-04.png,until
i_c03-000a-02-02.png,tomorrow
i_c04-000-01-07.png,Palladium
i_a01-063x-07-05.png,America
i_d01-085-02-11.png,codex
i_b01-094-01-08.png,the
i_b01-004-06-00.png,of
i_a03-054-10-01.png,Minister
i_e04-030-00-05.png,screw
i_c04-075-04-11.png,strike
i_d05-040-03-10.png,should
i_a06-110-05-04.png,not
i_a05-029-07-01.png,operations
i_d04-008-05-02.png,very
i_d01-123-05-09.png,extra
i_a01-014-02-03.png,Mr.
i_b04-128-00-11.png,chemical
i_d07-100-02-02.png,of
i_b03-092-05-10.png,Meteoro-
i_a01-091-05-02.png,burdens
i_a04-089-02-06.png,large
i_b06-049-00-01.png,Scarborough
i_a05-000-01-05.png,is
i_c04-122-07-03.png,and
i_c03-087a-06-06.png,more
i_a06-070-06-09.png,of
i_a02-078-06-05.png,1959
i_c04-061-05-03.png,thorough
i_e01-059-03-08.png,can
i_c04-128-00-07.png,I
i_a01-117u-02-09.png,percentage
i_c03-007a-06-10.png,as
i_a03-023-04-03.png,Khouang
i_b01-122-00-05.png,contact
i_a02-116-00-07.png,which
i_a05-025-01-05.png,retired
i_b03-098-06-07.png,better
i_c06-106-09-04.png,of
i_a04-039-08-01.png,to
i_a01-011-02-08.png,London
i_b01-118-05-08.png,Verwoerd
i_b04-010-00-06.png,Who
i_b06-090-06-03.png,and
i_e07-066-05-03.png,post
i_d05-040-03-06.png,a
i_c04-098-02-06.png,He
i_a03-040-04-06.png,a
i_c06-076-04-05.png,It
i_d04-096-05-02.png,the
i_a02-037-07-02.png,offence
i_a01-082u-01-04.png,during
i_a05-073-05-05.png,establish
i_b06-079-06-00.png,not
i_e02-100-05-01.png,to
i_a05-039-07-01.png,and
i_c03-087e-05-10.png,not
i_e01-014-02-02.png,as
i_b06-071-01-00.png,rally
i_a01-030x-06-06.png,Roy
i_a02-111-08-07.png,planned
i_e06-037-08-02.png,fishery
i_d04-086-01-08.png,the
i_d01-060-06-00.png,the
i_a01-003-05-00.png,life
i_c06-031-07-02.png,recall
i_a03-030-05-03.png,to
i_b04-026-06-04.png,to
i_b01-132-08-01.png,as
i_c03-081e-01-03.png,allowing
i_a01-014x-02-05.png,last
i_e01-086-02-01.png,knotted
i_c03-094a-01-01.png,pushing
i_e04-026-03-05.png,the
i_b04-187-05-02.png,taste
i_a01-063u-06-06.png,210million
i_d04-101-03-07.png,inherit
i_c03-003c-06-01.png,its
i_e01-032-01-02.png,be
i_c03-021a-03-04.png,the
i_d04-086-00-06.png,sealed
i_a01-082u-08-05.png,poles
i_a01-113-01-00.png,different
i_a01-063u-08-07.png,due
i_a04-019-05-01.png,in
i_d06-063-03-10.png,who
i_c03-096b-03-03.png,in
i_e01-107-02-03.png,that
i_a03-063-09-07.png,the
i_c06-116-10-01.png,Antonioni
i_a04-031-09-00.png,and
i_a04-059-00-00.png,The
i_a06-095-06-01.png,Common
i_a01-038x-00-03.png,the
i_a01-107u-05-07.png,Tories
i_b05-098-06-00.png,hell-bound
i_c03-016c-08-00.png,Fanny
i_e01-119-06-08.png,little
i_e01-062-00-04.png,crochet
i_a02-086-05-06.png,statements
i_c04-075-04-03.png,thumb-tack
i_b04-060-03-07.png,they
i_e01-107-00-06.png,for
i_c04-144-03-08.png,outstanding
i_b03-092-05-02.png,the
i_c03-003a-01-00.png,conceived
i_a03-027-09-00.png,leader
i_c06-128-08-02.png,loaded
i_c01-066-03-02.png,been
i_d06-027-06-01.png,what
i_a04-015-02-05.png,Their
i_a01-043x-02-05.png,as
i_d07-096-06-00.png,expression
i_a01-102u-06-05.png,got
i_a05-116-05-03.png,creature
i_c03-087b-01-06.png,to
i_b04-034-03-08.png,John
i_c03-081a-09-03.png,restrained
i_c03-000d-06-05.png,of
i_a01-082u-06-00.png,did
i_a05-004-03-07.png,be
i_a01-107u-04-02.png,remain
i_b04-047-02-03.png,Lord
i_b04-128-04-05.png,likely
i_a01-072u-07-05.png,obvious
i_a06-075-00-07.png,Her
i_c01-066-07-00.png,making
i_b06-079-05-00.png,Defence
i_a03-071-03-00.png,it
i_b05-074-04-00.png,them
i_a03-037-02-02.png,four
i_a01-128u-03-07.png,giving
i_c03-096a-02-01.png,feels
i_a03-066-00-02.png,main
i_a06-036-05-08.png,housing
i_c03-094f-05-03.png,comically
i_a04-019-03-10.png,the
i_a03-073-00-03.png,question
i_a04-019-06-08.png,and
i_a03-020-03-05.png,officers
i_e07-072-06-03.png,are
i_e07-012-02-01.png,mantis
i_e04-052-06-08.png,may
i_c06-043-02-05.png,heart
i_c03-003c-01-00.png,ceived
i_a05-062-00-00.png,With
i_b04-187-00-03.png,at
i_b04-187-06-00.png,enterprises
i_d04-021-05-04.png,is
i_b01-038-02-06.png,international
i_b04-154-02-04.png,of
i_d06-011-00-03.png,may
i_a03-027-04-04.png,out
i_a06-057-00-03.png,infuriate
i_c06-039-04-01.png,Ireland
i_a02-017-05-00.png,he
i_a06-114-05-00.png,spending
i_b01-113-01-04.png,could
i_b04-116-03-05.png,crisis
i_e01-055-00-06.png,pictures
i_a01-082u-07-05.png,Brown
i_b06-064-07-04.png,immediate
i_c02-082-04-03.png,shown
i_a06-090-05-05.png,Mr.
i_c06-095-01-03.png,got
i_b05-055-01-03.png,have
i_a01-026-01-04.png,night
i_a05-029-03-04.png,Watkinson
i_a05-089-03-01.png,started
i_d03-117-02-00.png,supply
i_d04-117-07-00.png,drink
i_a01-068u-04-07.png,past
i_d06-003-02-08.png,us
i_b06-110-01-08.png,training
i_d04-101-02-11.png,makes
i_a05-099-06-04.png,of
i_e01-029-01-00.png,and
i_a02-067-03-06.png,say
i_a02-124-03-01.png,outlying
i_b06-090-04-00.png,home
i_c03-007f-05-06.png,the
i_e06-000-02-06.png,the
i_b04-175-01-06.png,how
i_c04-000-04-02.png,the
i_b01-027-00-08.png,home
i_c06-039-04-05.png,shillelagh
i_e06-041-05-04.png,the
i_e04-091-03-06.png,into
i_b06-015-05-05.png,Germany
i_e01-055-09-03.png,into
i_c03-007d-07-09.png,an
i_c02-017-09-00.png,the
i_c06-005-01-06.png,hearts
i_d01-019-01-00.png,Fourth
i_a01-063-03-05.png,Brentano
i_e06-053-00-04.png,and
i_a05-080-05-03.png,fully
i_a01-063-00-01.png,he
i_c03-096f-02-07.png,to
i_e04-026-01-08.png,is
i_c03-003d-02-06.png,qualities
i_c06-100-03-07.png,believe
i_b01-009-00-00.png,The
i_c04-017-00-08.png,way
i_c03-021a-07-06.png,and
i_b06-053-08-03.png,position
i_c03-016e-04-01.png,she
i_c04-089-02-02.png,has
i_a01-068u-00-03.png,unimpressed
i_e04-015-03-05.png,of
i_a01-063x-07-00.png,of
i_b06-093-10-02.png,handful
i_b04-040-01-01.png,had
i_a06-075-06-06.png,called
i_e04-099-06-03.png,of
i_e04-022-06-00.png,to
i_c03-087a-02-03.png,inevitability
i_a02-008-03-04.png,have
i_d06-086-07-09.png,and
i_d04-071-00-01.png,we
i_c02-012-06-05.png,director
i_a03-066-03-08.png,time
i_a01-030x-00-06.png,the
i_a01-030x-00-07.png,Fede-
i_c01-009-06-02.png,the
i_c03-021f-03-05.png,instinct
i_c03-003c-07-05.png,failed
i_e07-000-02-05.png,over
i_b01-118-03-06.png,sort
i_a01-058u-03-03.png,Washington
i_c03-016d-06-00.png,the
i_c03-094b-05-04.png,they
i_b01-000-00-03.png,Prime
i_a01-132u-04-05.png,undermining
i_d07-096-00-05.png,our
i_b04-107-04-04.png,Iain
i_c04-105-02-05.png,fame
i_b04-040-02-09.png,to
i_a01-049x-02-02.png,it
i_c03-096e-04-08.png,that
i_c03-016c-08-01.png,her
i_c02-030-07-03.png,apocalypse
i_a01-014-03-09.png,the
i_d06-011-00-02.png,which
i_d06-050-01-01.png,the
i_d01-104-04-08.png,his
i_c04-050-02-05.png,the
i_c03-096c-02-08.png,spite
i_d04-047-07-04.png,to
i_b01-094-08-03.png,which
i_a05-125-04-02.png,than
i_c03-021b-07-00.png,someone
i_c04-080-00-02.png,tried
i_b05-071-02-08.png,with
i_d04-101-01-09.png,our
i_d04-058-05-01.png,not
i_c03-000e-01-06.png,at
i_e04-034-01-00.png,with
i_b04-107-02-06.png,thriving
i_b02-045-05-04.png,It
i_a03-017-07-01.png,the
i_b04-034-04-10.png,feel
i_c03-003b-07-00.png,to
i_d06-008-09-00.png,unnecessary
i_c01-009-09-04.png,manipulator
i_c03-007c-07-06.png,part
i_a05-058-01-07.png,am
i_c03-021a-05-05.png,to
i_a01-063x-01-07.png,be
i_d04-125-04-05.png,I
i_a02-037-07-04.png,with
i_a01-030u-01-04.png,at
i_c06-106-05-04.png,wife
i_a06-064-07-01.png,of
i_a03-017-00-01.png,Souvanna
i_e04-119-04-09.png,for
i_e07-061-09-03.png,jars
i_b04-202-03-07.png,Oxford
i_a03-030-00-07.png,testing
i_a02-008-02-09.png,Canada
i_d07-089-04-05.png,proof
i_e01-018-07-06.png,does
i_b04-034-01-00.png,the
i_a04-043-00-04.png,a
i_e04-079-01-03.png,as
i_c03-016a-07-00.png,but
i_a06-090-01-01.png,Market
i_a01-132u-06-02.png,charges
i_a01-072x-03-07.png,blow
i_b05-058-03-03.png,the
i_b06-097-04-03.png,at
i_b04-140-07-00.png,ask
i_c04-028-00-06.png,Lee
i_a05-084-05-03.png,rose
i_b03-087-05-03.png,the
i_b05-062-03-12.png,person
i_a02-024-02-02.png,Consultative
i_d06-041-01-03.png,the
i_d05-040-02-07.png,Book
i_c04-056-01-08.png,often
i_d04-032-10-02.png,real
i_a01-030u-07-01.png,James
i_b04-034-01-01.png,B.B.C.
i_e06-006-04-04.png,need
i_a05-069-02-03.png,on
i_d01-060-02-00.png,large
i_c04-028-06-06.png,act
i_c04-160-06-06.png,complained
i_e02-086-08-06.png,that
i_b06-079-09-00.png,Britain
i_e07-003-07-01.png,control
i_a01-014u-04-00.png,do
i_e04-124-06-00.png,one
i_e06-015-05-06.png,or
i_a06-114-00-07.png,our
i_a02-008-07-07.png,the
i_a06-014-08-04.png,refused
i_d04-089-01-08.png,and
i_b04-081-00-03.png,Lord
i_a02-020-04-08.png,year
i_b06-100-09-01.png,from
i_a05-116-01-01.png,her
i_c03-081b-00-00.png,Arguably
i_b06-042-02-01.png,the
i_a05-073-01-02.png,He
i_a03-047-04-00.png,impression
i_e01-014-04-10.png,My
i_c04-044-07-04.png,his
i_c04-105-00-05.png,front
i_e06-041-02-07.png,effect
i_b04-147-00-07.png,the
i_d06-111-05-10.png,on
i_e06-033-01-01.png,strongest
i_c04-017-06-04.png,to
i_c02-056-07-07.png,than
i_c03-081c-06-06.png,longest
i_a02-120-04-04.png,last
i_d04-012-05-09.png,worm
i_c01-009-07-08.png,respects
i_a03-066-02-00.png,Federal
i_b05-079-04-01.png,population
i_e01-029-02-03.png,and
i_d01-080-01-09.png,of
i_e04-083-01-08.png,boat
i_c06-052-01-10.png,a
i_e01-022-00-00.png,Lucky
i_d07-093-01-05.png,the
i_d04-037-04-00.png,serve
i_d01-104-01-01.png,circles
i_b06-100-01-02.png,few
i_a01-117-03-03.png,from
i_a03-017-05-08.png,though
i_e01-092-02-05.png,to
i_a01-107u-06-07.png,bay
i_c03-000f-03-05.png,Mr.
i_d06-076-00-00.png,Can
i_e01-029-00-04.png,how
i_b01-127-08-02.png,being
i_c06-027-03-01.png,when
i_d06-091-06-05.png,given
i_e01-018-02-05.png,laced
i_a01-020x-07-04.png,of
i_a05-089-03-00.png,We
i_c03-094b-07-09.png,Mr.
i_c03-081f-05-00.png,heard
i_e04-004-06-01.png,be
i_c04-017-01-07.png,might
i_b06-100-07-02.png,expected
i_a02-093-07-06.png,is
i_c03-021c-00-08.png,an
i_e01-119-04-06.png,close
i_a02-053-01-02.png,to
i_e06-053-07-07.png,was
i_e02-018-00-03.png,the
i_d06-050-05-00.png,of
i_a05-099-07-00.png,weapons
i_d07-089-02-01.png,in
i_b05-071-02-09.png,power
i_e02-014-01-03.png,now
i_d05-008-00-00.png,The
i_a04-089-02-05.png,very
i_a06-064-05-00.png,support
i_a03-023-08-06.png,pro-
i_e02-025-04-02.png,it
i_a03-043-01-02.png,still
i_c04-039-01-04.png,big
i_a06-064-06-04.png,But
i_b06-075-09-01.png,those
i_e04-019-03-01.png,the
i_d04-086-02-05.png,to
i_a02-082-06-05.png,last
i_a01-091u-04-04.png,placing
i_e02-000-02-01.png,frequently
i_b04-066-04-10.png,have
i_d06-020-05-05.png,there
i_b06-090-05-05.png,on
i_d06-027-03-08.png,that
i_c03-087c-02-04.png,its
i_c03-096b-04-00.png,with
i_c04-035-03-09.png,but
i_b06-082-02-00.png,They
i_a01-058-09-02.png,the
i_b04-187-07-06.png,industry
i_a06-036-03-02.png,Applauding
i_a01-026x-01-04.png,night
i_a01-117-05-06.png,that
i_d06-050-04-09.png,sense
i_a04-089-00-04.png,of
i_e04-099-04-03.png,sides
i_e04-127-04-07.png,are
i_a01-014u-05-06.png,Mr.
i_c04-080-02-11.png,The
i_a05-069-01-01.png,in
i_b01-053-06-04.png,of
i_a05-044-09-05.png,candi-
i_c04-017-03-00.png,Hollywood
i_e04-099-04-07.png,and
i_c03-081a-08-07.png,performance
i_c06-076-05-01.png,hiccup
i_b06-097-00-03.png,window
i_a01-020-04-06.png,the
i_a02-024-03-11.png,af-
i_a01-082u-08-03.png,who
i_b06-036-02-08.png,means
i_a01-000x-03-08.png,subject
i_d04-117-06-04.png,who
i_c01-066-07-01.png,propensities
i_a01-038x-00-02.png,thought
i_a06-000-00-06.png,his
i_c02-049-09-05.png,for
i_a05-089-02-02.png,were
i_b06-087-08-00.png,the
i_e06-070-03-06.png,hardly
i_a02-093-01-08.png,his
i_a01-102-05-01.png,dealing
i_b03-087-04-05.png,for
i_a04-099-09-01.png,an
i_c04-144-07-02.png,only
i_a04-092-05-07.png,in
i_a02-012-02-00.png,son
i_d01-080-03-04.png,to
i_c06-128-08-01.png,a
i_b04-066-01-05.png,up
i_d04-062-01-10.png,your
i_b04-000-06-04.png,of
i_b01-089-04-04.png,no
i_e07-061-06-09.png,had
i_c06-020-06-06.png,to
i_c03-094b-07-06.png,the
i_a03-043-07-00.png,observers
i_a04-050-00-05.png,member
i_a02-098-05-05.png,Moffat
i_e02-014-05-03.png,sole
i_c03-000f-05-01.png,Delaney
i_a01-063x-05-02.png,week
i_d06-027-06-02.png,may
i_c02-035-04-07.png,great
i_b06-049-00-02.png,carried
i_a05-089-06-00.png,State
i_a02-090-00-08.png,of
i_c03-000f-04-00.png,Richardson
i_e06-026-06-00.png,water
i_a04-039-07-06.png,striven
i_b01-057-00-07.png,paid
i_c02-082-07-07.png,fairly
i_b04-089-03-07.png,indeed
i_a02-004-02-01.png,Mr.
i_b04-169-06-02.png,is
i_c06-116-03-02.png,every
i_c06-103-04-02.png,the
i_e07-066-06-02.png,the
i_b04-134-00-02.png,today
i_a01-117-02-04.png,social
i_d04-053-09-02.png,is
i_d06-086-04-07.png,less
i_b06-004-04-01.png,of
i_b01-073-04-00.png,would
i_a06-141-05-09.png,by
i_a03-027-04-06.png,the
i_b05-058-01-08.png,of
i_a05-108-01-04.png,to
i_b06-027-00-02.png,West
i_c02-003-02-00.png,may
i_c04-160-06-02.png,MORE
i_a02-111-01-01.png,wait
i_c03-007e-00-01.png,A
i_e01-035-02-01.png,schools
i_a05-044-02-01.png,South
i_c03-094e-03-06.png,by
i_b04-121-06-02.png,major
i_b04-140-08-01.png,freedom
i_a01-030x-01-04.png,was
i_a04-050-00-02.png,said
i_e04-008-00-09.png,pinned
i_c03-021c-06-06.png,his
i_a02-012-01-03.png,fields
i_a04-043-06-02.png,depend
i_a01-007u-01-05.png,Most
i_a05-009-07-00.png,or
i_a03-050-02-08.png,cross
i_d06-041-01-02.png,to
i_b01-094-05-00.png,the
i_b03-087-00-06.png,given
i_a01-096u-05-01.png,a
i_b06-042-07-03.png,and
i_a01-007u-04-01.png,has
i_d04-081-00-05.png,The
i_c06-091-01-08.png,film
i_a05-069-09-07.png,South-East
i_b04-202-03-03.png,as
i_b04-195-00-05.png,on
i_a05-048-09-03.png,to
i_c04-056-03-08.png,skirt
i_e01-025-09-05.png,sympathy
i_e02-025-05-02.png,the
i_c02-049-05-01.png,aspects
i_a04-047-04-03.png,the
i_c03-007-01-05.png,North
i_c03-016a-01-03.png,the
i_c03-094c-07-04.png,the
i_a03-040-00-07.png,September
i_a02-004-03-02.png,under
i_a01-102u-08-05.png,cost
i_a02-124-04-05.png,Central
i_a01-011u-07-06.png,the
i_b06-068-01-01.png,decisions
i_d06-030-04-09.png,comes
i_c03-096d-08-00.png,foreigners
i_d01-085-03-08.png,out
i_b01-073-05-06.png,its
i_e01-029-06-00.png,to
i_a06-025-03-06.png,must
i_b05-032-05-02.png,British
i_d06-008-00-04.png,pushes
i_e04-095-01-07.png,before
i_d06-027-06-08.png,when
i_e04-011-00-04.png,These
i_b04-034-01-07.png,ONE
i_b04-121-01-01.png,plunged
i_d07-089-04-09.png,by
i_d06-086-00-05.png,far
i_a04-019-03-05.png,attention
i_d07-096-02-09.png,supported
i_e06-033-00-09.png,It
i_c03-000a-05-06.png,derived
i_a05-121-02-04.png,pollution
i_c06-111-03-07.png,in
i_c02-035-04-03.png,the
i_a03-030-08-01.png,by
i_b06-059-04-06.png,and
i_a01-014-04-01.png,Government
i_c02-030-01-04.png,one
i_a05-022-05-01.png,at
i_a03-047-08-02.png,leadership
i_d07-085-01-04.png,illustration
i_a01-063u-01-07.png,be
i_d06-008-08-03.png,the
i_a01-020-03-01.png,the
i_c03-081a-02-04.png,would
i_d04-075-00-04.png,is
i_c06-039-04-07.png,orbit
i_a05-048-03-03.png,the
i_b05-032-09-10.png,taken
i_a05-029-08-06.png,sacrificed
i_d06-113-00-01.png,will
i_b06-056-00-01.png,obstructed
i_e02-091-04-03.png,vast
i_a04-027-00-08.png,President
i_d01-080-02-00.png,bar
i_a01-020-07-07.png,a
i_d04-028-00-03.png,stone
i_c04-004-02-03.png,American
i_c03-081f-03-01.png,our
i_e06-049-04-01.png,of
i_a01-043x-07-02.png,and
i_b06-004-00-05.png,rearma-
i_a05-104-01-04.png,Ministers
i_a04-050-03-02.png,proposals
i_b04-202-01-04.png,subjects
i_a05-084-03-00.png,attitude
i_a02-116-03-02.png,of
i_c03-007c-02-03.png,it
i_e06-010-00-00.png,In
i_e04-099-00-03.png,bottom
i_a05-113-07-02.png,her
i_a01-082u-00-05.png,sharp
i_c01-066-06-01.png,and
i_e02-094-01-05.png,which
i_c03-094e-07-02.png,moods
i_b05-042-06-02.png,very
i_b02-045-02-00.png,very
i_c02-078-05-04.png,(
i_c03-007d-00-02.png,Taste
i_a01-011-03-08.png,Sir
i_c04-144-05-09.png,brilliantly-written
i_d04-101-01-07.png,Tradition
i_c03-007c-00-07.png,has
i_b05-079-02-01.png,that
i_a01-077-03-04.png,Press
i_a01-007x-04-00.png,have
i_d07-082-06-06.png,Finally
i_d04-071-02-02.png,your
i_a06-128-10-00.png,this
i_a01-000u-02-02.png,be
i_a03-054-03-03.png,House
i_c03-007c-05-03.png,the
i_a02-053-03-07.png,from
i_a01-043u-04-00.png,opposition
i_b03-087-00-10.png,days
i_a01-117u-05-05.png,directly
i_c04-013-00-06.png,whom
i_c03-087c-05-05.png,if
i_b05-042-03-06.png,a
i_e01-086-00-11.png,linen
i_a05-029-05-04.png,had
i_e01-059-01-04.png,fine
i_c06-091-02-01.png,places
i_a05-094-10-04.png,display
i_c03-084a-05-10.png,morality
i_e04-099-02-01.png,after
i_a01-030u-04-01.png,said
i_a04-039-08-02.png,safeguard
i_c03-003f-02-00.png,and
i_d04-028-04-07.png,earth
i_c03-003b-02-08.png,story
i_c03-081b-02-02.png,we
i_a05-017-04-04.png,some
i_b04-116-06-08.png,face
i_a03-027-01-02.png,miles
i_c03-087b-08-00.png,his
i_c04-008-02-07.png,Frankie
i_a03-047-04-01.png,remains
i_a01-107-01-08.png,standard
i_a05-062-02-07.png,Sir
i_e02-018-04-02.png,at
i_a01-117-09-01.png,cent.
i_c03-021d-02-05.png,moved
i_d06-096-01-02.png,through
i_c03-087f-03-00.png,which
i_c06-103-04-04.png,about
i_a06-090-02-01.png,any
i_e01-119-05-06.png,but
i_c04-044-07-06.png,chimpanzees
i_a06-004-03-04.png,describe
i_c06-058-05-00.png,10
i_c02-049-06-07.png,fizzles
i_c06-091-00-04.png,the
i_a04-027-04-12.png,improvement
i_c06-058-02-04.png,But
i_e02-021-06-13.png,as
i_a02-090-04-03.png,not
i_a01-068u-01-05.png,than
i_c02-030-01-07.png,anything
i_c03-021d-03-01.png,maternal
i_a06-110-05-00.png,Minister
i_c03-081b-08-03.png,a
i_e04-103-01-06.png,again
i_e02-018-04-00.png,pencil
i_d03-112-01-08.png,Sol.
i_c04-066-07-04.png,they
i_b01-079-07-05.png,United
i_b06-093-03-03.png,leading
i_a06-004-01-02.png,Treasury
i_c03-003a-05-03.png,vividly
i_e04-004-02-02.png,planed
i_c03-003d-05-06.png,In
i_a01-113u-01-01.png,was
i_a01-003u-07-03.png,He
i_e04-019-02-06.png,directly
i_b01-009-05-07.png,In
i_a01-030u-00-05.png,of
i_a05-048-05-06.png,history
i_b06-082-07-07.png,and
i_d06-003-03-00.png,but
i_c06-080-02-02.png,(
i_c03-007b-04-02.png,strewn
i_a06-044-03-06.png,the
i_a01-007x-06-06.png,to
i_a04-010-07-01.png,and
i_e04-011-05-00.png,hardboard
i_b01-000-00-02.png,after
i_c04-008-02-06.png,couple
i_a03-054-10-04.png,floor
i_a04-010-04-00.png,for
i_c03-081a-04-03.png,beautiful
i_a05-048-08-00.png,in
i_a06-008-01-02.png,Government
i_c04-160-04-02.png,Michael
i_d05-040-04-03.png,any
i_e04-083-01-04.png,and
i_c04-144-05-07.png,was
i_c03-096c-02-04.png,by
i_c03-094d-09-02.png,case
i_a02-027-06-05.png,the
i_b04-054-06-03.png,on
i_b03-092-04-09.png,STATE
i_b01-057-08-04.png,our
i_e06-053-06-04.png,footrope
i_a04-000-03-04.png,yesterday
i_d04-131-05-04.png,and
i_d05-008-04-01.png,had
i_b01-057-09-06.png,trade
i_b01-079-03-00.png,which
i_c04-028-04-08.png,of
i_b04-175-08-04.png,free
i_b05-067-00-12.png,what
i_c06-011-02-08.png,and
i_b05-088-07-01.png,bean
i_c03-081d-03-07.png,remained
i_b04-060-01-05.png,splendid
i_a04-031-09-09.png,peace
i_d06-082-00-05.png,consider
i_b01-118-02-06.png,South
i_c06-116-00-01.png,Hayward
i_b04-004-10-02.png,their
i_d04-021-06-07.png,118
i_c03-084f-08-00.png,of
i_a01-063-00-02.png,said
i_e04-022-05-02.png,of
i_b03-092-01-02.png,disdain
i_a03-011-00-10.png,international
i_a02-111-03-07.png,has
i_b04-195-00-01.png,could
i_a03-040-01-05.png,for
i_c03-000b-05-09.png,control
i_d01-052-05-01.png,is
i_a02-093-00-07.png,top
i_a05-025-01-02.png,come
i_c06-047-02-05.png,Borstal
i_d06-104-09-03.png,Friday
i_a04-085-09-06.png,the
i_c02-059-08-03.png,with
i_c03-003e-08-01.png,the
i_a03-017-02-05.png,he
i_c02-022-05-00.png,island
i_a01-063-08-02.png,officials
i_c03-003c-07-06.png,to
i_d07-085-06-02.png,the
i_a06-090-06-05.png,this
i_c03-084a-03-10.png,the
i_c04-116-02-04.png,is
i_c04-004-01-03.png,West
i_a03-073-00-06.png,use
i_e01-025-03-00.png,over-furnishing
i_c03-081e-00-04.png,has
i_a03-037-05-08.png,other
i_c04-066-03-01.png,off
i_e01-032-04-08.png,tatted
i_a01-072u-02-00.png,answer
i_d01-085-01-04.png,Gospel
i_a01-043-08-03.png,Government
i_c03-007f-06-01.png,in
i_d04-125-04-11.png,under
i_d06-050-00-08.png,really
i_a04-010-05-01.png,last
i_e02-117-00-05.png,accommodation
i_a02-106-05-04.png,next
i_e04-079-08-02.png,heavy
i_c02-000-05-02.png,Father
i_e01-018-01-10.png,lawn
i_e04-030-00-08.png,to
i_c03-087e-04-01.png,him
i_e04-127-05-06.png,can
i_b06-059-06-01.png,confusion
i_c03-084d-05-03.png,We
i_e06-070-02-02.png,a
i_c04-144-02-08.png,at
i_a04-031-06-02.png,Party
i_d04-101-03-11.png,and
i_a05-108-03-03.png,He
i_c03-096f-01-00.png,explicably
i_b06-071-01-04.png,policy
i_a01-107u-00-01.png,We
i_a06-110-04-00.png,retorted
i_e07-003-02-04.png,viewed
i_c03-094e-09-00.png,with
i_b06-097-00-07.png,prevent
i_e01-062-02-00.png,from
i_c03-084b-06-01.png,the
i_e01-062-03-07.png,not
i_c03-094f-06-06.png,from
i_b06-064-01-00.png,In
i_d06-063-09-06.png,might
i_a05-113-08-03.png,grounds
i_b05-074-02-06.png,Belgium
i_b06-068-02-02.png,policies
i_a02-042-02-00.png,had
i_d06-060-02-02.png,mind
i_e01-029-04-08.png,tablecloths
i_c04-035-07-05.png,laughter
i_a01-107-00-03.png,a
i_c02-056-06-02.png,important
i_b01-004-06-03.png,shown
i_c02-035-04-04.png,sinking
i_e01-055-01-03.png,drawing-rooms
i_b04-060-01-07.png,would
i_b06-064-04-05.png,of
i_e07-000-03-01.png,million
i_d04-012-01-05.png,)
i_a01-003u-10-05.png,prop
i_c03-000e-03-04.png,Tony
i_c06-052-00-04.png,new
i_a03-050-05-01.png,that
i_b01-004-04-09.png,side
i_b01-004-05-00.png,do
i_c03-087e-03-01.png,left
i_a05-073-08-05.png,as
i_a05-039-03-03.png,Progressive
i_c03-021b-00-06.png,befriended
i_c01-009-04-07.png,is
i_a04-050-03-03.png,with
i_e01-035-06-06.png,and
i_d04-086-02-03.png,Passover
i_e01-107-06-01.png,for
i_c04-008-03-00.png,a
i_b02-035-05-03.png,does
i_c04-170-00-03.png,Alan
i_c03-087d-08-00.png,way
i_d01-056-07-00.png,have
i_b04-121-05-08.png,on
i_a01-102u-01-04.png,my
i_a02-020-02-00.png,Foreign
i_c03-094e-01-06.png,his
i_d04-008-00-07.png,in
i_d06-000-07-00.png,up
i_d04-012-00-04.png,used
i_c03-084e-06-05.png,the
i_d06-037-03-04.png,to
i_c06-047-03-02.png,Hostage
i_a01-096u-05-09.png,lifelong
i_e02-086-03-06.png,straight-forward
i_a02-106-08-03.png,and
i_d07-085-07-05.png,Samuel
i_a01-038x-04-00.png,called
i_a05-044-04-05.png,Progressives
i_a05-017-02-04.png,aim
i_c03-081d-02-05.png,be
i_d06-011-09-03.png,frequently
i_b01-089-08-05.png,negotiation
i_b06-049-01-03.png,delighted
i_b06-004-00-01.png,Without
i_a01-132x-08-02.png,Assistance
i_b04-107-07-02.png,to
i_b03-087-03-12.png,fact
i_a04-069-07-06.png,of
i_c03-021e-02-06.png,yet
i_a02-111-01-03.png,hear
i_a06-110-03-02.png,authority
i_d07-102-01-06.png,3rd
i_a05-121-07-00.png,Disarmament
i_a05-121-07-04.png,Mr.
i_a06-119-03-00.png,week
i_d01-016-03-09.png,Gospel
i_a06-000-03-00.png,public
i_c03-084a-01-07.png,formal
i_a06-044-02-07.png,generations
i_b01-136-04-08.png,Kent
i_a03-063-06-01.png,more
i_b06-071-03-01.png,to
i_b01-079-09-07.png,that
i_a04-023-01-08.png,and
i_d06-027-06-07.png,alone
i_b04-140-05-01.png,his
i_c04-004-01-10.png,in
i_a01-030u-09-00.png,delay
i_a04-096-07-08.png,the
i_c06-000-03-03.png,Anglesey-road
i_e06-046-03-07.png,But
i_a01-014u-04-03.png,British
i_b06-082-03-01.png,use
i_a01-113-07-04.png,of
i_b01-014-05-07.png,of
i_a06-051-08-00.png,waved
i_d07-093-01-07.png,are
i_a02-106-01-06.png,talks
i_c04-170-01-02.png,It
i_a03-030-07-04.png,carefully
i_c03-021c-07-00.png,of
i_c04-098-01-07.png,CRAZY
i_c04-013-00-01.png,double-crosses
i_a01-117u-07-06.png,of
i_d07-082-01-06.png,these
i_a03-006-04-10.png,action
i_a01-020u-00-04.png,with
i_d06-037-07-03.png,themselves
i_a06-000-05-04.png,Tuesday
i_c03-087f-07-03.png,in
i_e04-079-03-02.png,floor
i_a04-039-04-04.png,speech
i_a05-089-01-00.png,severely
i_b01-033-03-08.png,gesture
i_b04-075-02-06.png,is
i_c03-000a-05-00.png,and
i_a02-042-05-00.png,police
i_c06-039-05-03.png,matzo
i_d06-011-09-01.png,occur
i_a04-050-05-08.png,and
i_d04-032-01-02.png,written
i_c03-096e-01-01.png,from
i_d05-008-03-03.png,The
i_a04-003-04-06.png,into
i_b05-032-01-07.png,were
i_a01-000u-01-03.png,Labour
i_d07-082-03-03.png,makes
i_c06-091-00-03.png,that
i_e04-022-03-05.png,be
i_b06-042-00-00.png,A
i_b04-187-02-02.png,both
i_b04-121-02-09.png,They
i_b05-088-06-04.png,arrears
i_e01-062-04-09.png,following
i_c03-084f-07-02.png,of
i_e04-052-03-00.png,always
i_c06-011-00-00.png,ALSO
i_e06-010-05-08.png,the
i_b04-020-06-07.png,of
i_d07-085-05-07.png,text
i_b05-062-02-08.png,multitude
i_c03-084c-05-05.png,not
i_b01-049-05-00.png,WILL
i_c04-028-05-02.png,pumped
i_c03-087c-02-05.png,central
i_c02-030-03-07.png,people
i_a01-043-00-02.png,at
i_c03-007-03-06.png,play-grounds
i_b06-064-02-03.png,clear
i_e02-086-05-11.png,The
i_d06-107-03-07.png,but
i_d03-117-00-01.png,natural
i_b01-053-05-01.png,leading
i_a01-014x-00-05.png,is
i_d06-015-01-06.png,many
i_a03-027-03-04.png,sunning
i_b03-087-00-07.png,at
i_d01-104-03-07.png,of
i_b05-074-10-02.png,of
i_c03-084b-06-02.png,not
i_e04-034-01-08.png,whole
i_e04-124-02-06.png,the
i_b06-036-01-03.png,stay
i_a04-000-06-01.png,American
i_e04-079-03-00.png,a
i_b04-140-05-08.png,their
i_c03-000a-03-07.png,who
i_a03-037-07-05.png,Island
i_a01-030x-08-02.png,sit
i_b05-067-03-04.png,led
i_d05-030-04-00.png,mutual
i_b06-064-06-02.png,why
i_e06-006-01-05.png,mixed
i_b05-032-00-00.png,The
i_a01-122-04-09.png,much
i_e01-062-00-08.png,used
i_a05-039-06-00.png,returned
i_e06-041-04-03.png,along
i_d06-107-08-04.png,wife
i_c03-003e-03-00.png,of
i_a03-006-04-08.png,from
i_e04-000-05-05.png,Parana
i_c03-021a-09-03.png,for
i_a01-058x-01-06.png,to
i_d06-113-04-02.png,hand
i_e04-114-06-08.png,chines
i_a01-102-06-03.png,architect
i_d05-025-00-03.png,Shakespeare
i_c06-116-08-01.png,an
i_a01-091u-05-00.png,on
i_b06-064-06-04.png,trick
i_b06-049-04-00.png,anti-Nato
i_b01-062-06-07.png,is
i_d06-067-08-01.png,of
i_b06-023-04-03.png,By
i_d06-041-02-08.png,some-
i_a01-053u-02-05.png,Immediately
i_a01-102-05-06.png,which
i_d04-053-06-02.png,be
i_b04-020-01-06.png,1959
i_b03-092-04-04.png,authority
i_e06-046-02-06.png,case
i_b01-127-02-01.png,really
i_d05-013-03-05.png,of
i_e06-000-01-04.png,with
i_c02-022-01-04.png,The
i_a02-120-05-05.png,year
i_e01-119-00-06.png,and
i_a01-058-00-01.png,KENNEDY
i_e02-086-06-03.png,work
i_e04-011-01-05.png,similar
i_b04-020-06-04.png,good
i_d04-121-02-03.png,examine
i_d06-011-02-00.png,it
i_a05-022-05-04.png,the
i_b03-092-03-02.png,Fahrenheit
i_e02-014-02-07.png,these
i_d06-086-05-05.png,systematic
i_a01-007x-03-01.png,Lords
i_b05-088-00-01.png,demands
i_c02-056-00-00.png,This
i_a05-048-00-07.png,it
i_a02-027-05-10.png,Nkrumah
i_a04-019-01-03.png,on
i_a01-038x-01-06.png,because
i_e07-003-02-01.png,predators
i_c03-003b-04-08.png,to
i_d04-086-01-01.png,as
i_a03-080-07-03.png,Minister
i_b04-181-06-01.png,free
i_a02-106-05-00.png,The
i_c04-035-06-03.png,comedy
i_d06-050-05-09.png,rest
i_a03-080-08-03.png,and
i_e04-079-03-03.png,you
i_b04-081-05-03.png,two
i_a05-104-08-04.png,religion
i_c04-160-02-06.png,It
i_a06-075-04-06.png,joining
i_d01-104-05-01.png,is
i_a04-006-05-00.png,informed
i_c03-096b-07-04.png,of
i_a02-004-06-04.png,is
i_d01-056-07-11.png,)
i_e01-113-01-01.png,forefinger
i_a04-072-02-06.png,controlled
i_a01-026-04-01.png,boycotted
i_a01-014x-03-03.png,to
i_e07-012-05-06.png,insect
i_b05-042-01-00.png,is
i_e06-037-02-01.png,fisheries
i_a03-063-06-04.png,they
i_d06-011-07-00.png,is
i_a01-058x-08-01.png,with
i_c04-098-04-07.png,for
i_a03-063-10-04.png,purely
i_a05-022-06-01.png,decision
i_d06-076-00-13.png,live
i_a05-089-01-02.png,the
i_a04-089-05-01.png,at
i_a05-121-04-06.png,the
i_c01-014-01-05.png,the
i_e04-038-02-06.png,or
i_c04-066-01-02.png,something
i_d04-037-04-07.png,with
i_a01-043u-08-04.png,housing
i_d04-008-01-07.png,birds
i_c04-105-03-02.png,him
i_c04-050-04-01.png,brother
i_c06-080-01-01.png,friend
i_b01-038-10-01.png,exports
i_c03-094d-06-00.png,comically
i_a01-026-08-00.png,to
i_a03-059-04-01.png,go
i_a06-147-05-03.png,to
i_a03-037-05-02.png,Leeds
i_c02-049-05-03.png,the
i_a06-119-03-03.png,that
i_d01-056-08-05.png,of
i_a03-047-02-00.png,hustings
i_e07-012-00-02.png,day
i_a02-086-04-08.png,He
i_a05-089-01-06.png,predecessor
i_e02-014-03-07.png,mark
i_c03-084e-05-08.png,a
i_b05-067-04-00.png,at
i_b06-110-01-07.png,want
i_c03-000d-02-05.png,has
i_c03-081a-05-00.png,heard
i_a02-050-05-02.png,Economic
i_c04-000-03-11.png,the
i_a01-014-04-00.png,British
i_c03-021e-09-01.png,love
i_a05-053-06-00.png,economic
i_a05-017-03-00.png,While
i_a04-043-03-05.png,training
i_c03-084d-04-07.png,on
i_b06-064-07-02.png,strong
i_e01-059-06-06.png,a
i_a06-008-05-10.png,Wilson
i_e01-050-00-04.png,a
i_c02-082-09-01.png,appeared
i_b04-181-02-04.png,as
i_c03-084e-01-02.png,giving
i_c03-087d-02-00.png,attempting
i_b06-008-07-05.png,make
i_e01-102-08-03.png,to
i_b04-121-01-09.png,For
i_a06-051-07-00.png,middle
i_e04-099-03-01.png,of
i_c03-003c-00-10.png,con-
i_c03-007f-00-02.png,Taste
i_b06-008-03-00.png,are
i_c06-039-02-06.png,a
i_c03-021f-07-03.png,room
i_c04-128-04-02.png,between
i_d05-013-03-06.png,hands
i_c03-003b-05-08.png,tomorrow
i_b06-045-03-06.png,the
i_c03-021b-07-05.png,you
i_b06-071-07-05.png,on
i_a03-059-02-05.png,and
i_c06-020-06-05.png,like
i_a03-047-09-05.png,about
i_b06-045-02-01.png,a
i_e01-032-03-03.png,to
i_b01-027-03-01.png,taken
i_b01-009-01-04.png,He
i_e06-000-01-01.png,having
i_a01-007-08-04.png,Federal
i_a01-011-04-00.png,violently
i_a06-025-07-04.png,of
i_c03-016c-02-08.png,her
i_a03-040-04-08.png,election
i_c04-170-01-06.png,reporter
i_e06-015-01-01.png,fishing
i_b02-105-03-05.png,good
i_a01-020-07-01.png,meet
i_d04-021-03-05.png,existed
i_a05-099-07-07.png,Inspection
i_a06-044-05-01.png,parties
i_b03-087-02-01.png,and
i_a03-040-01-08.png,time
i_a01-043u-05-06.png,Mr.
i_c04-139-02-10.png,used
i_e07-061-10-02.png,and
i_a03-047-09-07.png,problems
i_c04-004-06-05.png,the
i_a04-027-00-05.png,went
i_d06-003-05-13.png,the
i_d04-111-11-04.png,Law
i_d06-063-04-03.png,and
i_e01-107-01-06.png,the
i_a01-087u-04-01.png,statement
i_a02-037-01-02.png,Party
i_c03-003b-07-03.png,atmosphere
i_b06-027-05-04.png,fellows
i_b01-023-01-05.png,the
i_a02-057-00-01.png,alleged
i_b06-019-00-07.png,Herr
i_a01-132x-01-03.png,an
i_a04-047-00-04.png,of
i_d06-050-01-02.png,mind
i_a05-094-08-05.png,the
i_b04-026-01-10.png,proclaimed
i_b04-000-03-00.png,scrap
i_a06-075-05-05.png,this
i_c03-096b-06-06.png,they
i_a01-007x-07-03.png,Roy
i_a02-098-00-01.png,terms
i_a02-020-04-00.png,fated
i_d01-104-04-06.png,79
i_c04-160-00-08.png,of
i_b06-079-02-02.png,not
i_a04-003-01-05.png,British
i_c04-150-02-04.png,Courtenay
i_a01-007-00-05.png,life
i_a01-132x-01-01.png,limited
i_a04-069-01-04.png,to
i_b05-017-03-10.png,a
i_b02-035-04-00.png,The
i_b06-090-00-04.png,unite
i_e01-102-07-04.png,size
i_e07-000-03-08.png,An
i_c03-021c-06-08.png,gift
i_a01-020-00-01.png,Macleod
i_c04-035-00-02.png,is
i_d06-015-03-12.png,a
i_b04-047-02-11.png,Minister
i_a02-000-04-05.png,week
i_a01-068u-09-02.png,Germany
i_b01-023-02-04.png,Western
i_c03-084d-01-00.png,effective
i_c03-000a-02-07.png,produced
i_e04-004-02-04.png,remember
i_d01-080-05-01.png,opinion
i_e04-099-05-08.png,to
i_b06-079-09-02.png,an
i_b06-045-01-08.png,and
i_a03-089-00-03.png,eventually
i_a01-043x-03-03.png,strong
i_c04-098-01-02.png,a
i_d06-091-05-01.png,everybody
i_a01-026-00-01.png,IAIN
i_c06-047-00-10.png,now
i_e06-070-06-06.png,prove
i_a06-095-04-01.png,to
i_c04-139-00-06.png,on
i_b06-093-03-05.png,independent
i_b01-136-05-06.png,day
i_a02-093-02-01.png,from
i_b02-013-04-05.png,than
i_a01-011-03-00.png,to
i_b01-094-04-00.png,of
i_e06-006-03-06.png,crowding
i_a02-093-01-04.png,over
i_c04-080-05-00.png,hauled
i_a05-069-08-00.png,interference
i_a06-075-00-01.png,After
i_a06-095-01-01.png,the
i_b01-038-10-00.png,Germany
i_d07-093-03-04.png,on
i_e04-095-06-09.png,snugly
i_a01-132-08-03.png,Powell
i_e02-117-03-08.png,the
i_e01-107-07-04.png,in
i_a01-107u-03-00.png,sick
i_d06-025-02-08.png,hid
i_a05-084-08-01.png,Home
i_a01-020-06-00.png,are
i_c03-003f-03-01.png,the
i_b04-075-03-05.png,And
i_e04-091-04-06.png,stern
i_b04-187-03-06.png,people
i_a02-093-06-08.png,the
i_e04-086-04-03.png,available
i_d01-049-02-07.png,been
i_a02-042-07-00.png,Accra
i_c03-016c-00-05.png,the
i_a05-048-00-02.png,polling
i_a06-095-08-05.png,all
i_c03-094c-03-04.png,events
i_a06-141-01-05.png,those
i_b05-071-02-07.png,it
i_b04-060-00-01.png,is
i_a03-089-02-00.png,the
i_e01-059-01-05.png,in
i_b01-057-07-00.png,waiting
i_c04-050-02-06.png,Mudlarks
i_e01-014-06-00.png,to
i_a03-063-04-00.png,interested
i_e06-070-01-05.png,rise
i_a01-007x-05-01.png,rival
i_a02-053-06-05.png,was
i_a01-020u-08-04.png,of
i_d04-021-07-00.png,tell
i_b04-054-01-07.png,join
i_a03-054-00-01.png,is
i_a01-122u-06-02.png,today
i_c03-087c-05-01.png,not
i_e04-091-03-01.png,cut
i_c02-078-01-06.png,enjoyment
i_d06-008-08-06.png,see
i_c03-084d-00-00.png,Mr.
i_a04-027-04-03.png,talks
i_c03-096a-03-06.png,ineffectuality
i_a04-054-02-05.png,must
i_a03-073-00-00.png,On
i_a01-049x-09-08.png,several
i_a04-085-06-02.png,of
i_a06-141-01-06.png,very
i_c06-076-09-03.png,a
i_c03-094d-00-00.png,Mr.
i_b01-057-06-06.png,would
i_b04-162-03-03.png,There
i_a04-006-07-01.png,Home
i_d01-104-01-03.png,In
i_c03-087e-01-04.png,by
i_a06-090-08-02.png,Serjeant
i_b01-014-05-08.png,Dr.
i_a02-024-03-04.png,in
i_d01-123-07-05.png,the
i_a01-053u-02-03.png,Government
i_a05-108-01-05.png,detect
i_a05-053-04-01.png,such
i_a05-004-03-06.png,would
i_b05-017-00-11.png,He
i_e04-079-01-05.png,the
i_c02-026-03-06.png,sweat
i_b05-038-01-04.png,that
i_a01-007u-06-04.png,Rhodesia
i_a04-039-07-01.png,The
i_c04-039-07-02.png,the
i_c06-116-10-00.png,Michelangelo
i_b06-004-05-07.png,Britain
i_d06-020-03-04.png,by
i_d06-027-03-04.png,help
i_a01-026u-07-00.png,Party
i_c03-087d-05-04.png,could
i_a03-073-06-02.png,heavy
i_b04-195-01-07.png,Eric
i_a01-113-04-02.png,Answering
i_a01-107u-04-04.png,it
i_c03-087a-06-01.png,if
i_c06-005-05-01.png,many
i_b04-187-02-00.png,Platt
i_e06-006-06-05.png,150
i_a04-050-00-03.png,that
i_c04-008-08-02.png,ratrace
i_a04-035-04-06.png,Minister
i_c02-012-03-03.png,wants
i_e02-100-04-06.png,different
i_d04-037-03-02.png,day
i_a05-022-03-04.png,year
i_c03-094f-03-00.png,the
i_a04-103-06-05.png,as
i_a05-029-00-04.png,hand
i_d04-066-07-01.png,the
i_b06-071-09-03.png,following
i_b06-049-07-02.png,difference
i_c03-016a-06-01.png,time
i_a02-098-06-07.png,that
i_c06-111-05-06.png,be
i_c03-021b-05-05.png,her
i_c06-100-01-00.png,middle-aged
i_d05-021-02-08.png,of
i_a05-080-06-05.png,unde-
i_d05-030-06-03.png,Fisher
i_a03-047-08-06.png,practical
i_a02-067-03-07.png,they
i_c03-021c-07-08.png,someone
i_a01-003u-04-05.png,opposed
i_a04-099-04-07.png,whether
i_a01-077-04-03.png,did
i_d01-052-05-05.png,have
i_b05-074-04-03.png,were
i_b06-008-00-02.png,German
i_a01-053-09-02.png,it
i_a01-014x-05-02.png,talks
i_c03-087e-05-05.png,perhaps
i_b01-018-01-06.png,of
i_c03-094a-00-04.png,Morris
i_e01-025-10-00.png,temporary
i_a04-003-05-01.png,Market
i_a02-032-03-10.png,The
i_c04-080-03-02.png,to
i_c06-043-01-03.png,gravely
i_b06-100-00-03.png,of
i_b04-054-05-08.png,years
i_a01-058-08-00.png,mention
i_a03-050-06-00.png,gone
i_d01-016-00-05.png,problems
i_a02-020-01-04.png,M.
i_d06-096-04-07.png,if
i_a06-008-01-01.png,the
i_a05-062-06-09.png,he
i_c03-007d-02-07.png,The
i_c04-044-05-06.png,particularly
i_a01-038x-01-03.png,attend
i_e06-026-07-05.png,bringing
i_a05-108-05-05.png,Mr.
i_b01-136-05-07.png,will
i_d07-102-07-01.png,with
i_b04-000-06-03.png,score
i_b04-195-01-10.png,at
i_b04-181-02-03.png,much
i_e04-022-05-07.png,and
i_e04-019-01-04.png,left
i_b06-064-07-01.png,a
i_b02-013-03-03.png,whatever
i_a04-085-06-00.png,the
i_b03-114-01-08.png,ago
i_d01-049-03-00.png,how
i_a01-102-05-04.png,noble
i_b04-134-02-00.png,the
i_b06-015-04-01.png,all
i_b05-062-04-09.png,day
i_e04-030-06-00.png,considerable
i_a05-084-07-05.png,Earl
i_c03-007-00-03.png,of
i_a02-093-05-00.png,at
i_b04-128-02-01.png,the
i_a01-087u-01-06.png,health
i_b01-018-05-03.png,had
i_e01-062-03-04.png,of
i_e01-107-06-03.png,stitch
i_b04-047-03-11.png,century
i_a04-031-07-08.png,hope
i_d07-100-02-03.png,the
i_c04-028-01-00.png,also
i_c02-017-08-05.png,the
i_b02-102-01-04.png,almost
i_a01-014u-04-01.png,if
i_c03-084e-01-00.png,effective
i_a01-063u-01-03.png,the
i_e02-018-00-08.png,bottom
i_c03-007b-04-05.png,even
i_b04-026-00-08.png,the
i_c03-021f-00-06.png,befriended
i_c03-084b-07-00.png,power
i_d07-096-04-05.png,approval
i_a04-047-07-05.png,of
i_d04-081-03-06.png,Rabbis
i_a02-120-03-02.png,sit
i_b06-059-00-05.png,become
i_a03-006-03-06.png,past
i_d06-011-04-04.png,under
i_b06-093-09-03.png,is
i_e06-010-05-00.png,their
i_a01-058x-01-02.png,West
i_b06-036-03-11.png,for
i_b04-162-03-07.png,of
i_e06-053-06-02.png,though
i_a01-087u-07-00.png,Service
i_b06-008-05-00.png,militarists
i_d03-112-05-06.png,is
i_e06-033-00-00.png,Herring
i_c03-003c-06-06.png,director
i_b04-116-06-03.png,Northern
i_c03-003c-01-03.png,terms
i_c02-026-02-06.png,faces
i_c01-014-08-08.png,the
i_a03-080-05-03.png,involved
i_a01-087-03-06.png,state-
i_b05-071-04-04.png,sense
i_a04-006-05-04.png,his
i_b06-093-07-04.png,WHEN
i_a01-102u-07-01.png,descended
i_c03-084d-04-03.png,the
i_a02-032-04-02.png,people
i_c03-084e-03-09.png,of
i_e01-059-02-05.png,a
i_b01-038-05-00.png,Britain
i_b01-079-06-02.png,blame
i_e01-092-00-00.png,Oversew
i_b04-202-01-08.png,has
i_c03-003f-08-06.png,of
i_c06-116-03-03.png,sense
i_c04-056-03-05.png,Rix
i_c04-080-02-04.png,He
i_a01-011u-01-02.png,Independence
i_a04-099-01-05.png,Britain
i_a04-047-07-00.png,their
i_e07-003-08-00.png,imported
i_a04-035-04-07.png,of
i_a02-020-00-06.png,yesterday
i_a05-029-07-06.png,Sir
i_c04-013-03-00.png,Frankie
i_c03-087d-06-00.png,say
i_c03-000a-05-03.png,advantages
i_a03-040-02-00.png,the
i_e04-062-01-04.png,glue
i_b04-010-06-01.png,the
i_c03-096c-05-02.png,to
i_a01-026x-08-00.png,Central
i_a05-044-08-06.png,as
i_a06-095-03-00.png,Market
i_b01-132-06-04.png,is
i_b05-098-05-00.png,ness
i_c03-081e-02-01.png,herself
i_c06-000-05-04.png,Brendan
i_d06-096-05-07.png,system
i_e04-103-01-08.png,the
i_e04-083-00-07.png,bevelled
i_a04-085-07-00.png,British
i_a01-122-07-00.png,affluence
i_e04-068-02-07.png,be
i_a05-069-08-01.png,with
i_b01-113-03-00.png,he
i_c04-098-03-02.png,piece
i_c02-026-04-06.png,to
i_c03-003c-03-06.png,of
i_d07-100-01-01.png,then
i_c04-156-03-06.png,another
i_a04-096-01-07.png,of
i_b04-000-06-01.png,in
i_d04-125-04-04.png,)
i_d06-050-03-00.png,with
i_b04-060-02-10.png,feelings
i_a01-000u-00-00.png,A
i_b06-045-03-03.png,as
i_e01-119-05-07.png,not
i_a03-034-03-00.png,of
i_a02-037-00-05.png,conference
i_c06-027-03-08.png,times
i_a01-102-06-04.png,to
i_d06-027-02-07.png,what
i_d04-032-04-03.png,on
i_a01-026-05-02.png,Federal
i_c02-026-08-04.png,a
i_b05-042-04-04.png,in
i_a06-090-00-08.png,the
i_c06-080-03-00.png,touch
i_a01-128u-03-03.png,half
i_a01-014u-03-05.png,want
i_c06-005-06-03.png,swish
i_b06-064-00-00.png,Powerful
i_c03-007b-04-06.png,the
i_b05-017-01-13.png,added
i_a06-044-05-03.png,Even
i_a01-091u-07-02.png,monstrous
i_c03-096c-06-02.png,they
i_a03-059-01-05.png,about
i_d06-000-02-03.png,not
i_a01-030u-07-05.png,Colonial
i_b01-122-07-05.png,will
i_a03-050-05-00.png,correct
i_a06-090-02-05.png,determining
i_a05-080-05-04.png,active
i_c03-003c-08-01.png,the
i_c02-078-05-11.png,the
i_e06-037-10-00.png,them
i_d01-085-02-05.png,whether
i_e06-070-02-00.png,small
i_b05-098-06-04.png,Presbyterian
i_a05-017-00-01.png,Minister
i_a02-067-04-02.png,likely
i_c06-047-05-07.png,Royal
i_b01-023-01-07.png,and
i_c04-004-05-03.png,Neagle
i_a05-099-03-04.png,out
i_e02-094-08-06.png,in
i_a04-019-02-00.png,which
i_a05-004-02-01.png,Force
i_c03-000f-03-01.png,produced
i_b05-071-03-00.png,The
i_b04-081-02-07.png,glorious
i_a02-111-00-05.png,remain
i_a01-077u-07-00.png,military
i_e01-025-06-09.png,readily
i_a01-014u-01-04.png,on
i_d06-030-00-06.png,regard
i_b04-175-07-08.png,to
i_b03-087-03-11.png,This
i_d04-125-04-06.png,will
i_c04-004-03-06.png,razzamataz
i_d07-082-06-05.png,)
i_c03-016c-02-00.png,girl
i_b01-038-04-06.png,world
i_a02-116-08-01.png,for
i_e07-003-03-01.png,of
i_a03-054-01-08.png,now
i_c03-007f-03-00.png,streets
i_c03-007f-01-05.png,industrial
i_a01-058x-05-04.png,indicated
i_e04-109-00-07.png,(
i_a04-010-04-01.png,a
i_d06-041-02-05.png,new
i_b06-049-06-06.png,consistent
i_c03-084d-07-01.png,of
i_b01-132-05-04.png,against
i_b01-089-07-05.png,that
i_c03-087e-03-04.png,character
i_a01-107u-04-01.png,We
i_c06-076-05-06.png,its
i_e02-082-02-04.png,economic
i_d01-052-04-01.png,of
i_a01-128u-03-02.png,devoted
i_c03-021a-04-02.png,as
i_b06-093-10-00.png,than
i_d04-121-06-02.png,Seder
i_a06-020-00-08.png,ultimatum
i_d04-012-06-00.png,is
i_a04-096-02-09.png,be
i_b04-181-05-05.png,of
i_a03-023-08-03.png,Vieng
i_c01-009-06-03.png,Glyndebourne
i_c01-014-08-07.png,also
i_d06-030-02-09.png,a
i_a04-027-05-05.png,be
i_c04-004-03-02.png,Frankie
i_b01-018-06-06.png,a
i_d01-056-08-02.png,not
i_b06-056-09-03.png,seems
i_c03-021c-04-07.png,protector
i_e02-074-10-01.png,clean
i_d01-056-03-06.png,nouns
i_b05-067-00-10.png,I
i_c06-080-05-03.png,set
i_c04-139-04-08.png,appointment
i_c04-013-05-02.png,are
i_a06-095-06-03.png,)
i_e04-015-02-08.png,two
i_a06-128-04-04.png,For
i_e04-038-00-02.png,lead-based
i_a02-050-02-04.png,from
i_e01-062-05-03.png,and
i_d07-089-06-02.png,no
i_e04-114-03-02.png,gluing
i_b04-040-01-07.png,was
i_c03-087c-01-01.png,its
i_c04-050-00-03.png,night
i_c04-013-05-00.png,best
i_c06-083-01-02.png,not
i_c06-087-02-04.png,there
i_b06-045-06-02.png,unambiguous
i_d06-020-07-00.png,has
i_d04-053-06-10.png,yourself
i_a02-082-01-06.png,last
i_c04-066-02-01.png,the
i_c04-165-08-04.png,Market
i_b01-127-05-01.png,?
i_a01-113u-03-06.png,absolutely
i_a03-047-01-08.png,the
i_b04-040-05-00.png,does
i_c03-094b-05-06.png,not
i_c04-023-01-05.png,in
i_a05-084-04-00.png,temperature
i_c03-016e-05-02.png,and
i_c03-081a-02-07.png,clearer
i_d04-125-02-05.png,thank
i_b05-074-04-04.png,being
i_d04-096-03-14.png,in
i_e04-099-03-02.png,8
i_c03-003c-00-05.png,play
i_d05-025-02-02.png,Bacon
i_a05-058-04-02.png,the
i_e01-062-02-02.png,to
i_a04-103-05-03.png,could
i_d04-050-03-05.png,each
i_c03-021c-01-07.png,young
i_e07-061-01-03.png,Chinese
i_c03-000f-07-05.png,everywhere
i_d06-072-04-03.png,is
i_a04-023-00-04.png,Admiralty
i_a02-116-00-04.png,who
i_d06-091-02-05.png,into
i_b02-097-00-09.png,week
i_e04-015-00-00.png,Cut
i_d06-030-02-06.png,up
i_d06-091-01-07.png,so
i_a06-044-01-08.png,disastrous
i_d06-104-07-06.png,pupil
i_a01-038x-02-01.png,found
i_e06-000-04-00.png,the
i_c06-052-04-03.png,delivered
i_c04-050-01-01.png,their
i_a05-099-01-06.png,another
i_c02-030-02-06.png,a
i_b06-015-06-00.png,has
i_d04-086-00-09.png,knots
i_b04-147-05-01.png,gates
i_d04-058-00-09.png,cannot
i_a02-017-07-03.png,held
i_c04-017-05-08.png,taste
i_a02-024-05-03.png,morning
i_c02-007-00-03.png,began
i_c03-021c-02-01.png,women
i_c03-094c-03-03.png,the
i_a02-090-01-00.png,from
i_e07-003-03-07.png,Not
i_b06-053-06-03.png,improve
i_e01-018-06-09.png,trifles
i_d01-060-08-00.png,The
i_a01-007u-04-00.png,Labour
i_a01-026x-08-05.png,to
i_a01-058x-04-00.png,that
i_a01-132-01-01.png,being
i_c03-007f-00-00.png,In
i_d04-081-00-07.png,of
i_c03-084f-05-01.png,television
i_b06-008-04-07.png,German
i_a02-042-05-06.png,And
i_b02-045-05-06.png,a
i_a06-051-05-04.png,just
i_b01-089-02-03.png,naval
i_d03-117-03-05.png,cisterns
i_d06-046-01-07.png,which
i_a04-072-02-04.png,zone
i_d06-011-02-02.png,a
i_a01-072x-04-05.png,will
i_b06-015-08-03.png,much
i_b06-093-10-04.png,new
i_c03-000f-00-02.png,version
i_a04-015-04-06.png,in
i_a04-099-09-00.png,America
i_a04-000-05-01.png,have
i_c04-134-06-03.png,10.15
i_c03-094a-02-05.png,James
i_e02-091-06-03.png,necessity
i_b06-023-03-02.png,launch
i_a02-004-01-03.png,to
i_e04-099-06-04.png,material
i_d04-021-00-07.png,and
i_c03-007f-06-06.png,sacred
i_d06-015-01-01.png,many
i_a01-113-03-06.png,be
i_c02-056-04-10.png,admire
i_c06-020-07-04.png,there
i_c04-066-07-09.png,on
i_a01-132u-04-01.png,was
i_e04-127-04-06.png,materials
i_a01-030-03-07.png,consult
i_e04-114-06-06.png,to
i_a02-078-00-00.png,Sir
i_c03-007d-06-02.png,in
i_c02-012-04-00.png,every
i_c03-007-02-01.png,has
i_a03-066-01-04.png,and
i_a04-010-05-02.png,night
i_a02-024-05-06.png,of
i_c02-012-01-03.png,eliminated
i_e02-014-02-04.png,surfaces
i_b04-154-00-01.png,for
i_e04-132-01-01.png,framing
i_c04-023-03-02.png,cheating
i_d04-089-05-03.png,that
i_b02-102-05-03.png,do
i_a03-027-06-00.png,Party
i_d03-117-06-04.png,I
i_b01-073-00-01.png,first
i_a03-034-05-04.png,Party
i_a04-096-02-06.png,it
i_e01-029-02-04.png,medium-weight
i_b04-175-04-04.png,powerful
i_b04-034-04-08.png,shall
i_d01-098-02-07.png,was
i_b04-140-00-07.png,people
i_a03-030-02-05.png,no
i_d01-080-02-02.png,and
i_a04-000-00-03.png,his
i_a06-114-03-06.png,cost
i_c03-087e-04-05.png,unredeemable
i_a04-066-05-00.png,disarmament
i_a04-043-04-07.png,nuclear
i_b04-116-07-04.png,greedy
i_b01-009-04-05.png,whites
i_a03-037-03-05.png,now
i_d04-101-00-02.png,into
i_b01-118-01-06.png,wood
i_d01-019-05-03.png,chaos
i_d06-104-03-01.png,five
i_c03-087f-07-07.png,which
i_d01-123-07-00.png,over
i_b04-096-01-02.png,was
i_a05-080-07-02.png,of
i_b03-092-02-09.png,fair
i_c04-139-00-11.png,articles
i_d04-008-05-01.png,a
i_d07-082-07-04.png,bar
i_b06-079-09-05.png,dangerous
i_a04-023-04-10.png,to
i_a01-102u-06-06.png,a
i_a01-117u-07-05.png,out
i_a06-000-00-02.png,LLOYD
i_c03-021e-04-02.png,much
i_d05-030-01-03.png,nobler
i_a05-039-01-03.png,party
i_d06-086-09-06.png,through
i_b05-074-03-00.png,they
i_d06-020-02-04.png,life
i_c03-007e-04-00.png,grounds
i_a01-000x-00-07.png,nominating
i_d01-118-03-04.png,codex
i_a01-007-06-04.png,have
i_e04-030-03-02.png,shaping
i_b01-044-06-01.png,have
i_d06-008-05-08.png,to
i_a05-000-03-00.png,Services
i_c03-081a-04-00.png,a
i_c03-007a-05-05.png,the
i_a05-121-04-03.png,of
i_a05-104-04-02.png,had
i_c03-003b-04-06.png,so
i_b04-134-08-07.png,great
i_c04-105-02-07.png,Comedian
i_a06-014-05-04.png,be
i_c02-017-06-04.png,in
i_c04-056-05-02.png,backed
i_b04-081-00-02.png,follow
i_c06-011-05-00.png,to
i_a01-096u-07-00.png,by
i_e01-032-00-04.png,and
i_b05-032-10-03.png,hammer
i_a01-063x-00-06.png,a
i_b06-100-02-04.png,abreast
i_a01-026u-03-05.png,Northern
i_e06-037-10-03.png,the
i_d01-060-09-05.png,decision
i_d01-016-02-01.png,and
i_a01-030x-04-04.png,obligation
i_d06-027-03-00.png,be
i_c03-081d-04-04.png,enigma
i_c04-144-03-00.png,date
i_b04-054-04-02.png,trading
i_d04-125-04-07.png,bring
i_e06-033-09-03.png,of
i_d04-047-07-03.png,have
i_c04-165-06-05.png,aspect
i_a01-063-02-03.png,President
i_a05-025-08-06.png,is
i_c03-003c-03-08.png,central
i_a04-023-03-04.png,PARIS
i_d05-008-01-04.png,was
i_c02-003-04-00.png,not
i_c06-047-00-08.png,It
i_e01-050-00-03.png,century
i_c03-007a-01-01.png,a
i_a04-047-03-07.png,of
i_c03-096f-04-00.png,ineffectuality
i_e06-030-00-01.png,winds
i_b06-093-00-03.png,the
i_b06-049-05-00.png,rearmament
i_b04-140-05-00.png,and
i_c03-096e-02-07.png,to
i_b03-092-04-01.png,not
i_e06-053-03-04.png,presumably
i_a01-020x-02-08.png,full
i_a01-049u-00-01.png,Allen
i_c04-023-05-01.png,in
i_d07-093-03-06.png,Mishnah
i_b05-055-02-07.png,willow
i_a06-039-00-06.png,the
i_c03-094c-08-01.png,and
i_a04-103-07-06.png,could
i_c01-014-07-05.png,is
i_a03-009-06-04.png,such
i_a06-147-03-02.png,West
i_c06-031-04-03.png,bores
i_c02-003-04-03.png,director
i_c06-039-00-03.png,he
i_c02-017-08-04.png,having
i_c04-128-00-01.png,I
i_b06-075-01-01.png,on
i_c03-087b-00-06.png,distance
i_a06-114-04-01.png,or
i_a05-048-04-02.png,constituencies
i_b03-114-08-02.png,unpopular
i_b04-107-05-06.png,Timetables
i_d06-100-00-09.png,life
i_e06-021-09-02.png,that
i_c03-096a-03-01.png,author
i_a04-047-02-03.png,movement
i_a03-006-01-07.png,of
i_c06-043-04-01.png,by
i_b02-045-04-05.png,have
i_e01-055-09-08.png,fashion
i_b06-097-02-06.png,up
i_b01-089-01-03.png,keep
i_b04-000-03-02.png,evidence
i_c03-096e-03-01.png,author
i_b06-064-09-05.png,a
i_a02-124-01-01.png,of
i_a03-030-00-04.png,will
i_c03-081f-03-06.png,she
i_a04-015-06-07.png,interests
i_b03-098-03-07.png,no
i_a05-058-07-00.png,tests
i_c03-021e-05-05.png,and
i_b02-013-07-00.png,disposed
i_e01-032-01-05.png,bring
i_e04-000-02-08.png,and
i_e02-100-02-04.png,fair
i_a06-075-02-03.png,would
i_a02-000-07-04.png,that
i_a01-122-05-00.png,to
i_a01-014u-08-00.png,at
i_d06-037-05-02.png,tiredness
i_d06-082-05-00.png,through
i_d04-021-01-06.png,is
i_c06-005-06-00.png,brandy
i_b01-062-00-06.png,?
i_d01-118-00-07.png,and
i_a04-092-07-01.png,it
i_c02-022-04-02.png,gala
i_a01-043u-08-03.png,State
i_c03-096a-07-04.png,queer
i_d05-008-01-01.png,throne
i_a01-049u-01-04.png,by
i_d01-052-07-02.png,absolute
i_b01-079-00-05.png,the
i_a01-007u-09-01.png,Federal
i_a03-040-04-09.png,had
i_d06-091-02-07.png,rut
i_d06-000-00-06.png,not
i_b06-056-07-05.png,unite
i_c04-017-06-06.png,sound
i_a01-014x-03-04.png,discuss
i_c03-007e-06-06.png,sacred
i_b01-062-01-00.png,This
i_d04-050-00-12.png,power
i_a05-000-06-03.png,integrated
i_b01-084-06-03.png,support
i_c03-016a-08-01.png,first
i_a04-000-05-04.png,to
i_c03-000d-07-00.png,control
i_c06-043-00-03.png,an
i_b04-128-00-03.png,table
i_b05-058-04-05.png,the
i_b04-047-00-05.png,are
i_c03-016c-04-04.png,is
i_a05-009-06-06.png,may
i_e01-050-03-01.png,who
i_e06-000-04-04.png,to
i_b05-062-01-03.png,and
i_b06-032-01-08.png,been
i_b04-107-01-04.png,months
i_a02-102-00-06.png,of
i_b06-032-05-06.png,anti-Soviet
i_e01-018-03-05.png,fingers
i_a05-073-06-05.png,Germany
i_a02-053-02-01.png,held
i_e06-015-05-01.png,that
i_a06-004-09-00.png,each
i_d04-131-05-02.png,in
i_d04-089-03-04.png,is
i_a05-108-06-03.png,all
i_a01-038-10-00.png,and
i_c06-076-09-00.png,is
i_e01-025-04-06.png,a
i_d06-046-09-08.png,long
i_a05-000-00-07.png,to
i_b01-033-03-05.png,has
i_a05-121-02-05.png,of
i_e04-127-00-06.png,the
i_a01-011-00-01.png,from
i_c03-000d-03-05.png,Tony
i_a01-043u-02-02.png,appointment
i_c03-000a-03-04.png,Tony
i_b06-008-00-00.png,Yesterday
i_e04-095-00-08.png,shape
i_b06-093-08-00.png,ballyhoo
i_a03-040-03-04.png,43
i_b05-074-09-00.png,need
i_a02-017-06-05.png,the
i_c03-081f-03-05.png,if
i_c04-000-02-08.png,well-known
i_a03-080-06-02.png,participation
i_a03-050-04-04.png,now
i_a02-082-03-05.png,trouble
i_a01-038-08-05.png,said
i_a04-031-07-07.png,gave
i_b01-057-01-01.png,by
i_d07-096-02-06.png,This
i_e01-055-00-00.png,One
i_e01-014-05-00.png,and
i_e01-050-04-01.png,developed
i_a01-038x-08-06.png,in
i_a05-062-08-01.png,surest
i_d04-047-07-07.png,by
i_c04-105-00-03.png,the
i_b06-023-05-02.png,battalions
i_a02-017-01-02.png,Relations
i_b05-050-04-00.png,are
i_c03-007e-03-05.png,the
i_c06-014-01-02.png,turns
i_e06-033-03-02.png,the
i_d06-067-02-03.png,the
i_b05-042-08-01.png,but
i_a01-030x-08-06.png,table
i_a01-030x-04-06.png,consult
i_a04-010-06-04.png,to
i_c04-066-00-05.png,records
i_d04-032-08-00.png,most
i_b05-045-02-04.png,he
i_c06-039-07-02.png,up
i_a02-111-07-04.png,secret
i_b01-094-07-04.png,land
i_c02-089-00-01.png,a
i_b04-096-05-04.png,clean
i_a06-064-06-05.png,there
i_b01-113-01-00.png,as
i_a05-084-08-07.png,listening
i_a01-011x-08-03.png,insisting
i_c04-080-02-09.png,tape
i_e04-004-01-01.png,as
i_a03-066-07-00.png,to
i_a05-062-00-01.png,a
i_b05-071-04-08.png,their
i_a06-124-00-09.png,going
i_c03-021d-01-09.png,homosexual
i_a06-134-03-00.png,treaty
i_b05-055-04-02.png,these
i_d06-050-05-05.png,why
i_a05-009-06-08.png,four
i_a03-037-03-03.png,They
i_c03-016a-04-03.png,sex
i_b06-090-05-00.png,that
i_e02-014-01-10.png,tapers
i_a06-004-04-05.png,tax
i_c04-080-04-01.png,Mr.
i_c02-007-01-03.png,but
i_b06-045-04-01.png,and
i_c04-023-02-11.png,mind
i_d04-075-06-05.png,And
i_a05-080-02-03.png,ordering
i_d05-025-07-05.png,some
i_e07-072-05-02.png,clay
i_a03-063-09-10.png,satellite
i_d03-112-03-06.png,paradise
i_d06-025-07-05.png,my
i_a01-026-01-05.png,that
i_a06-008-06-08.png,Lloyd
i_d06-086-03-04.png,find
i_e02-086-07-04.png,but
i_d05-030-05-05.png,hard-hitting
i_a04-035-05-08.png,on
i_a06-110-03-05.png,he
i_c02-059-09-05.png,seem
i_a05-094-10-07.png,and
i_d06-030-00-04.png,would
i_e06-037-06-03.png,netting
i_c02-003-03-03.png,German
i_d05-008-03-01.png,that
i_a03-009-06-03.png,some
i_e01-055-04-01.png,other
i_d01-123-00-08.png,and
i_c03-021a-08-06.png,to
i_a03-054-01-02.png,image
i_e04-015-02-05.png,across
i_a02-008-01-05.png,they
i_a01-014x-00-04.png,Party
i_e06-041-03-03.png,or
i_b06-068-05-06.png,Common
i_a05-039-08-04.png,the
i_c03-094a-00-05.png,)
i_b04-195-04-00.png,most
i_d04-008-00-06.png,lives
i_a04-066-00-03.png,that
i_b04-121-06-03.png,industries
i_c02-012-05-05.png,much
i_d06-027-01-00.png,all
i_c04-105-06-02.png,the
i_b03-087-03-04.png,offing
i_e06-006-05-07.png,picture
i_a04-085-04-01.png,President
i_b01-113-03-04.png,hypocritical
i_d04-101-00-13.png,understand
i_b04-054-02-03.png,During
i_b06-015-10-00.png,agreed
i_c03-094c-07-07.png,Mr.
i_a04-059-02-07.png,should
i_a01-000x-03-05.png,resolution
i_a01-132-06-00.png,undermining
i_b02-097-06-01.png,an
i_c03-021d-09-06.png,love
i_a04-043-00-00.png,MR.
i_e02-091-04-02.png,the
i_c03-000e-03-01.png,directed
i_c03-087c-06-03.png,in
i_e07-007-05-03.png,gardeners
i_a01-053u-03-01.png,rushed
i_a06-090-05-01.png,by
i_d01-049-02-02.png,not
i_e04-015-03-01.png,pieces
i_e04-015-02-03.png,seat
i_a01-007u-05-04.png,two
i_c04-050-04-08.png,zestful
i_a05-022-04-02.png,in
i_b01-038-04-05.png,Western
i_d01-024-05-01.png,even
i_e02-094-08-04.png,are
i_a01-082u-07-04.png,George
i_a04-081-02-05.png,be
i_a01-063u-08-06.png,money
i_a01-077-07-05.png,military
i_b06-064-02-01.png,confused
i_c03-003a-05-02.png,so
i_b01-136-04-02.png,June
i_e01-081-00-00.png,First
i_a01-113u-04-07.png,too
i_c06-011-06-01.png,rung
i_e07-012-04-03.png,at
i_a05-004-00-03.png,the
i_e02-018-04-01.png,line
i_b05-062-01-10.png,feels
i_d06-091-04-04.png,whereby
i_c03-096c-04-00.png,endowed
i_b05-038-07-07.png,of
i_a04-054-06-02.png,the
i_e04-034-04-06.png,paint
i_c03-084d-06-02.png,was
i_c03-094b-06-02.png,from
i_b02-102-03-00.png,the
i_b01-014-04-09.png,the
i_e01-119-00-07.png,under
i_a01-038x-02-06.png,Government
i_c03-096b-02-09.png,action
i_e04-083-00-01.png,edges
i_a03-043-05-03.png,to
i_a06-039-00-04.png,might
i_b01-000-01-01.png,revulsion
i_d03-112-00-01.png,to
i_a04-023-00-02.png,their
i_c03-087d-07-08.png,the
i_c04-075-05-00.png,the
i_d04-032-07-04.png,is
i_a01-072u-08-00.png,the
i_d06-063-09-03.png,ignorance
i_a01-058x-06-05.png,Germany
i_d04-096-03-10.png,should
i_a05-025-06-00.png,Francis
i_a02-078-00-05.png,that
i_c03-096a-05-04.png,not
i_a05-017-06-03.png,the
i_c02-059-07-08.png,Godard
i_a04-066-00-00.png,Mr
i_b04-169-03-08.png,of
i_b04-187-06-04.png,Eric
i_c06-116-03-06.png,word
i_a03-006-00-09.png,Indo-
i_c03-096d-07-05.png,like
i_a06-095-01-03.png,through
i_a04-031-08-01.png,people
i_a06-128-04-06.png,a
i_d07-093-02-07.png,they
i_b06-064-00-04.png,firm
i_c03-094c-08-02.png,suitably
i_a06-057-05-00.png,Minister
i_b05-062-03-03.png,I
i_c06-111-07-00.png,Relations
i_d04-117-03-03.png,Mitzrajim
i_e02-117-03-02.png,be
i_b06-032-02-02.png,only
i_d04-012-06-02.png,Shamir
i_a01-053x-03-01.png,Senator
i_e01-029-05-06.png,satisfying
i_b05-067-02-08.png,small
i_b06-056-09-06.png,done
i_c06-058-02-00.png,of
i_e04-052-03-02.png,brass
i_d01-049-02-01.png,has
i_d04-071-03-02.png,your
i_a01-020-06-06.png,conference
i_d01-024-05-00.png,revised
i_b04-054-02-01.png,years
i_c02-007-06-03.png,not
i_a01-053x-05-01.png,believed
i_b01-027-06-00.png,would
i_a01-063x-01-08.png,useful
i_c02-017-04-00.png,moved
i_b03-098-09-01.png,of
i_d06-050-02-02.png,interest
i_c03-081a-07-05.png,and
i_c02-030-08-01.png,days
i_e06-010-06-01.png,soil
i_a04-031-00-00.png,RELAXED
i_c03-084d-07-03.png,destructive
i_d06-060-04-01.png,illness
i_d07-089-01-03.png,the
i_c06-043-04-02.png,the
i_d06-100-00-00.png,As
i_b06-036-04-00.png,building
i_c03-094f-03-05.png,abashed
i_e07-072-01-05.png,war
i_e04-109-00-08.png,brass
i_e06-021-07-02.png,Being
i_d07-093-06-06.png,quoting
i_b04-066-06-08.png,afternoon
i_c03-087a-01-02.png,its
i_a03-034-02-01.png,outlines
i_c03-003c-08-05.png,city
i_e02-018-04-08.png,will
i_e04-095-00-07.png,take
i_a05-022-02-00.png,arms
i_d06-067-07-06.png,the
i_c03-021e-00-04.png,girl
i_d06-072-07-01.png,what
i_b06-093-06-00.png,destruction
i_a01-058-03-03.png,in
i_e04-068-02-08.png,seen
i_b05-098-06-01.png,under
i_a05-084-05-04.png,to
i_a06-141-02-00.png,Coventry
i_a03-089-02-05.png,Air
i_a06-044-02-03.png,for
i_e01-055-02-06.png,mantel-
i_a06-152-06-01.png,scared
i_a02-116-04-04.png,and
i_d06-104-06-00.png,By
i_b04-187-04-00.png,combination
i_d07-100-05-02.png,interpretation
i_b06-090-02-00.png,present
i_a02-053-02-05.png,in
i_a05-039-08-01.png,majorities
i_a05-099-05-01.png,could
i_a01-000x-02-04.png,tomorrow
i_d03-112-01-01.png,(
i_b06-059-08-03.png,issues
i_c06-005-06-04.png,on
i_b02-105-01-04.png,the
i_a03-006-00-02.png,for
i_c03-096d-06-08.png,odd
i_e01-113-04-10.png,hold
i_b01-057-02-05.png,to
i_d04-012-02-02.png,SHAMIR
i_e06-000-06-02.png,swim
i_b06-004-02-06.png,nazi
i_d06-003-04-04.png,molly-coddled
i_b02-045-05-10.png,the
i_d06-076-05-02.png,down
i_e01-081-00-02.png,crochet
i_c01-014-07-08.png,delineation
i_b01-044-03-02.png,until
i_c03-081b-02-04.png,be
i_c02-017-07-00.png,But
i_a01-117-05-05.png,demanded
i_c01-009-07-04.png,it
i_e02-086-02-02.png,have
i_d06-063-01-01.png,and
i_a04-015-01-12.png,the
i_b01-122-07-04.png,apartheid
i_b01-132-03-05.png,is
i_b05-042-06-01.png,equipped
i_a02-042-05-08.png,did
i_a05-069-00-01.png,was
i_b04-010-05-06.png,is
i_c01-014-07-04.png,result
i_b03-098-00-00.png,The
i_b04-128-03-05.png,It
i_e06-053-04-06.png,wave
i_c06-100-00-07.png,will
i_c03-081f-01-02.png,in
i_d05-040-05-05.png,the
i_c03-000f-03-06.png,Tony
i_a02-067-00-00.png,They
i_c03-081f-03-00.png,in
i_a02-090-05-02.png,the
i_a03-073-06-01.png,a
i_a06-000-06-06.png,Budget
i_b02-102-03-08.png,been
i_c04-160-00-00.png,The
i_a04-043-06-03.png,on
i_d06-011-06-00.png,happens
i_a03-059-08-00.png,Canada
i_a04-054-05-01.png,was
i_d05-040-03-02.png,was
i_e04-043-01-05.png,I
i_b01-049-03-02.png,hold
i_a06-014-09-02.png,suicide
i_e01-055-05-02.png,Victorian
i_a04-010-06-05.png,make
i_c03-007e-05-00.png,rubbish
i_b01-079-08-06.png,necessary
i_e01-113-05-01.png,broad
i_a01-107-01-01.png,the
i_b02-035-00-02.png,reading
i_a06-119-00-02.png,soared
i_a01-026u-06-03.png,Party
i_a01-102-05-02.png,with
i_c06-087-02-03.png,arrives
i_c03-016c-00-00.png,But
i_e04-109-01-04.png,quarter
i_a04-089-03-03.png,is
i_a06-134-01-04.png,in
i_e04-043-01-02.png,many
i_d04-032-01-07.png,the
i_c03-084d-01-04.png,value
i_a01-058-04-02.png,the
i_a04-003-02-06.png,his
i_b03-114-08-01.png,very
i_c03-084a-05-09.png,a
i_e01-050-01-04.png,produced
i_b01-057-09-02.png,democracy
i_d04-050-04-04.png,instead
i_a01-128u-09-06.png,increased
i_c03-094b-04-02.png,and
i_a02-032-00-03.png,absence
i_b04-175-04-05.png,appeal
i_c03-021b-00-00.png,In
i_a01-030x-07-06.png,the
i_a01-049-02-02.png,was
i_e01-062-02-03.png,fine
i_a01-087-01-03.png,the
i_c04-128-01-00.png,told
i_a03-043-05-05.png,people
i_b06-023-05-00.png,nine
i_c04-170-04-02.png,slipping
i_b03-104-06-03.png,million
i_c03-021c-00-04.png,girl
i_b05-067-05-10.png,that
i_e06-021-04-04.png,back
i_e01-022-05-07.png,the
i_e04-058-04-01.png,shaping
i_e06-010-01-07.png,the
i_a02-053-06-00.png,yesterday
i_d06-063-01-05.png,boundaries
i_a06-100-04-11.png,would
i_a01-007-00-01.png,1958
i_a06-008-06-05.png,Minister
i_a01-026x-07-07.png,of
i_a02-078-05-08.png,Kaunda
i_d06-107-07-05.png,I
i_a06-000-02-07.png,to
i_b04-202-03-10.png,had
i_e02-021-06-02.png,B
i_a05-004-08-08.png,months
i_d06-091-01-08.png,easy
i_d06-104-05-04.png,and
i_a01-117u-10-00.png,whose
i_d04-121-00-03.png,all
i_c03-016a-04-00.png,surroundings
i_b04-134-01-00.png,prosperity
i_d01-104-07-00.png,sheets
i_a01-128-08-02.png,by
i_a06-057-04-02.png,on
i_a04-003-07-02.png,reservations
i_d05-030-04-08.png,One
i_a05-029-08-00.png,Francis
i_a01-117u-03-02.png,service
i_c04-000-03-04.png,the
i_d06-060-01-08.png,illness
i_d01-024-06-04.png,impressive
i_b04-175-01-05.png,But
i_c02-000-00-06.png,near
i_a02-032-00-01.png,in
i_a03-017-07-02.png,pro-communist
i_e02-086-03-01.png,man
i_e06-070-00-06.png,or
i_a04-043-03-04.png,the
i_d04-075-06-02.png,the
i_b06-015-01-00.png,view
i_d06-037-00-09.png,bring
i_b05-074-09-03.png,slaves
i_a01-000x-00-01.png,MOVE
i_e01-055-05-00.png,after
i_c01-009-04-03.png,for
i_a04-003-07-00.png,and
i_e01-092-00-03.png,the
i_b06-068-03-03.png,improve
i_a01-117u-07-02.png,of
i_b02-105-01-05.png,consequences
i_c06-076-04-03.png,technique
i_d04-066-04-01.png,them
i_c04-110-01-11.png,lively
i_d04-062-00-00.png,For
i_a04-099-08-07.png,impose
i_c04-075-06-02.png,and
i_b03-104-00-01.png,is
i_c04-150-00-08.png,arrested
i_b06-023-04-09.png,have
i_b06-100-03-05.png,the
i_d04-012-05-08.png,A
i_e04-095-02-04.png,is
i_a04-043-01-08.png,by
i_e02-091-01-03.png,basic
i_d05-040-02-03.png,reverence
i_a02-072-06-06.png,5.30
i_d01-104-02-06.png,use
i_b06-042-04-05.png,personal
i_a05-017-02-03.png,the
i_c04-150-03-05.png,played
i_d07-096-08-04.png,concurred
i_e04-030-00-03.png,job
i_d03-117-07-00.png,in
i_d04-047-04-07.png,Israel
i_c01-014-09-04.png,most
i_c04-075-06-07.png,middle
i_e02-074-05-01.png,enables
i_e01-018-03-04.png,four
i_d04-058-00-01.png,you
i_a05-013-05-00.png,return
i_b05-062-01-06.png,wanting
i_a04-031-09-03.png,who
i_a04-081-03-04.png,unions
i_c03-000d-00-03.png,of
i_d04-066-07-03.png,any
i_d05-021-05-05.png,this
i_c03-096b-05-01.png,he
i_a01-068u-01-04.png,more
i_d01-052-02-00.png,Gospel
i_d06-096-05-04.png,work
i_a01-000x-04-07.png,Mr.
i_b06-079-07-00.png,supports
i_a04-089-02-07.png,and
i_e06-003-00-00.png,Thus
i_b01-023-02-02.png,the
i_b05-032-00-01.png,travellers
i_c01-066-00-06.png,lived
i_a06-090-06-02.png,a
i_e01-022-02-00.png,bridal
i_d07-085-03-03.png,hands
i_e01-059-00-06.png,of
i_c03-084d-05-07.png,Mr.
i_c03-003f-02-07.png,visual
i_b05-045-02-02.png,factory
i_a01-014u-00-00.png,Sir
i_d04-066-07-06.png,and
i_b01-049-07-03.png,dollar
i_a06-000-04-03.png,Commons
i_c03-000a-03-01.png,directed
i_d07-089-08-05.png,the
i_a01-014-00-03.png,Federal
i_d01-016-01-05.png,solved
i_c02-022-00-03.png,springs
i_d01-080-05-04.png,the
i_b06-023-06-06.png,like
i_a06-004-07-05.png,a
i_b06-079-01-00.png,ment
i_d06-086-05-04.png,more
i_b04-169-02-08.png,all
i_e07-007-05-07.png,of
i_b05-079-09-02.png,been
i_e07-000-04-03.png,sprayed
i_a01-053u-02-00.png,listed
i_a02-000-02-03.png,abandoned
i_c03-003f-04-04.png,background
i_e01-119-03-08.png,thread
i_b06-045-02-05.png,us
i_b06-075-10-01.png,as
i_d04-058-00-07.png,And
i_b01-132-05-02.png,will
i_e06-015-06-01.png,banks
i_a05-017-00-03.png,the
i_a01-063-03-03.png,with
i_c03-096f-01-03.png,motives
i_d01-123-03-04.png,of
i_a01-132-01-02.png,limited
i_c03-021e-01-00.png,by
i_a05-094-04-05.png,those
i_a05-104-04-00.png,they
i_a01-049-05-02.png,Southern
i_e04-019-02-03.png,is
i_a05-029-05-06.png,be
i_d06-063-08-07.png,go
i_b03-109-04-07.png,persuade
i_a04-027-01-12.png,arrived
i_c03-000a-03-08.png,is
i_e04-103-03-05.png,stern
i_c02-017-03-02.png,club
i_c03-016c-04-06.png,sordid
i_b01-044-03-03.png,now
i_a01-058u-03-02.png,in
i_c06-095-00-03.png,how
i_b06-008-06-05.png,Mail
i_d01-024-03-08.png,open
i_e02-086-05-04.png,be
i_c03-003b-04-02.png,which
i_e04-095-04-02.png,on
i_b01-004-06-06.png,matter
i_d04-050-02-01.png,and
i_b04-066-05-03.png,EARL
i_b06-110-05-05.png,only
i_e01-014-04-00.png,for
i_d01-085-01-09.png,The
i_a01-072u-05-01.png,German
i_a01-030-04-02.png,But
i_b01-079-08-05.png,if
i_c02-003-04-06.png,began
i_a01-068u-07-04.png,to
i_a01-038-05-06.png,cease
i_c03-007f-04-04.png,monuments
i_e04-099-06-09.png,the
i_a01-113-07-02.png,1950
i_a01-020x-05-02.png,are
i_a06-075-01-05.png,the
i_b02-045-04-02.png,Government
i_a02-078-04-07.png,the
i_a01-117u-04-02.png,28.5
i_a01-007-02-03.png,still
i_d06-104-09-01.png,be
i_b06-049-02-07.png,the
i_a01-038x-01-07.png,Sir
i_a04-031-03-08.png,The
i_d07-093-06-01.png,or
i_a03-054-02-01.png,lessly
i_a06-152-04-01.png,of
i_d01-016-00-09.png,the
i_c03-096e-03-07.png,with
i_c03-081f-02-01.png,herself
i_a01-014x-02-02.png,Said
i_a05-073-06-01.png,and
i_c03-021a-00-02.png,the
i_e02-025-08-00.png,made
i_e02-091-07-04.png,become
i_c03-084d-02-03.png,writing
i_b06-023-03-01.png,could
i_e04-127-00-03.png,gunwales
i_b04-169-06-08.png,aged
i_e06-053-00-02.png,stop
i_c06-116-04-04.png,she
i_b04-089-03-04.png,unions
i_a06-095-07-01.png,and
i_b01-038-06-01.png,balances
i_c06-020-02-09.png,me
i_a06-100-05-00.png,probably
i_a03-030-03-07.png,So
i_c02-056-08-02.png,start
i_e01-119-02-01.png,loop
i_d06-086-09-05.png,quietly
i_c03-021b-07-02.png,love
i_a03-047-04-03.png,the
i_a04-000-04-04.png,minutes
i_c03-016e-04-05.png,something
i_b02-102-04-02.png,Governments
i_d06-003-01-01.png,laughing
i_d04-066-07-04.png,more
i_a03-050-06-06.png,on
i_a01-014-03-02.png,want
i_c06-039-02-05.png,in
i_e02-000-03-07.png,sides
i_a01-082u-08-01.png,TWO
i_b04-081-02-00.png,a
i_d04-028-00-08.png,the
i_d04-071-04-01.png,Lord
i_c03-094c-05-03.png,were
i_b03-109-07-07.png,change
i_b06-059-07-01.png,movement
i_c04-050-06-10.png,the
i_c03-094e-08-06.png,of
i_a05-009-01-04.png,also
i_c06-027-00-02.png,a
i_a01-102u-04-01.png,dealing
i_c04-035-06-00.png,repertory
i_a01-020u-06-00.png,seeking
i_b01-053-04-06.png,Germany
i_b04-181-01-01.png,free
i_a02-106-05-01.png,thorniest
i_a05-009-06-00.png,of
i_d04-096-06-08.png,the
i_a06-039-01-04.png,here
i_b05-042-06-00.png,technically
i_a03-006-06-01.png,seen
i_b01-113-04-00.png,really
i_c04-013-00-05.png,with
i_e04-103-01-07.png,at
i_b04-000-00-00.png,A
i_a05-104-08-05.png,is
i_b05-088-03-01.png,while
i_c04-139-01-13.png,what
i_b03-109-00-03.png,shown
i_c06-095-03-03.png,they
i_e01-059-06-00.png,edging
i_e06-049-07-07.png,until
i_b06-019-08-00.png,compared
i_a02-111-04-04.png,biggest
i_c04-160-00-07.png,figment
i_a02-067-01-01.png,not
i_b05-045-00-03.png,assembler
i_c04-156-00-03.png,splendid
i_c04-050-06-00.png,was
i_a01-063u-02-01.png,President
i_b04-107-00-06.png,haste
i_d06-111-03-02.png,note
i_e01-050-01-05.png,in
i_e06-003-06-02.png,that
i_c03-096a-03-02.png,in
i_b06-087-01-03.png,time
i_a02-008-01-09.png,kept
i_a06-025-01-03.png,hold
i_b01-073-04-08.png,be
i_d06-011-04-02.png,or
i_b05-083-06-02.png,disliked
i_c03-016c-08-08.png,leaves
i_e02-117-08-02.png,have
i_b06-045-07-01.png,policy
i_d06-111-04-06.png,because
i_e07-007-05-00.png,are
i_a03-040-00-03.png,Conservative
i_a05-017-06-07.png,reached
i_a01-020-01-03.png,the
i_a01-020u-02-07.png,now
i_b01-049-03-01.png,to
i_e04-043-05-00.png,weighs
i_a06-090-05-00.png,raised
i_a05-113-05-04.png,happy
i_a05-048-01-05.png,by
i_b05-083-00-03.png,conquered
i_a04-096-06-00.png,there
i_d06-020-08-00.png,lives
i_c04-056-03-00.png,lot
i_c06-100-07-00.png,ones
i_a04-035-06-03.png,minutes
i_a02-090-00-09.png,again
i_d01-118-05-00.png,end
i_e04-095-00-04.png,boat
i_c03-094a-08-04.png,Richards
i_c04-098-01-05.png,calls
i_b02-102-01-01.png,weighing
i_b02-045-02-06.png,restores
i_c03-094d-07-01.png,to
i_c06-047-02-08.png,published
i_b04-181-01-04.png,It
i_b04-089-03-08.png,to
i_a04-072-07-05.png,grasped
i_e01-029-07-01.png,own
i_d04-012-05-06.png,I
i_e01-113-04-09.png,Take
i_a06-147-05-10.png,the
i_a06-008-04-09.png,a
i_b05-071-03-08.png,they
i_d04-081-05-09.png,we
i_c06-138-08-02.png,raree-show
i_c03-087b-04-06.png,desolation
i_e01-119-01-09.png,2
i_c02-000-08-00.png,made
i_e01-029-01-06.png,crochet
i_c03-081e-05-00.png,not
i_b05-055-02-04.png,grip
i_d06-008-03-05.png,of
i_a05-069-07-01.png,tests
i_d04-012-01-08.png,Hebrew
i_a01-053-03-06.png,Senator
i_e06-037-07-00.png,fascinating
i_c03-094c-01-04.png,Allen
i_c04-061-04-10.png,a
i_d06-056-01-03.png,their
i_c03-003c-01-02.png,in
i_c03-016d-00-05.png,the
i_a03-017-05-05.png,in
i_b05-017-01-12.png,and
i_b01-073-08-01.png,for
i_a01-063u-05-06.png,of
i_e06-053-00-01.png,they
i_a04-085-06-05.png,section
i_c03-084a-01-02.png,giving
i_c03-087e-08-00.png,pulated
i_b06-064-05-04.png,to
i_d06-046-02-00.png,bring
i_c06-031-04-00.png,the
i_b06-004-05-02.png,At
i_e02-021-06-00.png,at
i_b01-132-08-02.png,evil
i_d01-080-01-06.png,served
i_a03-027-04-03.png,Cabinet
i_a06-100-00-08.png,towards
i_a06-114-00-00.png,If
i_a01-113-03-11.png,easy
i_c03-094b-05-02.png,grotesque
i_a05-069-05-02.png,urgency
i_b04-202-03-11.png,a
i_b01-057-01-05.png,Moral
i_a04-000-06-02.png,policy
i_a03-047-00-03.png,for
i_a06-070-04-07.png,countries
i_e07-007-00-03.png,of
i_a05-053-07-02.png,winding
i_b05-058-00-09.png,straight
i_e06-033-08-05.png,the
i_b01-073-07-07.png,UN
i_c06-076-06-00.png,brilliant
i_e06-049-07-00.png,for
i_e04-086-00-09.png,which
i_a06-124-05-05.png,the
i_a01-030-00-05.png,of
i_a06-141-01-02.png,the
i_c03-094b-07-03.png,and
i_a01-011u-03-03.png,(
i_b05-088-03-00.png,net
i_b06-100-03-00.png,scientific
i_c03-007-02-06.png,The
i_a02-053-04-00.png,openly
i_d01-016-00-03.png,that
i_b05-071-02-06.png,used
i_d07-100-03-09.png,relevant
i_e04-083-03-05.png,to
i_a01-107u-06-01.png,Brown
i_c03-000a-01-07.png,the
i_d06-063-05-00.png,far
i_a06-000-01-04.png,shares
i_c03-021f-03-01.png,by
i_b01-094-04-03.png,they
i_a05-009-00-00.png,He
i_a04-059-04-00.png,the
i_a04-092-07-00.png,says
i_c01-009-02-02.png,a
i_c03-000f-05-02.png,of
i_b01-089-09-00.png,and
i_e04-011-00-02.png,2
i_d04-032-01-08.png,hard
i_d06-104-01-02.png,so
i_c02-017-09-04.png,by
i_a02-004-01-00.png,the
i_c04-170-00-05.png,attacked
i_b05-042-07-00.png,set
i_a01-043-01-01.png,today
i_c02-007-03-10.png,im-
i_d06-076-03-06.png,head
i_c03-000a-01-02.png,Taste
i_b06-008-06-02.png,told
i_a02-106-06-00.png,to
i_b01-000-01-00.png,in
i_b06-042-02-04.png,can
i_a01-014x-03-05.png,what
i_a04-081-03-03.png,of
i_a01-091-06-02.png,bear
i_c04-144-07-01.png,could
i_a01-026u-01-01.png,in
i_b05-017-03-02.png,I
i_b02-035-06-03.png,what
i_d05-030-00-01.png,associated
i_a04-066-02-08.png,reports
i_c03-007f-04-02.png,the
i_b01-033-01-06.png,their
i_b04-147-02-05.png,A
i_e06-070-08-03.png,round
i_e04-103-05-06.png,glue
i_c06-043-00-00.png,And
i_c03-016c-02-05.png,dingy
i_b04-075-04-00.png,of
i_a04-096-08-02.png,might
i_e04-109-05-03.png,allow
i_c03-007a-07-04.png,story
i_c02-022-07-03.png,replaced
i_a05-069-04-08.png,any
i_b01-038-08-03.png,will
i_c04-013-02-00.png,a
i_e04-079-01-02.png,shape
i_a01-091-04-02.png,the
i_a06-114-03-00.png,will
i_b01-127-03-00.png,what
i_a02-078-01-02.png,the
i_a01-102-06-02.png,imaginative
i_a03-073-01-04.png,task
i_a01-026x-01-00.png,in
i_d01-049-06-07.png,how
i_c04-075-01-01.png,solo
i_d06-056-02-03.png,can
i_e01-059-05-03.png,blouse
i_c03-016d-08-06.png,first
i_c03-081a-07-04.png,longest
i_a01-038-07-04.png,He
i_c03-003d-01-07.png,and
i_a05-044-06-00.png,the
i_c03-021e-01-07.png,is
i_e04-083-03-02.png,for
i_a02-012-00-05.png,experienced
i_a02-042-05-07.png,how
i_d05-040-05-07.png,improbable
i_c02-059-03-01.png,are
i_e04-109-01-03.png,a
i_b04-040-02-00.png,did
i_c03-007a-00-03.png,of
i_b06-087-07-01.png,and
i_d04-053-04-01.png,of
i_c06-116-02-04.png,Miss
i_c04-056-08-00.png,cups
i_c03-096c-00-00.png,Only
i_c02-017-04-05.png,prayer
i_c02-089-00-02.png,large
i_d06-050-00-00.png,Nor
i_a01-128-06-09.png,of
i_a04-006-10-00.png,men
i_d01-019-02-13.png,The
i_a06-157-03-01.png,will
i_b01-089-02-00.png,justified
i_c03-087e-07-00.png,faith
i_a04-015-01-06.png,at
i_e06-049-02-03.png,fish
i_a04-059-01-11.png,a
i_d06-067-02-00.png,that
i_e07-003-07-03.png,biological
i_c03-000f-06-03.png,derived
i_e07-003-01-06.png,killing
i_d06-063-02-06.png,difficult
i_a01-107-04-01.png,The
i_e06-000-02-00.png,sea
i_a05-004-05-08.png,the
i_a04-050-02-04.png,should
i_b04-121-00-10.png,well
i_b05-058-01-04.png,reveal
i_c03-096f-03-02.png,the
i_c02-017-09-02.png,becomes
i_e06-033-02-06.png,out
i_a01-068u-07-00.png,Government
i_c02-059-06-06.png,was
i_c03-084e-05-05.png,Ferris
i_e07-072-03-06.png,substitutes
i_e06-021-06-03.png,migration
i_c02-059-05-07.png,particularly
i_e04-019-00-04.png,backward
i_e04-103-06-00.png,the
i_a02-050-03-02.png,an
i_b03-114-04-01.png,adoption
i_b04-121-02-07.png,choice
i_a01-014x-03-01.png,We
i_a03-006-03-00.png,been
i_b01-053-05-04.png,are
i_e07-066-02-01.png,with
i_a03-034-00-00.png,Members
i_a06-110-06-00.png,we
i_a04-000-04-01.png,hours
i_a02-098-03-03.png,may
i_e01-092-01-02.png,possesses
i_d06-008-01-04.png,that
i_c03-007-02-07.png,shabby
i_a03-080-08-00.png,for
i_b01-038-02-05.png,further
i_e02-018-06-06.png,sides
i_b03-098-02-02.png,be
i_b04-075-02-01.png,time
i_a06-014-04-06.png,investors
i_d06-046-09-04.png,and
i_a01-132-10-01.png,regular
i_c03-016c-00-09.png,an
i_b01-062-01-04.png,question
i_e04-114-00-06.png,for
i_c03-087f-05-08.png,whether
i_d01-085-02-07.png,on
i_a02-004-00-02.png,idea
i_b04-060-04-09.png,cheer
i_c03-007f-04-05.png,and
i_a01-030-06-06.png,to
i_d04-047-04-03.png,6a
i_a03-014-00-04.png,Laotian
i_a04-043-04-05.png,was
i_d06-107-00-01.png,was
i_d06-063-04-04.png,responsible
i_e04-103-06-05.png,framing
i_e04-026-00-04.png,firmly
i_a01-043-03-01.png,Housing
i_c06-095-02-00.png,the
i_c03-007a-04-02.png,and
i_b06-071-08-07.png,and
i_a02-008-00-06.png,Sandys
i_c03-084a-00-04.png,is
i_b02-035-05-06.png,much
i_a03-059-08-05.png,the
i_e04-004-01-00.png,timber
i_a03-014-02-07.png,Prince
i_c03-084b-07-02.png,unbridled
i_c03-007d-02-00.png,England
i_b04-000-01-03.png,centre
i_b06-064-08-00.png,for
i_c06-000-00-02.png,mid-morning
i_e06-021-03-03.png,if
i_d04-012-06-03.png,and
i_a02-106-09-04.png,the
i_b01-000-06-03.png,issue
i_e07-066-04-02.png,Of
i_d01-049-01-07.png,all
i_d06-000-01-03.png,even
i_b06-045-05-07.png,by
i_b03-098-09-00.png,public
i_a05-048-03-04.png,fourth
i_b02-097-05-07.png,There
i_d06-030-03-12.png,be
i_a01-007-05-00.png,members
i_d05-021-05-13.png,made
i_a01-132-07-01.png,on
i_a04-043-03-00.png,sites
i_a04-050-06-02.png,enemy
i_d07-096-01-02.png,and
i_a04-099-09-02.png,onerous
i_b06-036-05-08.png,Let
i_b01-079-09-01.png,civil
i_c03-003f-03-00.png,of
i_c06-128-06-07.png,felt
i_d04-131-06-04.png,Abraham
i_a04-096-09-01.png,alone
i_c03-096a-03-05.png,the
i_c03-016d-10-00.png,away
i_e04-068-04-10.png,Canada
i_a01-007-08-05.png,Premier
i_b01-038-08-08.png,cheaper
i_e01-113-04-04.png,1
i_b06-082-04-05.png,They
i_c02-000-06-08.png,num-
i_b06-012-01-04.png,economic
i_a04-006-09-08.png,two
i_b06-004-03-02.png,and
i_c03-007a-04-03.png,the
i_c03-007c-00-00.png,In
i_d06-113-03-05.png,the
i_c03-096d-00-05.png,therefore
i_a01-128u-01-08.png,his
i_c03-003b-06-05.png,Logan
i_a02-046-05-13.png,ten
i_b02-045-01-00.png,this
i_a01-011u-03-01.png,National
i_a04-081-09-01.png,in
i_c03-084e-05-00.png,Fall
i_d04-075-06-09.png,a
i_b05-038-06-01.png,whereby
i_a04-019-07-01.png,of
i_d04-117-03-05.png,to
i_b06-100-06-06.png,per-
i_e07-061-03-05.png,Both
i_c03-094c-06-07.png,effi-
i_a01-077u-04-04.png,whether
i_a01-007-07-03.png,face
i_c06-116-08-02.png,earlier
i_a01-030u-00-01.png,Rhodesia
i_c03-094c-05-05.png,asked
i_e02-086-01-04.png,called
i_c02-078-03-00.png,that
i_c03-087f-06-07.png,had
i_a01-020u-01-01.png,Lancaster
i_d03-117-07-09.png,the
i_d04-086-02-12.png,freedom
i_b01-079-04-01.png,peace
i_d04-089-05-05.png,hurled
i_d06-030-03-11.png,to
i_a04-010-02-02.png,Commons
i_a04-096-00-01.png,second
i_a04-023-02-03.png,Mr.
i_b06-097-03-07.png,church
i_c03-087f-03-06.png,the
i_a01-132-09-02.png,still
i_c03-081a-01-05.png,to
i_b04-140-01-03.png,troops
i_b02-045-05-05.png,is
i_a01-000u-00-01.png,MOVE
i_b05-050-05-04.png,thought
i_a01-014x-04-00.png,British
i_a01-128-01-07.png,bitterest
i_a02-098-00-03.png,set
i_a01-026u-01-04.png,last
i_d06-030-03-03.png,seems
i_e01-032-06-04.png,can
i_d06-100-01-03.png,groove
i_a05-022-07-00.png,Service
i_b05-038-08-01.png,and
i_c03-000c-02-00.png,Theatre
i_c03-007e-03-07.png,play-
i_a06-090-02-03.png,in
i_d01-052-00-02.png,Gospel
i_c02-007-00-02.png,he
i_c02-012-08-05.png,out
i_b06-023-01-02.png,by
i_c06-014-01-05.png,to
i_b04-147-01-03.png,board
i_c03-007c-05-05.png,head-stones
i_a03-050-05-05.png,bow
i_c03-000c-03-01.png,by
i_a01-107-00-06.png,service
i_a06-147-03-07.png,even
i_b03-114-05-06.png,the
i_e04-091-00-07.png,butt
i_d03-117-08-02.png,water
i_c03-000e-03-05.png,Richardson
i_a01-132x-07-03.png,be
i_a01-077-06-06.png,said
i_e04-043-04-01.png,measures
i_a01-049x-03-02.png,that
i_d04-050-00-07.png,If
i_a02-078-00-06.png,he
i_a01-096u-06-03.png,am
i_c03-081c-04-04.png,not
i_b01-000-05-02.png,exclusion
i_c06-039-00-02.png,incidents
i_a01-053x-05-00.png,He
i_d06-072-09-05.png,builds
i_b04-103-04-00.png,even
i_e06-030-03-01.png,winds
i_b01-132-06-00.png,step
i_b01-127-03-08.png,Commonwealth
i_e06-021-08-01.png,drift
i_c02-003-04-01.png,only
i_a05-009-04-01.png,defence
i_b04-040-03-02.png,the
i_b01-018-06-03.png,And
i_e07-061-04-07.png,stage
i_e04-091-03-08.png,notches
i_a04-099-08-02.png,on
i_a01-091-07-02.png,the
i_b04-175-01-03.png,more
i_a05-017-08-03.png,ever
i_b06-093-07-00.png,peace
i_e07-061-06-01.png,of
i_b01-136-01-02.png,to
i_b02-013-02-03.png,evidence
i_e04-086-04-07.png,be
i_a03-073-09-02.png,but
i_c04-017-04-04.png,have
i_a03-080-06-05.png,absence
i_a03-011-07-04.png,Belgrade
i_c04-105-05-02.png,Now
i_c01-014-04-00.png,everything
i_c02-022-03-02.png,the
i_c06-039-07-03.png,a
i_b06-027-05-01.png,Strauss
i_a06-014-05-05.png,affected
i_d06-067-07-05.png,is
i_c04-004-04-09.png,his
i_b04-116-03-08.png,should
i_a02-057-07-03.png,but
i_a01-072u-00-01.png,support
i_e02-021-00-00.png,Incidentally
i_d05-008-07-04.png,it
i_b06-049-05-06.png,we
i_b04-175-00-03.png,more
i_a01-014-05-01.png,talks
i_a06-147-05-07.png,treaty
i_c03-096f-01-02.png,appreciable
i_c02-007-00-04.png,to
i_b05-032-05-03.png,Travel
i_c02-017-00-04.png,novel
i_a04-043-06-05.png,and
i_c02-017-04-07.png,answered
i_c03-021c-07-03.png,sympathy
i_e02-000-03-01.png,easy
i_d01-016-02-14.png,author
i_a05-004-05-06.png,also
i_c02-022-02-01.png,monk
i_d04-117-04-05.png,wishes
i_e01-050-04-06.png,and
i_e06-053-01-01.png,seine-net
i_d06-104-04-02.png,day
i_a01-030u-09-02.png,in
i_a04-019-03-06.png,was
i_d06-100-04-03.png,I
i_b01-089-09-01.png,that
i_b01-033-04-08.png,up
i_b06-045-01-01.png,the
i_a04-006-03-04.png,discussions
i_e01-035-02-06.png,teach
i_b06-068-00-03.png,show
i_c04-066-02-05.png,in
i_a06-025-01-01.png,must
i_c02-030-05-00.png,and
i_e01-102-06-02.png,of
i_c06-039-06-01.png,put
i_e01-029-08-01.png,reflects
i_a04-085-05-03.png,he
i_a03-073-03-00.png,only
i_d06-060-00-02.png,the
i_d01-123-04-06.png,accommodating
i_d01-016-02-00.png,plan
i_a01-053-01-02.png,with
i_a05-080-08-03.png,was
i_b05-098-01-06.png,why
i_a04-099-00-06.png,probably
i_a03-034-00-07.png,speeches
i_c03-094d-06-04.png,were
i_a04-054-01-00.png,So
i_c03-087d-08-02.png,which
i_c03-003c-02-01.png,and
i_a01-030u-06-01.png,remained
i_c03-087b-04-03.png,complete
i_a01-030x-02-03.png,he
i_e04-038-02-03.png,footrest
i_c03-094d-10-02.png,gaudy
i_c02-030-05-01.png,thoroughly
i_a01-003u-01-04.png,majority
i_a01-038x-08-02.png,Sir
i_e02-100-02-06.png,for
i_b05-083-06-03.png,by
i_e06-049-00-02.png,consider
i_e04-114-05-09.png,apart
i_a01-117-06-05.png,the
i_d04-101-03-04.png,the
i_e04-124-04-08.png,do
i_a01-096u-08-00.png,whole
i_d07-085-07-00.png,with
i_c02-059-04-02.png,Wicki
i_b05-098-07-05.png,might
i_b06-110-01-06.png,who
i_d07-082-04-02.png,here
i_b01-136-02-04.png,blander
i_b05-088-02-05.png,many
i_a05-125-06-03.png,harangued
i_c04-066-07-05.png,should
i_e04-124-02-07.png,plans
i_b04-116-05-02.png,Government
i_b04-054-05-07.png,five
i_c03-016d-00-01.png,there
i_b03-092-05-05.png,the
i_a05-000-02-01.png,a
i_b01-014-02-07.png,off
i_e02-086-00-02.png,to
i_b06-087-04-00.png,trade
i_d01-060-03-02.png,7.53-8.11
i_c03-096a-01-01.png,from
i_e04-011-04-07.png,piece
i_e02-082-06-03.png,from
i_e04-026-01-07.png,footrest
i_b02-097-03-02.png,ones
i_e02-021-06-05.png,Fig.
i_a02-120-07-03.png,have
i_d04-081-00-00.png,Ben
i_c04-110-03-03.png,39
i_a04-099-06-00.png,permission
i_a01-077u-02-00.png,Joyce
i_a06-141-05-11.png,Nazi
i_a02-106-00-03.png,three
i_c04-000-02-00.png,in
i_d04-012-01-00.png,personal
i_a01-082u-00-02.png,statement
i_b06-100-02-06.png,the
i_b02-105-00-04.png,convinced
i_b02-102-05-00.png,that
i_b02-097-06-05.png,more
i_e01-025-07-06.png,the
i_b05-050-06-04.png,about
i_a02-027-07-08.png,the
i_d06-003-03-05.png,are
i_c02-056-07-08.png,just
i_b04-140-00-00.png,BEFORE
i_a01-038-09-06.png,the
i_d05-040-05-00.png,table
i_a06-051-02-03.png,be
i_a02-037-06-02.png,and
i_a03-030-04-04.png,laying
i_e01-102-05-00.png,chairbacks
i_a05-017-09-03.png,have
i_e01-018-04-07.png,is
i_a06-070-07-05.png,stated
i_a03-043-07-04.png,rally
i_e01-014-01-05.png,man
i_a03-059-03-03.png,show
i_e06-070-09-01.png,to
i_c06-083-03-02.png,is
i_e01-119-07-06.png,Fig.
i_d06-020-07-03.png,to
i_c03-096e-02-05.png,were
i_b06-087-07-05.png,installed
i_b01-118-03-07.png,of
i_a04-099-06-06.png,territory
i_a03-050-03-02.png,egghead
i_a02-027-05-04.png,to
i_c04-150-06-06.png,a
i_c04-139-01-14.png,happens
i_e06-010-05-05.png,this
i_c02-059-09-04.png,would
i_a02-008-00-04.png,told
i_d06-008-05-00.png,reaped
i_e06-026-08-05.png,the
i_a05-039-03-05.png,from
i_d05-040-03-00.png,and
i_e04-004-00-03.png,the
i_b06-075-08-07.png,Polaris
i_b02-013-05-01.png,to
i_a02-078-08-03.png,way
i_b01-053-07-01.png,co-operation
i_a02-111-10-00.png,Committee
i_c03-081b-05-00.png,Miss
i_a03-047-07-03.png,the
i_a01-117-09-03.png,the
i_a05-013-02-01.png,that
i_a01-053-03-01.png,Kennedy
i_d07-093-02-03.png,same
i_b04-026-06-08.png,10
i_b04-066-05-07.png,friends
i_c01-009-05-00.png,unambiguously
i_d06-030-03-06.png,any
i_a04-081-08-03.png,in
i_e02-025-09-05.png,line
i_b01-113-02-00.png,policy
i_c03-094c-08-04.png,colour
i_b01-033-03-03.png,Dutch
i_d07-102-03-09.png,of
i_d04-089-05-04.png,is
i_e01-092-04-00.png,nor
i_c04-050-07-06.png,like
i_b04-187-04-05.png,anticipation
i_a01-043u-02-06.png,as
i_a01-020-06-05.png,The
i_c03-016d-05-07.png,for
i_e01-035-01-01.png,worked
i_a01-049u-09-05.png,sent
i_c03-000c-00-00.png,The
i_a01-113-00-00.png,He
i_b01-004-02-04.png,actually
i_c03-016b-01-02.png,the
i_a03-040-04-10.png,been
i_a02-032-06-03.png,ruthlessly
i_b04-103-02-05.png,are
i_d06-015-04-02.png,several
i_e01-086-00-05.png,to
i_e01-086-02-03.png,of
i_c06-091-02-04.png,a
i_c02-059-08-06.png,face
i_c03-021d-05-04.png,and
i_d04-086-04-00.png,Charauses
i_d04-058-00-08.png,you
i_e01-055-03-03.png,a
i_e06-026-02-03.png,east
i_b04-134-03-05.png,following
i_b06-079-07-06.png,American
i_a01-063x-01-02.png,in
i_c02-059-04-03.png,films
i_c06-111-02-01.png,Marriage-Go-Round
i_b03-087-03-02.png,in
i_b01-118-03-00.png,and
i_c04-150-01-06.png,of
i_e04-004-03-00.png,a
i_d06-082-00-08.png,energy
i_e04-058-01-01.png,moulds
i_c03-000b-05-07.png,conception
i_a01-049-04-01.png,Senate
i_a04-023-04-07.png,the
i_a01-077-07-03.png,his
i_a04-015-03-00.png,both
i_a01-053u-05-00.png,reported
i_a05-004-05-00.png,and
i_a03-006-02-04.png,fact
i_c04-116-02-20.png,He
i_b06-036-05-06.png,role
i_a01-128u-10-06.png,cent.
i_a06-119-08-06.png,of
i_b01-127-06-01.png,of
i_a04-039-09-08.png,of
i_c03-007d-08-02.png,of
i_a06-057-03-08.png,talk
i_d04-062-00-04.png,to
i_a03-066-07-03.png,an
i_b01-057-05-05.png,solve
i_b04-140-05-03.png,have
i_e04-058-04-06.png,upside-down
i_c03-003b-06-04.png,Joshua
i_e07-072-09-01.png,at
i_b01-014-08-02.png,policy
i_c03-094c-02-07.png,editor
i_a04-015-01-04.png,first
i_a02-072-01-11.png,fit
i_b04-004-05-02.png,Why
i_a06-064-08-07.png,the
i_a05-004-01-00.png,not
i_e04-083-01-05.png,bottom
i_a01-011u-02-05.png,Mr.
i_a04-043-04-00.png,troops
i_e01-025-04-02.png,would
i_c02-030-03-02.png,he
i_a05-025-03-04.png,with
i_c03-087e-07-08.png,mani-
i_e06-010-01-06.png,of
i_a02-053-06-06.png,being
i_a06-119-07-00.png,the
i_e01-107-08-02.png,attractive
i_d04-111-05-00.png,is
i_d06-086-02-08.png,next
i_a03-027-05-02.png,in
i_a01-122-05-08.png,maintained
i_a05-048-08-02.png,Parliamentary
i_c03-084b-03-05.png,in
i_c06-080-04-01.png,glossy
i_a05-053-02-05.png,in
i_b01-033-01-08.png,in
i_c03-021b-04-00.png,who
i_e04-019-02-00.png,and
i_d04-008-02-05.png,These
i_d06-096-01-05.png,routine
i_e02-014-01-02.png,can
i_c02-078-02-01.png,all
i_c01-066-04-03.png,Langley
i_a01-117-02-05.png,service
i_a03-066-03-00.png,involved
i_a05-009-05-06.png,the
i_b04-195-00-03.png,curtain
i_e04-095-04-06.png,that
i_a02-017-05-05.png,headquarters
i_b01-094-07-03.png,strife-torn
i_c03-003e-04-02.png,their
i_a03-063-09-02.png,military
i_b04-034-05-00.png,personal
i_a03-011-04-08.png,common
i_c03-003f-00-00.png,This
i_c03-021e-03-04.png,instinct
i_d07-096-00-08.png,the
i_b01-127-03-09.png,countries
i_a03-030-00-00.png,In
i_a01-011u-09-01.png,insisting
i_b05-042-05-05.png,human
i_a01-049x-03-00.png,gossip
i_e06-006-08-06.png,along
i_b06-023-07-00.png,(
i_d01-056-02-02.png,the
i_c04-098-02-03.png,his
i_a04-043-05-03.png,to
i_c03-016b-06-07.png,shyly
i_c02-026-05-02.png,in
i_c03-094a-06-00.png,not
i_e02-014-02-03.png,planed
i_e04-038-01-05.png,the
i_a04-089-04-03.png,a
i_b01-084-07-03.png,their
i_a01-038-06-02.png,Sir
i_d07-089-05-04.png,taken
i_d05-021-02-09.png,Christ
i_d04-125-01-08.png,we
i_a04-023-00-00.png,Apart
i_e07-072-04-04.png,and
i_c03-016a-05-04.png,she
i_a06-044-03-05.png,service
i_a05-044-00-06.png,the
i_a01-058u-08-02.png,the
i_e04-103-00-03.png,the
i_b06-087-06-01.png,unilateral
i_a01-007u-05-03.png,THE
i_d01-098-04-11.png,disadvantages
i_e01-092-05-09.png,easy
i_a01-107u-02-05.png,standard
i_b01-073-06-07.png,hardly
i_c04-165-02-06.png,through
i_b04-128-02-04.png,timid
i_a02-000-06-02.png,a
i_e06-030-02-03.png,shown
i_a04-103-05-02.png,Britain
i_c03-087e-06-07.png,little
i_b06-023-07-08.png,by
i_d06-072-03-03.png,in
i_a05-029-00-07.png,Sir
i_a01-014-05-06.png,are
i_e04-095-06-07.png,will
i_c02-082-08-00.png,well
i_c03-007d-04-02.png,the
i_a01-128u-04-06.png,hospital
i_b04-040-02-11.png,new
i_c02-056-08-01.png,to
i_b02-105-00-00.png,But
i_c03-016b-03-04.png,such
i_d05-040-05-06.png,most
i_b01-057-08-01.png,prefer
i_d06-046-06-07.png,girl
i_a05-094-01-00.png,they
i_c03-084a-06-07.png,destructive
i_c04-150-01-00.png,claimed
i_a05-073-02-03.png,myth
i_d06-050-03-10.png,A
i_c02-003-04-02.png,a
i_b01-038-02-03.png,brighter
i_b06-059-07-06.png,that
i_d04-089-05-06.png,against
i_a06-025-03-03.png,of
i_e04-068-00-00.png,I
i_e04-103-01-09.png,bows
i_d01-056-00-06.png,authors
i_b06-110-05-08.png,for
i_a02-024-07-03.png,largest
i_a04-092-05-01.png,and
i_e02-117-08-00.png,readers
i_d06-027-06-04.png,we
i_a01-011u-07-05.png,but
i_a04-069-02-05.png,spread
i_a02-046-05-07.png,act
i_c06-011-03-08.png,any
i_b04-202-06-06.png,with
i_a01-007x-07-02.png,Sir
i_c03-016c-00-03.png,heart
i_b06-064-08-04.png,weak
i_a01-038x-04-04.png,to
i_d01-080-02-05.png,cases
i_b03-087-03-01.png,Bills
i_c04-008-02-00.png,and
i_b06-019-07-01.png,be
i_a01-007u-06-02.png,of
i_b01-023-05-06.png,make
i_e04-004-06-00.png,can
i_b04-026-01-11.png,the
i_e01-119-04-01.png,opposite
i_e04-103-06-07.png,the
i_e06-033-05-00.png,Knoll
i_b06-019-01-05.png,attacked
i_b04-040-01-06.png,home
i_c04-139-00-05.png,comment
i_a01-049x-05-05.png,Senator
i_b01-053-02-04.png,to
i_d07-096-08-03.png,Court
i_a02-024-02-00.png,monwealth
i_a06-134-00-06.png,and
i_a01-082u-08-00.png,CHILDREN
i_a03-030-05-05.png,the
i_c06-083-04-09.png,Signorina
i_d05-025-02-00.png,before
i_a04-072-02-00.png,an
i_a05-048-00-08.png,was
i_d04-053-02-01.png,of
i_c04-056-03-02.png,this
i_c03-096c-00-01.png,Mr.
i_c04-134-03-00.png,She
i_c03-016d-06-05.png,is
i_a02-090-04-01.png,UNIP
i_d06-091-02-04.png,get
i_a04-069-04-03.png,he
i_a01-026x-09-01.png,the
i_a06-090-08-01.png,the
i_b06-036-03-00.png,the
i_c03-084f-02-05.png,without
i_a04-039-00-00.png,In
i_a02-032-00-02.png,his
i_a04-027-04-10.png,a
i_a05-000-05-00.png,about
i_c03-021a-00-00.png,In
i_a05-069-01-02.png,which
i_a06-025-04-07.png,ETU
i_a03-066-03-09.png,when
i_c03-087c-06-05.png,way
i_c06-111-02-02.png,is
i_b05-042-05-00.png,Not
i_e06-021-00-00.png,So
i_a01-043x-07-05.png,projects
i_d04-131-02-01.png,of
i_a02-116-05-06.png,for
i_d04-066-04-04.png,the
i_b05-062-01-09.png,He
i_c04-160-00-01.png,play
i_a04-019-07-03.png,allied
i_c04-017-01-03.png,hit
i_b06-053-01-02.png,have
i_b04-140-02-07.png,war
i_a01-003u-07-00.png,forward
i_c04-028-01-02.png,around
i_b06-042-03-00.png,betrayal
i_c06-011-04-04.png,being
i_d06-020-06-08.png,that
i_c06-087-04-08.png,lady
i_a06-095-06-02.png,Market
i_a01-053u-07-00.png,in
i_a01-117u-07-03.png,taking
i_a03-020-00-02.png,former
i_c03-081a-08-00.png,that
i_a06-134-07-08.png,war
i_e04-114-00-04.png,plane
i_a01-132-07-06.png,for
i_c02-049-08-00.png,and
i_a04-066-01-00.png,unilateralists
i_a02-072-05-09.png,phone
i_b01-014-03-02.png,other
i_a02-102-01-03.png,Freddie
i_a05-004-06-03.png,central
i_d07-082-03-08.png,are
i_c03-094d-00-07.png,always
i_a01-007-03-04.png,Lords
i_c04-061-04-05.png,hope
i_b02-035-05-01.png,Northern
i_b06-093-09-00.png,Week
i_c03-087e-00-05.png,some
i_c01-009-02-03.png,concentrated
i_d06-082-03-02.png,pernickety
i_b05-067-04-02.png,apex
i_a05-073-00-03.png,of
i_d01-104-00-07.png,weight
i_d01-052-07-01.png,with
i_a04-069-01-00.png,Prime
i_a03-054-00-02.png,being
i_e04-011-08-02.png,tray
i_c06-087-03-08.png,teenagers
i_b06-053-06-04.png,living
i_d03-117-00-05.png,and
i_e04-109-06-03.png,screwing
i_a06-020-01-08.png,resignation
i_a01-132-02-01.png,being
i_c04-098-03-01.png,a
i_e04-083-01-06.png,of
i_c04-170-01-03.png,was
i_a04-031-03-00.png,Kennedy
i_d06-060-04-00.png,physical
i_e06-006-04-01.png,there
i_c06-128-00-00.png,ON
i_c03-094a-02-02.png,appealing
i_b01-057-06-10.png,are
i_a04-023-00-06.png,talks
i_a05-099-04-02.png,limitation
i_e06-041-09-03.png,by
i_a05-004-02-06.png,practical
i_e06-003-10-02.png,spawn
i_b04-060-03-01.png,British
i_e01-092-00-04.png,dc.
i_e01-062-04-00.png,it
i_b06-004-06-06.png,build
i_a06-128-06-05.png,of
i_d01-049-05-07.png,a
i_a05-069-03-08.png,mono-
i_a01-063u-08-05.png,is
i_c03-003f-03-07.png,of
i_d04-086-02-02.png,on
i_a06-004-01-07.png,the
i_c04-128-03-08.png,eight-round
i_a01-026u-08-06.png,Central
i_a01-117u-10-03.png,risen
i_d06-086-04-08.png,strain
i_b03-098-06-05.png,to
i_a01-014-08-05.png,his
i_c02-059-10-03.png,the
i_d06-060-06-04.png,results
i_a01-117u-02-01.png,make
i_c03-087f-00-07.png,beyond
i_c02-030-05-05.png,has
i_b01-118-01-02.png,live
i_c04-008-07-02.png,tread
i_b06-087-08-02.png,Loch
i_a04-043-00-03.png,delivered
i_b05-058-01-03.png,to
i_b01-053-06-00.png,moving
i_e01-050-01-00.png,amount
i_a01-026u-07-04.png,of
i_b06-000-01-04.png,London
i_e04-058-00-11.png,anchor
i_a01-063x-07-04.png,to
i_b05-050-07-01.png,pitch
i_c04-028-04-04.png,time
i_d04-008-01-05.png,some
i_c03-000c-05-00.png,the
i_d06-008-02-04.png,it
i_c03-084e-06-04.png,of
i_d07-093-07-03.png,which
i_c04-139-02-04.png,not
i_e06-049-01-00.png,appear
i_a06-114-00-05.png,Market
i_a03-059-03-01.png,will
i_c03-007c-06-05.png,the
i_a04-069-06-01.png,with
i_a01-072x-00-00.png,These
i_e01-107-09-06.png,book
i_b04-140-01-00.png,to
i_a05-000-04-00.png,equipped
i_c06-011-08-01.png,to
i_a01-043-01-00.png,resume
i_a06-090-00-04.png,unless
i_a02-053-03-09.png,Cabinet
i_a03-011-04-05.png,to
i_b06-015-05-04.png,West
i_c02-049-05-07.png,From
i_e01-055-03-01.png,covers
i_a03-011-01-06.png,fresh
i_a01-053x-04-06.png,Weaver
i_a06-064-09-01.png,tomorrow
i_c04-066-00-01.png,do
i_a03-071-02-05.png,of
i_a02-098-02-01.png,reaction
i_c03-003d-02-02.png,it
i_c04-089-02-07.png,tacked
i_c04-105-05-03.png,Rolly
i_a01-020x-07-01.png,discuss
i_a05-113-06-04.png,condemn
i_c03-007b-03-06.png,monuments
i_c02-056-00-03.png,at
i_a05-017-09-04.png,to
i_b05-042-05-01.png,only
i_b01-089-09-02.png,there
i_b06-049-04-06.png,anti-German
i_b04-175-02-07.png,this
i_d04-121-05-03.png,the
i_b04-000-01-06.png,international
i_c03-096d-00-07.png,arose
i_b02-097-03-06.png,it
i_c03-021e-09-03.png,while
i_b01-118-00-03.png,to
i_c06-083-07-09.png,a
i_c03-007b-04-01.png,rubbish
i_a04-066-08-03.png,base
i_d01-060-09-02.png,matter
i_b01-073-03-03.png,its
i_d04-117-00-01.png,back
i_b03-025-05-03.png,greatest
i_a04-015-05-07.png,to
i_a02-086-03-01.png,Roy
i_b04-066-06-06.png,spending
i_c02-007-02-07.png,which
i_a01-072x-01-07.png,the
i_c02-007-00-00.png,In
i_a05-044-09-01.png,and
i_b04-107-01-07.png,territory
i_c04-150-01-05.png,vision
i_e01-050-01-03.png,was
i_a01-003x-07-07.png,which
i_c02-007-01-00.png,only
i_a05-084-05-08.png,to
i_c03-094f-00-08.png,insensi-
i_b03-104-07-10.png,there
i_a04-010-00-00.png,An
i_a01-043-07-09.png,no
i_c04-160-04-00.png,production
i_b04-162-04-06.png,been
i_b01-094-01-04.png,The
i_d01-024-03-05.png,few
i_a02-004-06-00.png,Privy
i_a01-132x-07-01.png,would
i_d04-081-00-06.png,days
i_c03-081e-04-07.png,but
i_a01-043x-07-00.png,in
i_b05-062-02-02.png,who
i_b04-121-05-02.png,That
i_e02-021-05-01.png,outer
i_c03-087c-04-01.png,desolation
i_d06-003-02-01.png,their
i_c04-056-06-01.png,cast
i_c03-016e-10-04.png,sails
i_a05-089-03-05.png,wailings
i_d06-008-08-07.png,how
i_b06-079-01-07.png,Labour
i_b04-020-03-01.png,variety
i_b05-074-08-01.png,death
i_b04-187-01-00.png,reopened
i_c03-021c-03-09.png,the
i_d01-080-04-00.png,paragraphos
i_c04-008-03-05.png,stand
i_b03-092-03-00.png,Centigrade
i_d03-117-08-00.png,reservoirs
i_c04-066-00-02.png,you
i_a05-048-09-04.png,bring
i_e02-018-06-03.png,straightness
i_b04-134-00-00.png,For
i_c02-078-01-05.png,cinematic
i_a04-023-04-03.png,a
i_a03-030-03-08.png,the
i_a04-059-05-08.png,majority
i_b04-181-00-05.png,the
i_a02-032-01-10.png,has
i_a05-089-06-03.png,Office
i_a03-054-02-00.png,much
i_a06-147-03-06.png,survive
i_d06-046-05-05.png,doing
i_b06-019-04-03.png,(
i_a01-122u-02-04.png,vast
i_c03-007a-04-01.png,monuments
i_d06-072-03-07.png,their
i_c06-031-02-07.png,know
i_a06-057-01-12.png,expected
i_b04-047-01-06.png,ruler
i_d06-104-09-04.png,afternoon
i_a03-080-06-00.png,to
i_a01-117u-04-04.png,23.1
i_a06-020-02-00.png,say
i_c02-000-07-03.png,film
i_a01-049-00-03.png,of
i_e02-094-00-00.png,Lastly
i_b04-175-07-01.png,say
i_a01-011u-04-06.png,a
i_a01-107u-04-07.png,the
i_d07-089-04-06.png,text
i_a04-099-04-06.png,questionable
i_b06-000-07-04.png,added
i_e06-006-02-00.png,with
i_a05-022-05-06.png,chiefs
i_a01-113u-00-06.png,of
i_b01-023-02-00.png,liability
i_c06-087-04-05.png,Mr.
i_a03-020-00-00.png,Prince
i_e01-032-01-01.png,may
i_e01-050-01-01.png,of
i_a02-098-05-07.png,Northern
i_a01-053u-05-02.png,Mr.
i_d04-111-05-05.png,of
i_c04-013-03-05.png,a
i_b02-013-02-00.png,Mr
i_b05-074-05-00.png,believed
i_e04-058-05-06.png,from
i_d06-086-03-06.png,he
i_e07-061-02-02.png,had
i_b04-034-04-01.png,urban
i_b05-045-01-01.png,to
i_c03-000b-00-03.png,of
i_d04-053-05-04.png,Of
i_e01-032-02-03.png,to
i_c03-016b-07-07.png,in
i_b06-090-00-00.png,Such
i_b01-000-03-06.png,the
i_c03-016c-09-00.png,her
i_e04-119-01-02.png,strakes
i_b01-094-05-05.png,Malagasy
i_a02-008-07-05.png,to
i_c03-087c-05-00.png,or
i_a05-029-05-02.png,when
i_a05-113-01-04.png,Medical
i_c04-139-00-08.png,design
i_a06-057-03-07.png,double
i_e02-074-02-04.png,lends
i_e04-127-01-08.png,improves
i_b01-044-02-01.png,aware
i_c03-003f-05-02.png,the
i_a03-027-03-03.png,Minister
i_c06-047-06-05.png,It
i_d06-086-10-05.png,less
i_b04-107-03-03.png,getting
i_a01-007x-03-05.png,it
i_e04-095-01-09.png,fast
i_d01-118-02-01.png,or
i_c06-000-03-05.png,a
i_c04-050-08-02.png,warren
i_a01-058u-04-08.png,enough
i_c06-103-04-00.png,look-out
i_a06-008-06-01.png,speaking
i_d01-056-04-07.png,occurring
i_b04-140-06-02.png,in
i_c02-082-03-04.png,Peter
i_b03-114-07-03.png,corporation
i_b03-098-08-02.png,advantages
i_e01-055-06-03.png,the
i_b06-082-04-07.png,the
i_a02-082-05-06.png,them
i_b05-098-07-03.png,possible
i_e04-019-07-06.png,chair
i_e04-119-04-02.png,two
i_d04-089-02-00.png,cure
i_a01-058u-07-06.png,Dr.
i_c02-017-05-03.png,establishment
i_a02-120-00-00.png,The
i_b06-045-07-04.png,to
i_d07-096-01-00.png,original
i_a06-020-04-08.png,friends
i_d06-020-07-04.png,do
i_a06-095-02-05.png,the
i_e04-068-03-07.png,the
i_d06-000-00-09.png,deal
i_d05-040-03-07.png,bishop
i_c03-094d-01-01.png,pushing
i_b03-109-08-01.png,of
i_a02-037-08-04.png,publishes
i_b02-105-03-03.png,dismayed
i_c06-100-03-01.png,Dee
i_a01-132-09-03.png,be
i_c02-056-01-03.png,place
i_a06-004-05-00.png,are
i_a05-113-07-05.png,in
i_a04-069-04-07.png,I
i_a04-010-08-02.png,Mr.
i_a02-000-04-03.png,welcome
i_d04-050-03-04.png,then
i_c03-007d-00-00.png,In
i_c03-081d-06-07.png,and
i_c06-039-02-08.png,after
i_d04-058-00-02.png,serve
i_b05-042-04-07.png,at
i_a04-089-01-07.png,should
i_c03-007a-00-06.png,Richardson
i_e07-061-05-07.png,in
i_e01-018-07-05.png,lace
i_e02-018-06-04.png,of
i_c03-000a-03-00.png,an
i_a05-104-00-02.png,denounced
i_a01-117-01-07.png,in
i_b04-202-05-07.png,Shepard
i_c03-084e-07-00.png,power
i_b04-047-02-00.png,Scot
i_a01-082u-00-00.png,This
i_a03-030-06-03.png,rally
i_d07-089-10-05.png,of
i_a05-113-01-01.png,had
i_a01-063u-07-05.png,States
i_c03-003d-04-02.png,their
i_e04-068-02-10.png,the
i_b04-128-01-07.png,and
i_a01-020u-09-00.png,House
i_c02-078-09-01.png,spends
i_c04-116-03-08.png,David
i_c04-000-02-05.png,To
i_a01-117-06-06.png,patients
i_a01-020-01-05.png,which
i_a04-006-04-00.png,and
i_b06-023-03-03.png,an
i_c03-003e-02-04.png,it
i_b06-093-06-05.png,basis
i_b02-013-03-08.png,would
i_d06-050-00-11.png,tired
i_c03-021e-06-00.png,her
i_d04-050-00-11.png,spiritual
i_d01-052-05-02.png,most
i_a03-073-09-05.png,have
i_a06-114-07-04.png,August
i_b05-079-06-02.png,calls
i_a05-048-07-06.png,early
i_b06-015-10-03.png,similar
i_d04-005-00-08.png,the
i_e01-035-00-03.png,old
i_a02-046-07-04.png,had
i_a02-106-04-06.png,an
i_a04-035-04-00.png,Dr.
i_a02-072-00-05.png,to
i_a06-114-08-03.png,is
i_d06-072-07-08.png,easier
i_d04-050-01-11.png,his
i_a01-000x-01-01.png,more
i_a01-000x-00-03.png,stop
i_d05-030-01-01.png,so
i_a06-075-01-01.png,Government
i_c03-000d-07-01.png,are
i_a05-029-04-06.png,at
i_c03-081b-08-07.png,intelligence
i_e01-032-06-00.png,distinction
i_b01-018-08-01.png,is
i_d07-089-02-06.png,and
i_a01-049u-07-03.png,today
i_a05-009-03-03.png,overseas
i_c03-021e-05-02.png,as
i_e07-061-00-01.png,Mr.
i_b04-107-00-02.png,Government
i_a02-098-00-08.png,exacting
i_a01-030u-01-02.png,was
i_b04-147-01-04.png,is
i_c06-058-03-04.png,scene
i_b06-049-09-06.png,in
i_b06-036-03-01.png,German
i_a02-050-01-00.png,the
i_d06-096-01-07.png,in
i_b02-035-10-02.png,saying
i_d04-032-00-06.png,Decalogue
i_b04-116-04-03.png,is
i_d05-030-03-06.png,the
i_e04-114-07-00.png,the
i_b04-116-04-02.png,there
i_a02-057-02-00.png,people
i_a04-035-05-05.png,Boeing
i_c06-138-04-03.png,the
i_a03-027-03-01.png,the
i_e02-100-00-06.png,intensive
i_a04-081-01-02.png,therefore
i_a01-007u-03-08.png,it
i_a05-099-00-02.png,to
i_c06-116-08-00.png,is
i_a06-070-03-05.png,a
i_a01-117u-06-00.png,the
i_d01-019-02-08.png,of
i_b04-134-04-05.png,and
i_c03-021f-04-01.png,unborn
i_e01-032-03-05.png,handkerchief
i_a05-044-00-04.png,leader
i_c03-007a-07-02.png,of
i_a05-099-08-02.png,would
i_e07-012-02-00.png,praying
i_c04-028-06-00.png,comedy
i_e07-066-03-00.png,mantis
i_c03-081e-04-00.png,a
i_b05-058-02-09.png,was
i_c03-096c-04-04.png,hopes
i_c03-081f-05-02.png,However
i_b06-045-02-07.png,unity
i_a04-089-01-00.png,of
i_c03-094e-02-04.png,Mr.
i_d06-020-00-06.png,cup
i_a06-036-07-05.png,34
i_b03-104-03-00.png,however
i_a01-122u-01-07.png,than
i_b06-110-02-09.png,1958
i_e04-068-04-03.png,the
i_a04-047-06-05.png,were
i_c02-026-08-05.png,lighthouse
i_a02-067-03-01.png,the
i_c03-003c-00-01.png,is
i_c04-098-03-09.png,)
i_c03-081f-04-05.png,seen
i_c04-165-08-01.png,the
i_b03-092-00-07.png,should
i_d01-104-06-00.png,The
i_d06-003-01-12.png,we
i_c06-095-03-01.png,brigadiers
i_b01-009-03-08.png,expel
i_a01-063-05-06.png,A
i_c03-094f-02-00.png,always
i_b01-038-06-03.png,will
i_e04-103-00-04.png,chines
i_b06-100-01-00.png,opening
i_c02-012-06-04.png,the
i_a02-057-00-05.png,being
i_a05-113-00-08.png,the
i_a03-066-06-07.png,is
i_b01-049-01-02.png,no
i_a02-072-01-12.png,and
i_c03-003b-03-03.png,the
i_a01-117-01-10.png,And
i_a05-099-07-02.png,any
i_c03-003a-00-04.png,filmed
i_e04-038-01-00.png,if
i_d04-032-00-03.png,life
i_b04-195-04-05.png,is
i_e06-026-03-01.png,winds
i_a04-039-06-04.png,he
i_c03-007a-02-09.png,and
i_d04-053-04-00.png,think
i_c03-000b-03-07.png,part-author
i_a03-023-00-05.png,of
i_e04-015-01-00.png,fits
i_b01-132-00-02.png,of
i_e04-114-02-06.png,up
i_b03-087-05-00.png,next
i_d07-096-02-01.png,the
i_d04-021-06-15.png,shall
i_d05-025-06-05.png,Book
i_a06-152-08-01.png,MONDAY
i_a01-038-03-02.png,the
i_b01-113-02-02.png,good
i_e06-033-03-09.png,nets
i_a02-082-01-02.png,arrested
i_a01-026-00-02.png,MACLEOD
i_c03-081d-05-06.png,Pinkie
i_a02-067-05-06.png,89
i_a01-003-04-00.png,opposed
i_b04-175-03-02.png,the
i_c03-003e-02-07.png,visual
i_b05-098-04-04.png,devilment
i_b04-096-00-00.png,Under
i_e01-081-05-03.png,be
i_a02-111-07-05.png,plans
i_a04-054-05-10.png,right
i_d04-071-04-03.png,unto
i_a01-030-02-07.png,knowledge
i_d01-060-06-02.png,between
i_b06-068-05-03.png,into
i_b01-009-04-01.png,Africa
i_a04-027-02-04.png,to
i_d01-019-05-10.png,sheets
i_a01-128-05-03.png,of
i_d01-118-04-03.png,any
i_a01-122u-05-02.png,industry
i_c03-021a-06-08.png,and
i_c02-089-01-02.png,called
i_a03-054-07-02.png,recent
i_d01-080-02-08.png,is
i_a01-132x-00-02.png,cannot
i_a01-077u-07-04.png,up
i_d06-091-04-00.png,worse
i_e06-030-08-00.png,there
i_c03-000b-04-09.png,advantages
i_c03-081e-03-05.png,if
i_c02-026-07-02.png,flapping
i_a05-009-04-04.png,Details
i_c04-035-06-06.png,through
i_a06-095-07-04.png,growth
i_b02-102-06-05.png,as
i_c03-096a-01-00.png,explicably
i_a05-009-05-04.png,out
i_e06-030-09-01.png,this
i_a03-027-06-03.png,a
i_a01-058x-05-02.png,And
i_a04-096-03-01.png,for
i_a04-103-04-01.png,body
i_c04-139-04-00.png,playwright
i_a02-093-04-02.png,Secretary
i_b01-018-06-05.png,is
i_d07-093-01-06.png,angel
i_b04-096-05-05.png,his
i_b06-053-05-02.png,armaments
i_a01-107u-04-08.png,Tories
i_a05-053-08-03.png,the
i_a03-054-00-00.png,Everything
i_c03-007b-02-02.png,it
i_c06-111-06-03.png,now
i_e01-107-02-08.png,of
i_a02-012-01-02.png,several
i_b04-004-02-07.png,Belgian
i_b02-105-00-02.png,were
i_c03-096f-06-06.png,their
i_a06-025-04-06.png,the
i_a04-043-07-06.png,as
i_e02-100-00-07.png,life
i_a01-128u-01-04.png,minute
i_d06-063-07-05.png,the
i_a01-091-02-00.png,in
i_c03-007d-08-00.png,integral
i_c02-059-07-00.png,as
i_e02-025-02-04.png,the
i_b01-089-02-01.png,in
i_c03-016a-09-06.png,away
i_c06-058-02-06.png,we
i_b04-089-02-01.png,and
i_c03-087a-05-00.png,We
i_a01-043x-03-02.png,aroused
i_d07-089-03-02.png,Gemara
i_c06-005-02-07.png,are
i_a01-087-05-00.png,to
i_a01-077u-05-00.png,lagging
i_a01-102-00-02.png,a
i_b06-032-06-03.png,disaster
i_a03-043-00-06.png,that
i_c02-017-06-05.png,the
i_d01-056-02-00.png,version
i_e02-014-03-06.png,to
i_c03-094b-02-07.png,James
i_a01-053u-08-05.png,nomination
i_c06-005-05-06.png,the
i_c03-007c-01-02.png,in
i_c03-003a-05-04.png,to
i_c06-100-03-03.png,to
i_d05-013-03-09.png,baptized
i_e06-021-03-01.png,find
i_c03-087f-02-00.png,to
i_c03-016a-04-04.png,is
i_c03-000c-07-00.png,apparent
i_d07-102-06-05.png,Joshua
i_d04-066-06-03.png,mill
i_a02-106-04-07.png,independent
i_c04-122-05-13.png,and
i_a01-091u-02-00.png,their
i_e04-043-01-03.png,of
i_b05-032-06-05.png,sad
i_a02-072-02-03.png,rigours
i_d04-012-03-00.png,ved
i_b04-107-00-01.png,the
i_c06-138-04-00.png,floundered
i_a01-007-03-00.png,of
i_c03-094c-04-06.png,comically
i_c06-128-08-03.png,rifle
i_a06-014-01-03.png,that
i_c03-087d-01-03.png,its
i_b03-092-04-07.png,SECRETARY
i_a05-125-00-01.png,POLITICAL
i_b06-045-01-07.png,movement
i_d01-118-05-07.png,the
i_c02-059-08-08.png,although
i_c02-012-04-09.png,Mala-
i_c04-089-03-03.png,one
i_a05-089-05-01.png,by
i_a06-036-04-02.png,thousands
i_a03-063-04-04.png,of
i_e04-099-03-00.png,lengths
i_d06-037-02-05.png,feeling
i_e04-095-04-01.png,equal
i_c06-095-03-06.png,to
i_e04-052-01-05.png,We
i_a05-094-02-03.png,in
i_c03-081b-00-04.png,has
i_e01-032-01-00.png,threads
i_b04-020-05-04.png,harassed
i_a01-049u-09-04.png,had
i_c03-096e-01-00.png,explicably
i_e04-109-00-00.png,Use
i_d06-072-08-01.png,but
i_e02-082-06-02.png,parts
i_a05-058-04-00.png,earlier
i_b06-059-04-07.png,confusion
i_c04-116-00-18.png,be
i_c03-021c-09-01.png,to
i_d01-080-07-02.png,say
i_b05-058-02-07.png,that
i_b05-055-00-07.png,of
i_d06-086-01-03.png,a
i_d04-089-03-00.png,to
i_b05-098-02-04.png,but
i_e04-058-02-06.png,is
i_c06-047-06-02.png,last
i_e04-008-00-08.png,and
i_a01-107u-05-06.png,angry
i_e06-070-02-11.png,round
i_b04-187-07-02.png,by
i_d04-075-09-00.png,nearly
i_a01-063u-03-02.png,Dr.
i_c03-021b-00-04.png,girl
i_d06-086-09-04.png,work
i_a06-000-07-05.png,tax
i_e06-006-07-05.png,the
i_c03-087d-08-05.png,manipulated
i_e04-019-05-02.png,and
i_a01-014-03-05.png,what
i_a05-048-01-00.png,evident
i_a05-073-07-05.png,party
i_c03-094c-05-06.png,to
i_c03-094e-08-05.png,case
i_a01-000x-04-01.png,he
i_a02-046-02-07.png,faced
i_e02-094-03-05.png,amount
i_a04-050-02-06.png,free
i_e02-094-08-07.png,the
i_c02-035-01-06.png,it
i_b06-093-04-06.png,ban
i_d04-096-04-02.png,have
i_b05-083-01-00.png,Poland
i_c03-094e-07-05.png,with
i_c03-096e-02-06.png,driven
i_b01-094-05-01.png,first
i_b06-042-04-06.png,capa-
i_c03-000f-01-05.png,opens
i_d06-008-01-05.png,they
i_a01-043-02-01.png,the
i_b04-169-02-05.png,and
i_a03-071-00-10.png,to
i_a02-027-06-01.png,made
i_c03-000c-01-00.png,A
i_a05-104-05-09.png,for
i_a04-059-04-02.png,conference
i_c03-096c-04-08.png,not
i_b01-000-02-06.png,wait
i_a03-066-07-05.png,year
i_a03-059-04-04.png,main
i_b06-004-06-00.png,providing
i_e04-026-04-10.png,determining
i_d04-050-01-03.png,is
i_b06-082-04-06.png,deceive
i_e06-030-02-01.png,years
i_c03-021c-04-05.png,as
i_a05-022-01-03.png,extended
i_c03-096d-05-08.png,asking
i_a01-122-03-04.png,cost
i_d07-089-02-02.png,support
i_a02-120-03-07.png,was
i_c04-122-06-06.png,Turner
i_d04-081-07-05.png,connection
i_b05-074-07-07.png,prosperity
i_a06-051-04-06.png,returned
i_a01-020-04-02.png,not
i_a03-043-07-01.png,at
i_b06-000-03-01.png,Britain
i_d04-096-04-07.png,And
i_c04-050-01-07.png,a
i_d04-032-01-03.png,on
i_a01-117-01-01.png,than
i_a02-017-01-03.png,Office
i_e01-022-00-05.png,that
i_b04-128-00-02.png,the
i_a03-030-07-03.png,of
i_d01-024-02-04.png,author
i_a01-113-01-06.png,of
i_d05-030-03-05.png,and
i_a05-025-09-06.png,Mr.
i_a06-095-07-00.png,impetus
i_e06-033-04-03.png,on
i_a03-047-00-01.png,is
i_e01-029-05-02.png,only
i_c03-081e-03-06.png,she
i_c04-035-00-04.png,tower
i_b06-000-07-03.png,and
i_c02-012-03-08.png,in
i_a06-100-00-07.png,looked
i_b06-019-03-04.png,unified
i_c02-056-00-05.png,being
i_a06-004-01-06.png,that
i_c01-009-09-02.png,highly
i_c01-014-07-02.png,and
i_b04-060-00-02.png,equally
i_e01-107-01-07.png,correct
i_e07-066-03-03.png,pest
i_a01-058u-00-04.png,to
i_a05-048-07-04.png,had
i_a01-113-04-09.png,first
i_a06-004-05-05.png,shares
i_a01-077-01-04.png,is
i_e04-015-01-02.png,against
i_e06-030-00-03.png,on
i_a03-006-00-05.png,the
i_a05-017-02-07.png,achieved
i_e01-081-02-00.png,accurate
i_c03-016e-00-06.png,telling
i_d07-102-06-03.png,of
i_d07-082-07-02.png,of
i_a05-113-02-03.png,the
i_a05-009-05-07.png,Chiefs
i_a01-003x-04-00.png,ment
i_b06-082-03-00.png,the
i_a01-122-07-04.png,could
i_e04-095-05-06.png,the
i_b04-000-03-05.png,being
i_d06-107-00-04.png,complicated
i_c06-005-05-04.png,guffaw
i_c04-008-08-01.png,Hollywood
i_b02-045-03-05.png,that
i_c04-028-02-04.png,Find-the-body
i_a05-113-06-02.png,failure
i_a01-049-04-07.png,headed
i_c04-017-02-04.png,before
i_d06-003-06-00.png,other
i_e04-000-05-01.png,can
i_a04-081-09-00.png,workers
i_b06-049-06-05.png,on
i_c04-098-03-03.png,called
i_e01-025-08-03.png,following
i_a01-049x-04-03.png,Senate
i_a02-082-04-02.png,reported
i_a03-073-04-01.png,reached
i_d04-075-08-03.png,Assarja
i_b06-027-05-02.png,and
i_c04-050-04-00.png,and
i_a02-017-04-01.png,will
i_b06-110-05-07.png,vacancies
i_b04-195-05-02.png,techniques
i_a04-047-00-00.png,Addressing
i_b01-094-03-04.png,the
i_a02-037-02-01.png,Comrades
i_c03-007b-02-06.png,shabby
i_a01-030u-00-02.png,is
i_d06-060-06-02.png,complication
i_b01-038-06-04.png,gain
i_a01-003u-06-07.png,put
i_a03-027-07-06.png,gathering
i_a02-050-04-02.png,it
i_d04-032-06-01.png,Light
i_c04-050-07-03.png,night
i_b04-202-07-00.png,first
i_e02-074-09-00.png,create
i_e06-041-01-06.png,moving
i_c02-017-02-01.png,a
i_a01-003u-05-03.png,brought
i_e01-102-05-07.png,hooks
i_a01-132u-00-06.png,development
i_d04-032-05-01.png,make
i_a01-077u-05-01.png,behind
i_b05-062-01-05.png,found
i_c03-021a-02-04.png,yet
i_d06-008-09-01.png,its
i_b02-102-02-03.png,out
i_e04-124-06-03.png,the
i_e06-041-01-05.png,when
i_a01-132-01-00.png,development
i_c06-100-07-05.png,quite
i_e02-000-06-03.png,solid
i_a01-132x-02-01.png,financing
i_a05-069-01-03.png,Mr.
i_b06-093-05-01.png,nuclear
i_b06-064-01-03.png,the
i_b03-025-04-09.png,religious
i_b05-067-03-01.png,the
i_d01-049-04-06.png,movements
i_a02-027-01-06.png,Takoradi
i_e01-119-00-04.png,through
i_c01-009-07-00.png,means
i_a06-100-03-09.png,would
i_a04-000-01-04.png,to
i_b01-118-06-02.png,protest
i_a03-017-03-04.png,legal
i_a04-023-03-01.png,yesterday
i_a04-103-00-05.png,the
i_b01-033-04-02.png,good
i_c02-017-06-03.png,island
i_a04-010-03-06.png,Minister
i_d06-027-04-03.png,boldly
i_d07-100-05-03.png,which
i_a01-026u-08-03.png,Minister
i_b05-055-02-05.png,on
i_e04-038-02-01.png,cover
i_a01-113u-02-07.png,would
i_a01-077u-08-01.png,February
i_b03-114-03-00.png,of
i_c03-081e-06-04.png,scenes
i_a05-053-06-03.png,kind
i_e04-114-03-03.png,this
i_d01-016-00-06.png,which
i_e02-100-05-08.png,does
i_c04-028-05-08.png,strained
i_e01-107-06-00.png,piece
i_d06-037-06-07.png,under
i_a04-089-06-04.png,He
i_c03-081e-06-07.png,and
i_c03-003c-04-00.png,characters
i_c04-122-05-06.png,he
i_d06-086-09-03.png,then
i_b01-033-01-09.png,India
i_e06-041-06-04.png,does
i_a04-019-00-04.png,President
i_c04-035-02-03.png,houseboat
i_e01-035-00-05.png,of
i_c04-156-03-03.png,Paul
i_a04-092-02-02.png,Government
i_a01-014u-06-04.png,his
i_a05-044-08-03.png,for
i_e06-010-05-01.png,optimum
i_d06-100-04-04.png,know
i_a01-003u-08-01.png,of
i_b04-134-04-08.png,him
i_a06-134-05-08.png,now
i_b04-147-01-09.png,a
i_a05-073-08-06.png,the
i_d06-104-03-07.png,following
i_d06-076-03-00.png,We
i_a01-011-02-09.png,today
i_c04-056-08-01.png,with
i_d06-046-09-06.png,for
i_a01-043-03-05.png,has
i_a01-003x-05-05.png,nominees
i_c03-096e-00-00.png,Only
i_a01-038-11-02.png,Federal
i_e06-030-00-04.png,the
i_d04-071-04-08.png,them
i_d06-076-00-03.png,frame
i_b01-027-06-07.png,feudal
i_c04-150-03-01.png,defiance
i_c06-095-03-05.png,scheming
i_b06-059-01-07.png,the
i_d01-060-05-02.png,words
i_b05-079-00-02.png,of
i_a03-009-07-03.png,uncommitted
i_a01-113u-02-06.png,They
i_a01-113u-03-02.png,ambulance
i_b01-033-00-01.png,the
i_c03-007d-01-06.png,North
i_a02-017-05-08.png,Common
i_d04-021-06-01.png,the
i_d03-112-00-06.png,be
i_a06-152-03-01.png,Germany
i_c03-016b-03-06.png,she
i_c06-020-06-09.png,America
i_d04-008-03-05.png,are
i_a01-049-01-05.png,a
i_e04-004-05-06.png,30
i_a04-003-00-03.png,talks
i_c03-087f-01-01.png,treatments
i_d06-063-02-04.png,was
i_e07-003-04-01.png,with
i_a03-034-01-01.png,new
i_a04-103-08-02.png,by
i_a01-117u-06-01.png,unsmiling
i_c03-003c-05-06.png,In
i_e07-000-05-09.png,insecti-
i_d03-112-08-02.png,2.8
i_c02-035-04-02.png,with
i_a06-039-01-02.png,be
i_c06-087-05-09.png,official
i_a01-117u-03-03.png,expenditure
i_a06-141-01-01.png,at
i_e02-091-00-02.png,still
i_c04-139-01-04.png,and
i_a03-040-01-02.png,poll
i_d06-111-03-03.png,the
i_a01-000u-02-07.png,of
i_d06-096-02-01.png,for
i_e01-050-04-04.png,an
i_b02-102-05-09.png,Dr
i_b04-202-00-02.png,universities
i_e02-100-06-03.png,quite
i_a01-058u-06-06.png,pay
i_b02-045-07-03.png,reasonable
i_b04-147-00-03.png,courtesy
i_b04-075-00-00.png,They
i_c06-138-03-01.png,the
i_a01-113-00-10.png,wholly
i_c01-066-02-05.png,person
i_c03-003b-06-03.png,Mr.
i_b03-104-09-05.png,?
i_c02-026-04-07.png,a
i_d06-086-09-00.png,be
i_a03-023-07-03.png,claimed
i_c03-021a-00-04.png,girl
i_d01-056-00-01.png,most
i_d06-076-04-03.png,forget
i_d07-085-07-01.png,the
i_c02-022-01-05.png,Church
i_a01-003u-09-02.png,should
i_b06-097-04-02.png,days
i_c02-049-00-05.png,audience
i_e06-010-01-09.png,pressure
i_a01-007x-06-01.png,have
i_a05-062-06-00.png,only
i_b04-202-01-07.png,Cambridge
i_c03-096f-05-09.png,us
i_c02-049-01-01.png,film
i_d04-117-03-00.png,were
i_e06-010-03-07.png,layers
i_a01-007x-06-03.png,to
i_a02-027-02-00.png,week
i_c04-066-02-03.png,singers
i_c04-122-06-12.png,free-lance
i_d01-118-04-02.png,but
i_a01-030-00-07.png,Federation
i_b01-094-07-00.png,relief
i_c03-084f-02-00.png,formal
i_a04-015-04-04.png,two
i_e02-086-07-02.png,made
i_a02-106-01-05.png,for
i_c01-009-02-01.png,into
i_e04-015-02-02.png,The
i_b01-118-02-07.png,Africa
i_a03-023-06-00.png,appear
i_b03-087-04-03.png,extra
i_c06-106-06-08.png,the
i_b04-162-03-05.png,UNO
i_b03-109-00-05.png,the
i_b05-055-00-11.png,couple
i_a02-078-07-03.png,UNIP
i_a01-107-04-04.png,when
i_b04-169-04-00.png,Office
i_e02-025-02-06.png,ex-
i_b01-053-02-03.png,aid
i_b05-083-04-06.png,people
i_d01-049-04-01.png,able
i_c06-116-04-02.png,the
i_c04-075-04-05.png,the
i_a05-022-08-01.png,policy
i_d07-100-00-07.png,to
i_a06-057-04-10.png,this
i_a06-008-02-06.png,make
i_b01-073-00-05.png,Sudanese
i_b01-132-00-03.png,expulsion
i_c03-084d-06-07.png,not
i_d04-075-09-04.png,had
i_b04-140-06-01.png,campaigns
i_a03-073-00-04.png,of
i_b06-042-04-04.png,his
i_a03-034-02-00.png,which
i_c03-096d-02-00.png,rest
i_c03-021f-08-02.png,of
i_a02-106-04-01.png,question
i_e01-055-04-07.png,some
i_c02-056-01-00.png,given
i_e01-102-03-08.png,while
i_a03-034-03-07.png,office
i_d05-040-01-04.png,approach
i_e04-127-01-06.png,It
i_b02-105-00-06.png,they
i_a06-114-08-06.png,new
i_c04-116-02-00.png,Tolch
i_e04-030-03-04.png,soldering
i_e01-032-09-04.png,follow
i_e01-025-06-07.png,fact
i_a01-087-01-04.png,higher
i_a03-047-04-05.png,leader
i_a01-003x-06-01.png,the
i_a04-019-01-08.png,effective
i_e04-000-02-05.png,is
i_b02-013-02-02.png,gives
i_c03-084f-00-03.png,production
i_b04-020-00-02.png,meat
i_d06-020-01-03.png,Him
i_a05-025-07-05.png,all-Regular
i_a02-072-02-05.png,prison
i_a06-124-03-04.png,return
i_d07-089-10-04.png,thesis
i_a02-120-07-02.png,will
i_d04-005-02-04.png,told
i_a03-009-04-05.png,and
i_b05-079-06-05.png,exceptional
i_a05-080-02-04.png,mobilisation
i_d06-050-00-05.png,deceitful
i_e01-113-01-07.png,loop
i_a02-032-05-00.png,Government
i_d06-037-04-01.png,understand
i_c03-081b-03-04.png,she
i_c03-003e-08-00.png,create
i_d05-030-01-07.png,former
i_a02-086-05-03.png,know
i_a04-072-01-01.png,would
i_a01-049-05-00.png,by
i_b06-008-01-00.png,Herr
i_e04-068-00-05.png,sketch
i_e06-033-01-02.png,at
i_d04-012-07-04.png,the
i_e07-012-06-03.png,keep
i_b03-104-05-01.png,woman
i_e04-083-05-04.png,only
i_a04-047-05-09.png,that
i_b03-025-04-03.png,an
i_d06-020-08-05.png,we
i_a01-091u-00-00.png,The
i_e02-014-00-07.png,be
i_a03-059-07-01.png,from
i_a04-000-03-07.png,of
i_a04-050-04-00.png,agree
i_a04-054-03-03.png,for
i_c06-100-00-09.png,with
i_c02-012-04-06.png,horror
i_e02-000-03-05.png,the
i_a01-122u-09-04.png,could
i_b06-000-06-06.png,stop
i_b06-110-05-09.png,the
i_a04-054-06-05.png,ship
i_d06-072-01-02.png,of
i_c04-156-02-08.png,the
i_a01-068u-05-02.png,the
i_a06-090-01-06.png,be
i_b03-098-04-08.png,give
i_c03-087a-02-04.png,which
i_d04-016-02-02.png,is
i_c03-081e-09-03.png,intelligence
i_a05-053-10-05.png,Germany
i_a02-106-00-02.png,and
i_a02-082-05-00.png,than
i_b01-049-01-06.png,abroad
i_a06-051-01-00.png,all
i_b04-147-02-01.png,route
i_b06-100-03-04.png,of
i_a05-013-06-05.png,last
i_b01-127-06-02.png,appeasement
i_c03-094b-02-00.png,wife
i_c02-059-07-03.png,for
i_b04-134-05-06.png,some
i_e01-113-06-06.png,to
i_c02-017-00-03.png,original
i_c03-087f-06-02.png,the
i_e01-119-07-01.png,palm
i_c03-081f-03-03.png,about
i_b06-082-00-02.png,of
i_c06-047-00-09.png,is
i_c03-081b-03-06.png,a
i_b03-025-05-04.png,political
i_d04-062-00-10.png,with
i_c03-003f-08-00.png,but
i_a01-063u-07-02.png,America
i_c03-000a-02-04.png,It
i_c06-058-00-00.png,It
i_d04-081-01-01.png,in
i_d04-075-09-05.png,not
i_d07-102-03-08.png,Samuel
i_e04-099-06-05.png,is
i_a03-040-04-07.png,federal
i_d06-063-06-02.png,from
i_d01-104-04-02.png,and
i_e07-003-03-04.png,Research
i_e04-026-03-04.png,to
i_a04-023-03-06.png,Mr.
i_b06-079-02-05.png,favour
i_d06-020-01-07.png,us
i_c03-087e-02-01.png,a
i_b06-045-00-03.png,my
i_b04-034-02-10.png,because
i_d05-021-01-00.png,been
i_a03-059-04-03.png,The
i_a01-113u-05-04.png,get
i_a04-019-05-02.png,regard
i_a05-121-08-05.png,taken
i_e04-114-02-05.png,cleaned
i_d06-008-02-07.png,and
i_c03-094d-07-06.png,moods
i_b05-088-00-02.png,are
i_c04-089-06-06.png,own
i_a01-128u-10-04.png,20
i_c02-059-06-02.png,one
i_b05-058-04-08.png,six
i_b06-015-06-03.png,for
i_c03-007e-07-09.png,integral
i_a01-063x-05-01.png,next
i_e04-083-04-07.png,to
i_d06-027-04-08.png,shadows
i_a03-066-02-02.png,that
i_a06-100-04-09.png,said
i_b05-032-03-08.png,never
i_e04-068-04-07.png,we
i_d07-082-04-01.png,quoted
i_a04-015-01-01.png,talks
i_c06-058-01-04.png,authentic
i_d04-117-06-06.png,thirsty
i_d06-060-02-03.png,is
i_d01-080-00-00.png,The
i_e01-032-02-05.png,possessions
i_c02-059-03-08.png,the
i_b04-040-00-04.png,whatsoever
i_c02-000-03-01.png,by
i_a01-113-01-07.png,Labour
i_a06-025-07-03.png,operation
i_a03-023-06-02.png,to
i_d06-020-01-05.png,Jesus
i_a01-132x-00-03.png,continue
i_c03-003a-07-00.png,Mr.
i_a05-029-00-02.png,is
i_a06-090-00-02.png,that
i_c04-050-06-01.png,not
i_a02-090-00-03.png,true
i_d04-032-06-04.png,be
i_e04-058-02-11.png,standing
i_a01-030x-01-03.png,Macleod
i_d01-049-02-00.png,he
i_c03-087a-05-03.png,perhaps
i_a03-066-07-02.png,in
i_d04-032-05-02.png,us
i_b04-020-03-06.png,from
i_c04-066-04-00.png,right
i_b02-097-01-01.png,advance
i_c03-094c-03-01.png,abashed
i_c03-016a-04-02.png,learns
i_b06-019-01-01.png,and
i_e04-038-02-09.png,protective
i_b01-057-08-02.png,to
i_d06-046-08-01.png,with
i_d04-062-01-05.png,your
i_d07-096-01-06.png,is
i_a02-012-02-02.png,has
i_e06-021-09-04.png,fry
i_a06-000-02-05.png,Chancellor
i_a01-096u-09-04.png,a
i_d01-104-06-10.png,this
i_d01-123-00-05.png,was
i_a01-043-02-00.png,defended
i_c04-035-07-02.png,hoops
i_c02-017-01-01.png,fidelity
i_a01-072x-07-00.png,American
i_b01-073-08-07.png,be
i_e01-062-01-02.png,traycloths
i_c06-076-04-02.png,and
i_c06-083-04-01.png,in
i_c06-076-03-08.png,with
i_e06-026-05-04.png,surface
i_c03-084a-02-04.png,over-emphasizing
i_e02-091-00-01.png,a
i_b04-020-00-05.png,produce
i_a04-039-07-05.png,always
i_c02-059-09-06.png,to
i_a04-103-01-06.png,East
i_c04-105-06-00.png,record
i_d04-050-03-02.png,aims
i_d04-012-01-04.png,68a
i_c03-081d-03-00.png,in
i_d01-098-00-03.png,this
i_b04-060-00-00.png,It
i_a01-087-03-02.png,replied
i_a03-063-05-05.png,organizing
i_d06-056-03-06.png,seek
i_a04-089-02-02.png,of
i_a01-011-06-06.png,on
i_e02-086-04-00.png,any
i_b04-169-06-01.png,bank
i_e07-000-06-00.png,cide
i_a06-110-06-01.png,are
i_d01-080-05-00.png,the
i_d01-056-08-00.png,it
i_d06-050-02-05.png,has
i_d06-111-05-08.png,your
i_b06-053-09-01.png,organisational
i_c03-021d-00-03.png,pregnant
i_a04-035-06-02.png,40
i_b04-034-00-00.png,The
i_c02-017-00-05.png,with
i_a02-116-03-04.png,peace
i_a01-026u-01-02.png,the
i_a01-058u-05-02.png,indicated
i_b06-075-01-00.png,established
i_e01-029-06-07.png,by
i_b03-098-07-02.png,they
i_d01-049-03-03.png,was
i_b03-025-06-02.png,yet
i_c06-128-01-00.png,Jersey
i_b03-092-03-11.png,has
i_a01-053-06-03.png,would
i_a05-113-09-02.png,ones
i_c03-007e-02-02.png,has
i_d06-027-06-00.png,come
i_e04-103-03-03.png,to
i_a03-023-02-05.png,leadership
i_a01-043x-01-02.png,PRESIDENT
i_b06-079-04-07.png,The
i_a05-099-03-00.png,Then
i_a02-082-05-07.png,members
i_a04-039-00-06.png,to
i_d01-060-08-02.png,or
i_a02-116-01-06.png,the
i_d07-085-04-00.png,The
i_a01-043x-03-04.png,opposition
i_d04-050-02-07.png,advantage
i_a02-027-00-09.png,wave
i_e04-034-04-00.png,woodfiller
i_a02-032-01-08.png,of
i_a03-059-01-07.png,his
i_a02-082-04-03.png,in
i_e02-082-03-04.png,can
i_c03-087c-00-05.png,some
i_c02-059-10-04.png,months
i_d06-111-04-07.png,of
i_e02-000-05-08.png,toe
i_a05-053-00-02.png,that
i_b04-162-05-10.png,?
i_a05-080-05-01.png,to
i_a06-064-01-02.png,rallied
i_b06-004-07-06.png,France
i_b04-187-02-06.png,Eric
i_d06-000-04-07.png,is
i_e02-074-03-03.png,items
i_c03-007e-07-06.png,seen
i_a01-053u-03-02.png,a
i_a04-043-01-04.png,missile
i_b06-064-02-05.png,details
i_c03-016e-09-03.png,a
i_a06-020-03-12.png,go
i_a01-053u-02-02.png,the
i_a06-090-06-07.png,on
i_a01-011u-09-05.png,of
i_a06-147-02-05.png,like
i_b01-057-06-02.png,problems
i_c03-084b-03-08.png,Play
i_d06-072-06-07.png,being
i_a01-068u-00-05.png,the
i_c03-016d-09-03.png,to
i_a04-054-05-07.png,not
i_d04-125-04-09.png,out
i_b04-107-07-01.png,out
i_e01-107-02-01.png,is
i_c06-011-04-03.png,now
i_a04-066-06-00.png,their
i_a05-104-06-01.png,Government
i_a01-014x-01-01.png,London
i_b04-181-03-02.png,more
i_b04-096-04-08.png,MARCIA
i_c03-084f-04-01.png,the
i_b01-027-06-02.png,pleasanter
i_c02-059-10-00.png,worth
i_b01-127-05-04.png,no
i_b04-020-08-05.png,her
i_d04-066-08-03.png,now
i_a03-047-00-02.png,difficult
i_c03-021e-01-09.png,young
i_e06-006-05-08.png,of
i_a04-015-00-06.png,and
i_b04-089-03-06.png,fortunate
i_e01-018-08-02.png,a
i_e04-043-05-02.png,60
i_e04-103-04-03.png,third
i_b06-079-04-04.png,British
i_d05-021-01-04.png,produced
i_c06-005-07-00.png,roller-coaster
i_c02-030-07-04.png,of
i_d07-102-04-00.png,and
i_a03-006-04-02.png,and
i_c02-022-06-00.png,prays
i_d06-027-02-00.png,nature
i_b02-097-06-06.png,people
i_c06-128-07-04.png,minutes
i_d04-131-02-04.png,How
i_a06-075-07-06.png,is
i_a01-091-08-03.png,It
i_e02-117-06-00.png,tool
i_d04-131-04-02.png,they
i_a02-072-02-00.png,will
i_a04-000-04-08.png,believed
i_a06-152-10-01.png,a
i_a05-044-07-01.png,Graaff
i_a02-106-00-07.png,of
i_a06-064-08-04.png,be
i_a05-073-08-00.png,division
i_d06-037-04-07.png,we
i_e07-066-07-00.png,and
i_b04-000-00-05.png,country
i_c03-094e-08-08.png,Richards
i_d06-082-04-01.png,a
i_a01-117u-00-01.png,fact
i_d06-076-00-01.png,we
i_a01-030u-04-07.png,consult
i_a03-017-00-04.png,not
i_a04-085-05-00.png,Macmillan
i_a01-072x-00-01.png,support
i_d05-025-05-02.png,in
i_c03-084d-06-00.png,ris
i_b01-118-02-02.png,the
i_a01-113-00-03.png,that
i_b05-074-03-04.png,when
i_a03-023-04-04.png,and
i_a05-017-02-05.png,can
i_b04-047-05-01.png,be
i_a01-011u-07-02.png,Northern
i_b04-154-02-01.png,the
i_b06-064-05-01.png,who
i_b01-094-02-05.png,rival
i_e06-026-08-03.png,herring
i_c03-016c-09-04.png,child
i_d06-060-03-03.png,fact
i_d07-085-06-07.png,quoted
i_c03-094a-06-02.png,to
i_b06-023-01-05.png,is
i_a06-110-04-06.png,the
i_d07-102-00-05.png,saying
i_a01-038-07-06.png,at
i_e01-032-00-01.png,more
i_b02-013-07-01.png,to
i_c03-021d-04-05.png,expectant
i_a04-043-02-04.png,establishment
i_b04-195-06-03.png,knowledge
i_d06-025-07-06.png,hand
i_a04-035-02-06.png,Krushchov
i_d04-047-03-06.png,ben
i_c03-096c-01-00.png,from
i_d07-085-03-05.png,the
i_c03-007e-04-03.png,public
i_a06-141-05-10.png,former
i_d01-085-02-03.png,Gospel
i_a06-141-02-06.png,other
i_a06-090-00-01.png,claimed
i_b02-105-02-05.png,course
i_a02-072-00-13.png,will
i_a03-059-00-00.png,Sentence
i_b04-195-03-02.png,degree
i_d06-104-04-01.png,was
i_b05-055-04-03.png,days
i_e02-100-00-00.png,Most
i_a03-014-00-03.png,the
i_d04-117-04-08.png,in
i_d04-086-00-01.png,the
i_c03-000c-04-06.png,script
i_d06-030-04-06.png,child-like
i_c04-075-04-04.png,into
i_e07-061-03-07.png,Chinese
i_e06-000-04-03.png,continue
i_c04-061-02-01.png,used
i_e06-037-09-01.png,be
i_d04-111-10-08.png,represents
i_a02-017-00-07.png,Lintott
i_b05-074-02-02.png,Poland
i_b06-042-10-01.png,at
i_b04-175-08-03.png,of
i_d06-104-10-01.png,p.m.
i_c02-059-06-05.png,Kerima
i_d03-112-04-04.png,has
i_d04-050-00-09.png,power
i_c03-084e-02-00.png,of
i_c03-081c-06-00.png,Mr.
i_b06-110-01-00.png,prefer
i_b06-064-09-01.png,positions
i_e04-095-04-05.png,and
i_d06-067-06-05.png,his
i_b03-098-04-05.png,purpose
i_d01-049-07-01.png,is
i_c06-095-06-01.png,can
i_b06-036-05-00.png,again
i_a06-119-07-01.png,1960
i_a03-006-04-07.png,apart
i_c04-066-03-08.png,with
i_c04-035-02-06.png,honeymoon
i_a05-125-07-01.png,disarmament
i_a06-152-02-06.png,in
i_b05-098-01-00.png,Angel
i_a01-014-07-00.png,chief
i_a01-132x-06-03.png,Mr.
i_b03-109-07-08.png,their
i_d04-086-00-07.png,inside
i_b06-082-06-08.png,perfectly
i_b06-079-07-01.png,the
i_c03-000f-03-04.png,by
i_a05-053-10-00.png,principle
i_a01-132-04-04.png,Mr.
i_a01-026x-06-00.png,and
i_e01-081-05-01.png,are
i_c03-096f-07-06.png,the
i_e04-058-01-04.png,a
i_e04-091-02-04.png,the
i_a03-014-01-04.png,have
i_c03-007f-02-04.png,it
i_b04-047-02-10.png,Prime
i_c02-000-02-03.png,suddenly
i_e06-006-02-02.png,of
i_d01-118-05-08.png,text
i_a06-090-04-04.png,the
i_a01-113u-02-04.png,Labour
i_b04-054-02-00.png,five
i_a01-007x-03-03.png,but
i_c03-000f-01-03.png,of
i_a01-053u-00-04.png,Mr.
i_a01-058u-05-05.png,Government
i_d04-032-08-02.png,creature
i_d06-011-01-07.png,suddenly
i_c03-021f-00-00.png,In
i_d06-000-02-07.png,or
i_d01-056-01-05.png,A.
i_b04-060-06-02.png,on
i_b03-025-00-06.png,east-west
i_a01-043u-03-02.png,Minister
i_d04-125-03-03.png,are
i_d03-112-05-05.png,he
i_a01-113-05-00.png,ceiling
i_a05-089-01-05.png,his
i_a01-122-04-00.png,industry
i_c04-075-06-01.png,tacks
i_b06-000-00-00.png,SOME
i_a01-091u-07-01.png,was
i_c06-039-03-05.png,about
i_c06-058-04-06.png,author
i_d06-056-06-04.png,to
i_c02-000-07-01.png,of
i_a03-014-04-09.png,of
i_a04-059-05-03.png,reflect
i_a01-038-05-07.png,his
i_a04-081-05-04.png,of
i_d06-011-09-00.png,which
i_e06-021-02-05.png,will
i_b04-169-04-01.png,Savings
i_a01-020x-03-03.png,and
i_c06-043-08-03.png,before
i_e04-022-02-01.png,the
i_a03-043-06-03.png,a
i_d01-019-00-05.png,of
i_e01-092-04-06.png,is
i_a01-087-06-07.png,other
i_a06-124-02-00.png,stricter
i_a05-058-01-01.png,we
i_e06-030-04-00.png,course
i_d05-008-02-06.png,Plot
i_c06-058-04-05.png,the
i_d01-098-03-02.png,survived
i_c04-080-03-03.png,the
i_b06-004-07-03.png,than
i_b04-034-00-02.png,should
i_a01-007x-07-04.png,Welensky
i_b06-027-00-04.png,was
i_e04-022-02-05.png,B
i_e02-094-05-06.png,First
i_a02-046-01-01.png,the
i_b06-075-09-09.png,is
i_a01-091u-05-03.png,able
i_b05-062-03-06.png,of
i_e04-079-03-04.png,can
i_a02-024-02-01.png,Economic
i_c03-021c-03-07.png,as
i_b01-079-02-04.png,the
i_e02-082-06-06.png,Most
i_b04-026-01-01.png,today
i_b05-058-01-01.png,continues
i_c06-058-03-01.png,?
i_a01-043x-01-00.png,today
i_a04-035-06-06.png,Khrushchov
i_d03-112-05-00.png,paradise
i_a01-122-07-05.png,not
i_a01-038-05-04.png,Macmillan
i_d06-056-05-04.png,our
i_b03-098-03-08.png,bones
i_b03-025-05-05.png,barrier
i_a06-119-01-04.png,this
i_c03-084e-05-07.png,was
i_d06-041-03-04.png,tired
i_e02-082-00-06.png,because
i_d07-100-02-05.png,by
i_e06-070-01-07.png,the
i_b04-004-01-03.png,than
i_b01-004-01-08.png,agreed
i_c03-081a-03-02.png,minds
i_e07-007-05-06.png,parts
i_b04-187-05-03.png,has
i_a04-006-03-06.png,Laos
i_a04-092-09-01.png,Polaris
i_e04-026-00-05.png,to
i_e01-081-04-01.png,the
i_c03-081b-03-05.png,remained
i_b06-049-09-04.png,become
i_a03-027-08-01.png,Mr.
i_c03-003c-00-09.png,been
i_a06-147-04-11.png,out
i_a01-026-05-07.png,Party
i_c04-139-01-05.png,a
i_c04-008-03-01.png,cardboard
i_a02-086-05-00.png,Mr.
i_e04-127-05-10.png,either
i_a02-027-07-00.png,in
i_c06-116-00-02.png,plays
i_c03-096a-01-02.png,appreciable
i_c06-031-01-10.png,want
i_d05-025-04-03.png,whose
i_c03-094f-00-04.png,Morris
i_a03-027-01-08.png,by
i_e06-021-02-00.png,be
i_a05-022-02-03.png,to
i_c03-094a-05-03.png,comically
i_b06-019-03-01.png,for
i_a01-049x-04-02.png,The
i_a01-049x-01-03.png,opposition
i_c02-056-06-08.png,)
i_b06-064-03-00.png,as
i_a01-107-01-03.png,of
i_a05-000-06-00.png,would
i_a04-103-06-07.png,neutral
i_b05-079-01-00.png,General
i_b01-073-06-04.png,But
i_a04-072-04-05.png,present
i_b04-103-02-01.png,how
i_d01-118-01-06.png,sometimes
i_b04-004-07-05.png,wrong
i_d04-037-03-07.png,Lord
i_c02-056-00-06.png,re-evaluated
i_b04-004-07-01.png,not
i_c03-081a-08-02.png,the
i_d04-089-02-06.png,be
i_c04-017-02-05.png,his
i_a01-003x-04-04.png,life
i_a01-014x-04-06.png,Roy
i_d04-117-03-02.png,in
i_a01-128u-04-03.png,for
i_a01-020x-06-01.png,them
i_a01-011u-04-07.png,common
i_b06-000-00-10.png,1934
i_a01-058-00-02.png,is
i_c03-003f-08-04.png,the
i_b03-114-00-08.png,heart
i_a01-026u-00-00.png,MR.
i_a06-020-03-07.png,only
i_a06-075-04-02.png,with
i_c06-027-01-03.png,no
i_e06-053-02-06.png,risen
i_d06-100-00-06.png,much
i_b04-202-03-04.png,its
i_b06-059-01-00.png,to
i_a05-053-03-02.png,further
i_c03-016a-00-00.png,But
i_b01-057-06-00.png,all
i_a01-030u-01-00.png,Mr.
i_b04-081-05-01.png,an
i_a01-132u-01-03.png,an
i_c03-096b-04-04.png,endowed
i_c02-026-02-09.png,crowds
i_a03-030-00-06.png,a
i_b01-000-02-05.png,we
i_c02-078-00-07.png,and
i_b04-004-05-03.png,?
i_b06-049-09-01.png,the
i_b03-114-05-08.png,were
i_a04-003-02-02.png,of
i_b05-050-02-07.png,Shades
i_d04-021-04-03.png,is
i_c04-000-01-05.png,the
i_a04-039-02-03.png,Kennedy
i_a03-043-02-00.png,popularity
i_a01-122u-03-05.png,Let
i_a02-008-01-04.png,that
i_d05-030-06-09.png,friendly
i_a03-043-02-03.png,individual
i_d06-111-02-06.png,list
i_e04-004-03-04.png,otherwise
i_c03-000e-01-00.png,play
i_b01-062-07-04.png,The
i_b06-045-05-06.png,fight
i_a05-113-08-06.png,were
i_d04-066-04-07.png,then
i_c06-128-06-04.png,hand
i_a04-047-01-08.png,he
i_e02-086-07-10.png,given
i_c03-000a-05-01.png,the
i_d05-008-02-00.png,tolerant
i_b05-050-07-04.png,optical
i_b01-094-05-02.png,time
i_e04-015-05-02.png,directly
i_b01-004-01-06.png,may
i_b02-035-03-00.png,a
i_c03-016a-08-08.png,her
i_a01-132x-02-05.png,Government
i_b01-122-01-03.png,nightmare
i_a02-027-01-00.png,that
i_c02-017-07-05.png,only
i_d06-096-07-01.png,of
i_e04-030-06-03.png,the
i_c03-081f-04-03.png,enigma
i_b06-000-04-04.png,in
i_c06-000-01-03.png,and
i_c04-028-00-05.png,Christopher
i_d04-066-00-05.png,text
i_d07-096-00-03.png,possible
i_a01-053u-08-06.png,before
i_a03-066-04-04.png,commitments
i_c03-007e-02-04.png,it
i_b04-081-02-06.png,a
i_a05-069-04-02.png,and
i_c04-023-00-03.png,his
i_c02-017-09-03.png,exploited
i_b02-045-04-03.png,should
i_e04-109-01-06.png,nails
i_c02-012-03-00.png,but
i_b04-089-02-06.png,the
i_a06-110-00-01.png,protested
i_b05-074-10-00.png,it
i_d06-067-01-04.png,complex
i_b01-118-01-03.png,as
i_c04-061-05-01.png,needed
i_a01-000x-03-07.png,the
i_c03-081c-04-03.png,but
i_c03-081c-01-01.png,in
i_e02-074-01-01.png,many
i_e01-107-00-09.png,a
i_a04-069-07-01.png,central
i_b04-147-06-03.png,the
i_e04-079-07-03.png,concrete
i_c02-030-07-05.png,the
i_c03-096d-04-04.png,had
i_a01-082u-01-03.png,warnings
i_d06-003-03-04.png,they
i_a01-102-07-06.png,got
i_c04-128-01-07.png,to
i_b01-027-03-05.png,this
i_a01-077-01-06.png,a
i_e04-127-01-03.png,and
i_d04-016-08-02.png,to
i_a02-057-06-00.png,that
i_b01-073-04-06.png,reaction
i_e02-018-00-00.png,A
i_c04-008-01-04.png,know-how
i_a01-026x-00-06.png,Secretary
i_c02-017-05-05.png,suddenly
i_a03-054-04-05.png,a
i_c03-007-02-04.png,live
i_a06-025-04-02.png,ten
i_d04-071-07-01.png,Talmud
i_c03-021e-03-06.png,the
i_c04-000-01-01.png,will
i_d04-032-05-00.png,They
i_a03-034-05-01.png,in
i_a04-103-01-02.png,the
i_e06-070-06-04.png,needed
i_a01-072x-07-01.png,administration
i_b05-098-02-02.png,this
i_e01-107-03-01.png,in
i_c03-094f-02-02.png,appealing
i_e06-053-07-04.png,the
i_b02-035-09-04.png,to
i_a02-106-00-00.png,King
i_a02-037-00-00.png,The
i_a06-075-05-08.png,Mr.
i_b05-050-05-01.png,would
i_b04-181-01-09.png,be
i_b01-033-03-06.png,made
i_e04-091-03-05.png,and
i_a01-122u-07-03.png,It
i_a02-053-05-03.png,100
i_e04-011-02-08.png,is
i_c03-021e-08-05.png,you
i_b04-047-00-10.png,business
i_b06-004-01-09.png,When
i_b01-132-02-08.png,the
i_a01-030x-02-09.png,I
i_c06-138-04-04.png,electrocution
i_c03-081f-00-06.png,a
i_a02-050-03-00.png,Commonwealth
i_a02-008-05-05.png,up
i_b01-122-04-00.png,Capetown
i_b06-008-07-04.png,to
i_a06-152-01-00.png,determination
i_b05-079-05-03.png,will
i_b01-113-04-06.png,to
i_d07-089-10-06.png,R.
i_c02-012-03-02.png,he
i_d07-089-10-01.png,to
i_a01-082u-06-06.png,Pressmen
i_b04-181-02-01.png,sell
i_c02-082-06-01.png,performances
i_d07-102-03-02.png,of
i_c03-084e-03-08.png,Play
i_a04-000-03-06.png,Much
i_b01-004-07-00.png,not
i_a01-014-07-01.png,aide
i_e04-058-00-02.png,do
i_c03-021c-08-06.png,looking
i_d04-062-01-03.png,with
i_c04-170-04-00.png,Britain
i_c06-095-03-00.png,Jeep
i_a02-086-05-04.png,that
i_a01-043-04-03.png,the
i_e07-003-07-07.png,native
i_c04-008-06-06.png,ambitious
i_b06-097-01-03.png,hopeful
i_a05-004-01-04.png,Navy
i_a02-102-02-01.png,Bagaya
i_c06-043-01-02.png,was
i_b05-055-01-04.png,no
i_b04-140-03-04.png,wants
i_e02-018-02-04.png,and
i_a01-043u-00-00.png,Informal
i_e06-006-07-07.png,down
i_a01-058u-06-04.png,Germany
i_c03-094e-03-03.png,always
i_d01-104-03-00.png,As
i_a04-103-04-03.png,opinion
i_a02-032-02-02.png,against
i_a06-070-04-01.png,meeting
i_e02-094-02-00.png,depend
i_c03-007-06-07.png,the
i_a02-020-04-03.png,into
i_c03-021d-01-05.png,it
i_a01-068u-08-01.png,towards
i_c06-058-02-07.png,see
i_a01-000u-00-02.png,to
i_b04-202-02-02.png,to
i_c06-111-06-04.png,known
i_d06-104-02-05.png,one
i_c04-144-07-07.png,machine
i_a02-012-00-01.png,team
i_c04-170-03-03.png,race
i_a04-092-06-00.png,circles
i_e01-025-09-07.png,con-
i_c04-128-01-01.png,me
i_d06-063-04-01.png,a
i_b04-075-03-00.png,Whitehall
i_e06-046-02-12.png,vibrations
i_a05-094-06-02.png,were
i_c06-128-03-00.png,20-month-old
i_d01-123-01-08.png,example
i_b05-055-03-00.png,batting
i_a06-157-03-10.png,used
i_d04-111-07-03.png,gives
i_a01-000x-00-04.png,Mr.
i_a01-082u-07-02.png,answer
i_a03-030-04-03.png,on
i_b05-045-08-03.png,consisting
i_d04-008-01-03.png,and
i_a04-103-01-04.png,world
i_a04-092-00-02.png,three
i_b06-097-04-00.png,and
i_c03-094f-03-01.png,editor
i_c03-007e-06-02.png,the
i_a04-096-07-01.png,there
i_b04-134-05-05.png,by
i_d06-041-04-03.png,news
i_b01-118-02-01.png,in
i_c03-021e-02-00.png,sexual
i_a06-044-04-08.png,shocked
i_e04-011-00-06.png,then
i_e06-015-09-03.png,will
i_b04-096-04-03.png,the
i_c03-007f-08-02.png,of
i_d06-003-05-06.png,see
i_e04-000-03-04.png,heavy
i_a02-086-04-03.png,his
i_e04-015-05-07.png,Fig.
i_e06-037-05-04.png,only
i_d07-102-06-06.png,b.
i_a01-068u-03-04.png,having
i_a05-113-05-02.png,not
i_e06-003-04-04.png,to
i_a01-007-06-03.png,Rhodesia
i_e07-061-08-07.png,had
i_e01-022-02-01.png,veil
i_b05-055-00-05.png,real
i_d01-016-03-02.png,article
i_a01-043x-02-08.png,Minister
i_c03-000d-06-06.png,conception
i_e01-059-01-00.png,hand-crocheted
i_d06-100-04-12.png,be
i_d06-091-08-00.png,a
i_a02-024-07-00.png,Stores
i_a02-078-07-00.png,of
i_b05-074-05-03.png,moral
i_a03-030-08-04.png,Minister
i_a03-011-02-04.png,countries
i_a02-072-00-09.png,bound
i_b06-068-09-00.png,working
i_a01-072u-00-03.png,are
i_b03-109-04-09.png,British
i_a04-003-05-00.png,Common
i_d06-067-05-00.png,piece
i_a02-093-07-02.png,provided
i_a01-014x-00-02.png,United
i_a01-000u-02-08.png,Labour
i_c03-084d-04-06.png,series
i_b04-140-03-00.png,Russia
i_a01-030-07-05.png,conference
i_a04-047-06-03.png,nuclear
i_a03-030-07-06.png,state-
i_b05-079-02-00.png,ordering
i_c06-076-05-05.png,on
i_b05-083-01-08.png,a
i_a06-134-05-00.png,hotbed
i_c04-000-04-03.png,rest
i_a04-010-03-03.png,to
i_c03-094f-07-02.png,moods
i_a05-044-01-01.png,party
i_a05-022-02-04.png,enable
i_a04-006-09-00.png,security
i_c03-096e-07-01.png,foreigners
i_a04-069-07-02.png,Europe
i_b02-102-05-02.png,must
i_c02-059-01-00.png,Prizes
i_a01-043u-00-03.png,Lancaster
i_e01-055-08-04.png,has
i_c04-061-02-03.png,sharp
i_b04-121-01-03.png,chaos
i_d01-118-05-10.png,longer
i_a01-011-03-03.png,common
i_d06-020-04-07.png,and
i_a01-072x-02-00.png,once-and-for-all
i_d04-071-01-04.png,house
i_c04-004-05-07.png,were
i_b06-100-01-01.png,a
i_b04-034-02-09.png,themselves
i_d04-089-02-03.png,incapacity
i_c04-139-02-02.png,the
i_c04-116-03-06.png,the
i_c03-096b-00-05.png,therefore
i_c04-013-06-00.png,title
i_d01-118-05-01.png,could
i_c03-087e-00-03.png,perhaps
i_b05-067-05-02.png,of
i_b04-162-05-03.png,what
i_e06-037-00-05.png,see
i_e06-033-02-11.png,the
i_b04-134-04-00.png,Thousands
i_c02-035-04-06.png,the
i_e01-086-03-06.png,button
i_b04-107-03-01.png,Government
i_a06-110-05-05.png,think
i_d01-056-03-05.png,different
i_c03-000b-03-01.png,Tony
i_b04-140-08-00.png,that
i_c03-096e-02-08.png,effective
i_c06-052-00-00.png,What
i_a01-003x-06-03.png,of
i_c03-021b-05-00.png,of
i_e07-000-04-00.png,witness
i_c03-096b-04-01.png,which
i_a06-124-00-07.png,it
i_b04-040-00-03.png,reason
i_a06-044-04-00.png,would
i_c04-039-01-05.png,success
i_b04-140-03-07.png,demolish
i_e01-025-05-06.png,this
i_a02-067-08-02.png,His
i_a03-027-05-10.png,Liberal
i_e01-055-04-02.png,crocheted
i_a02-086-04-09.png,said
i_c06-058-04-03.png,pub
i_d01-098-00-01.png,edge
i_d05-030-07-01.png,James
i_c04-116-02-11.png,likes
i_a01-113-01-04.png,from
i_b02-105-04-00.png,many
i_b02-045-05-09.png,that
i_b04-121-04-04.png,have
i_a01-049x-09-00.png,letter
i_a03-037-07-00.png,and
i_e04-052-03-10.png,The
i_b05-074-00-07.png,Versailles
i_c03-096f-04-03.png,he
i_d07-096-01-07.png,quoted
i_a01-091-03-03.png,the
i_b01-057-03-01.png,are
i_b06-079-03-07.png,German
i_e04-119-01-05.png,are
i_a02-093-03-08.png,Duncan
i_d06-067-02-01.png,it
i_e01-081-03-01.png,with
i_a01-107-00-02.png,that
i_d05-025-04-05.png,came
i_a01-026x-08-06.png,Chequers
i_b02-097-00-03.png,to
i_c04-089-03-05.png,of
i_a02-027-08-09.png,he
i_a01-053x-08-02.png,it
i_a05-089-06-02.png,Foreign
i_a01-082u-08-06.png,apart
i_b05-067-03-10.png,Hess
i_d06-067-08-05.png,which
i_a01-038x-04-03.png,Macmillan
i_a03-020-05-02.png,province
i_c03-081b-01-00.png,technical
i_e01-022-02-04.png,from
i_b05-038-00-02.png,hostility
i_b01-014-01-03.png,remains
i_a02-024-03-09.png,few
i_c03-084a-03-08.png,Play
i_a02-037-00-06.png,of
i_e02-091-00-07.png,follow
i_c03-094a-08-03.png,Mr.
i_d06-037-01-01.png,a
i_a01-020x-01-03.png,the
i_c03-021e-09-07.png,for
i_e04-011-05-02.png,covered
i_e02-086-06-01.png,of
i_c02-030-01-05.png,has
i_d06-063-03-06.png,time
i_b06-082-03-07.png,strategy
i_d07-096-00-07.png,contains
i_b05-045-03-00.png,for
i_b04-147-04-03.png,are
i_d01-056-04-06.png,speech
i_b01-018-08-02.png,white
i_c04-105-07-00.png,show
i_a03-009-06-05.png,idea
i_c04-050-00-05.png,little
i_c03-084a-03-04.png,play
i_e01-059-02-00.png,texture
i_d05-030-04-03.png,Laud
i_b01-009-00-04.png,been
i_a05-089-10-01.png,Minister
i_d01-024-00-08.png,textual
i_d07-102-03-00.png,the
i_b06-049-09-02.png,union
i_e02-094-04-02.png,to
i_c02-030-01-09.png,Wicki
i_d01-019-05-07.png,fragments
i_b04-010-09-03.png,well
i_d01-052-01-08.png,the
i_d04-117-04-01.png,we
i_d06-113-00-06.png,be
i_c03-094e-08-07.png,Mr.
i_a01-082u-09-03.png,night
i_d06-100-07-01.png,timetable
i_b04-202-02-09.png,the
i_a06-100-00-05.png,Mr.
i_a01-043x-04-01.png,of
i_d06-020-06-06.png,that
i_a05-053-05-02.png,other
i_b04-034-02-04.png,two
i_b01-023-05-05.png,to
i_d04-075-09-06.png,succeeded
i_a02-124-00-04.png,include
i_e04-119-01-04.png,you
i_c02-007-02-05.png,these
i_d04-081-02-04.png,at
i_c03-000a-07-01.png,apparent
i_c03-021d-04-04.png,the
i_a03-037-05-06.png,and
i_e07-061-06-10.png,great
i_a01-122u-07-05.png,maintained
i_b06-049-01-01.png,were
i_a04-066-02-02.png,their
i_d06-076-03-10.png,my
i_d04-053-05-07.png,individual
i_e02-014-03-08.png,the
i_c03-000d-05-05.png,the
i_b01-027-00-07.png,come
i_d07-085-06-04.png,of
i_a06-152-01-02.png,the
i_a01-003-03-01.png,line
i_a02-037-02-03.png,Edusei
i_d01-056-01-06.png,Souter
i_a01-043x-02-06.png,his
i_a01-122-03-03.png,the
i_d05-030-02-08.png,hated
i_e04-030-05-04.png,they
i_a01-122-03-05.png,of
i_b04-010-01-04.png,fought
i_d06-046-05-08.png,a
i_a02-017-07-00.png,negotiations
i_a03-073-02-00.png,easier
i_a01-020x-00-02.png,went
i_a02-090-05-03.png,Mau
i_b01-113-06-04.png,no
i_d06-015-04-08.png,to
i_c06-083-06-01.png,this
i_b01-073-01-03.png,denounce
i_a05-025-09-05.png,convinced
i_c06-103-05-02.png,what
i_c03-007b-05-06.png,sacred
i_e01-035-01-05.png,as
i_b03-104-08-00.png,any
i_e01-029-05-01.png,mention
i_b05-067-03-08.png,Himmler
i_a05-022-07-02.png,or
i_a04-054-05-08.png,think
i_d06-050-04-03.png,bring
i_a05-025-07-00.png,in
i_e04-083-06-03.png,under
i_c04-023-01-03.png,sinister
i_c03-096b-07-03.png,foreigners
i_c03-007c-05-06.png,in
i_a01-043x-02-03.png,a
i_e02-074-05-05.png,obtained
i_a02-093-01-03.png,clash
i_a01-038-00-02.png,thought
i_c04-023-04-07.png,the
i_d06-096-05-01.png,becomes
i_e06-053-07-02.png,just
i_e06-070-01-02.png,this
i_b02-045-04-01.png,the
i_b04-096-01-06.png,services
i_c01-009-00-01.png,production
i_c03-016c-01-07.png,young
i_a05-048-02-04.png,the
i_b04-096-03-00.png,worthwhile
i_b01-057-01-04.png,body
i_e06-010-04-04.png,comes
i_a05-062-08-04.png,avert
i_c06-052-00-01.png,happened
i_a04-096-00-05.png,with
i_a05-022-02-05.png,each
i_c04-050-06-11.png,C
i_d06-050-06-04.png,sleep
i_d04-066-08-02.png,grasp
i_a03-034-01-04.png,called
i_c04-156-01-05.png,the
i_e02-025-05-06.png,taper
i_e07-066-02-02.png,me
i_c04-089-00-05.png,disc
i_e02-086-02-00.png,most
i_b01-079-02-00.png,responsibility
i_b03-104-06-05.png,having
i_a04-092-01-05.png,carry
i_a04-066-02-05.png,He
i_a02-111-08-03.png,the
i_e04-099-06-08.png,for
i_a02-082-06-00.png,the
i_e06-049-04-02.png,the
i_c03-087c-05-03.png,attempt
i_d01-080-02-03.png,there
i_d07-100-02-06.png,Rami
i_a03-009-07-00.png,to
i_a01-026x-01-01.png,the
i_d06-015-00-07.png,one
i_e02-117-01-04.png,woodwork
i_a04-015-06-04.png,in
i_e04-095-05-00.png,are
i_a03-023-00-00.png,This
i_a04-047-02-07.png,in
i_b06-019-08-01.png,with
i_a06-036-06-00.png,heat
i_a03-023-00-07.png,former
i_a01-058x-09-00.png,German
i_a05-073-00-01.png,spent
i_c04-075-01-08.png,dug
i_c03-000a-04-06.png,script
i_a02-072-05-02.png,a
i_c04-116-01-12.png,of
i_b06-068-09-01.png,class
i_e04-114-03-00.png,screwing
i_c01-066-07-03.png,the
i_c03-084f-05-05.png,Fall
i_a05-121-01-00.png,of
i_d07-089-03-08.png,b.
i_a01-113-06-04.png,benches
i_e06-037-04-04.png,high
i_d01-019-00-09.png,to
i_e01-029-04-06.png,cushions
i_b05-067-04-08.png,an
i_e06-053-01-05.png,seemed
i_c04-000-01-03.png,on
i_e01-055-02-02.png,heavy
i_b01-004-01-07.png,be
i_c02-022-05-04.png,goes
i_d04-032-10-05.png,the
i_c03-087b-03-04.png,and
i_b04-187-07-00.png,are
i_b04-181-06-00.png,understand
i_b04-054-01-04.png,that
i_e07-000-02-04.png,oil
i_a04-003-06-04.png,the
i_c06-058-00-04.png,funny
i_a02-102-00-04.png,the
i_b05-017-04-02.png,incident
i_e02-091-07-02.png,tools
i_d04-096-03-13.png,salt
i_d06-008-00-00.png,To
i_a01-043-08-02.png,in
i_e01-055-00-02.png,remember
i_c06-020-04-01.png,educate
i_b05-074-08-09.png,far
i_c03-003c-00-07.png,It
i_c03-021e-07-03.png,his
i_b03-098-00-05.png,authorities
i_d01-060-06-01.png,difference
i_c04-139-06-07.png,)
i_a03-047-00-04.png,many
i_c03-007b-00-09.png,a
i_d07-102-06-04.png,R.
i_b04-169-03-09.png,the
i_d06-000-09-02.png,notions
i_a01-014x-07-07.png,telephoned
i_b01-004-00-06.png,will
i_a01-117-03-01.png,had
i_a01-007-05-05.png,African
i_a02-067-03-02.png,peace
i_b06-075-01-04.png,basis
i_e06-033-02-10.png,to
i_e04-000-00-04.png,that
i_c06-031-06-00.png,on
i_a03-006-07-05.png,to
i_a02-020-05-05.png,which
i_c04-110-01-00.png,assuredness
i_c01-066-03-05.png,him
i_d04-053-04-06.png,which
i_c06-111-05-03.png,Psychology
i_c03-087e-03-06.png,the
i_a01-102u-01-08.png,that
i_b04-040-01-04.png,as
i_d07-082-03-01.png,that
i_c03-000a-06-01.png,unity
i_e04-058-06-00.png,Columbia
i_c03-087d-02-03.png,a
i_d04-021-05-07.png,the
i_e07-003-03-02.png,American
i_a04-069-00-04.png,Mr
i_a05-017-04-00.png,to
i_e04-079-05-04.png,a
i_a01-091u-00-02.png,of
i_a05-048-05-03.png,in
i_a01-117u-10-06.png,to
i_e04-124-04-02.png,on
i_a01-072x-03-09.png,the
i_d06-003-02-07.png,to
i_a02-067-09-01.png,Ralph
i_a03-054-03-00.png,baker
i_e04-114-03-08.png,it
i_b06-064-07-00.png,provides
i_b03-098-06-06.png,a
i_a02-072-06-05.png,at
i_d01-080-05-05.png,original
i_e04-043-05-05.png,can
i_a02-046-05-05.png,police
i_a01-049-06-06.png,closed
i_b04-066-00-03.png,of
i_a03-034-01-00.png,a
i_e06-015-08-03.png,before
i_a02-046-06-00.png,a
i_a01-068u-05-05.png,The
i_a01-038-01-04.png,attend
i_a03-014-04-05.png,Laos
i_b04-147-01-06.png,a
i_a04-099-07-02.png,to
i_a05-113-09-01.png,little
i_c06-083-01-01.png,ensembles
i_d04-086-00-03.png,had
i_b04-047-04-09.png,he
i_a01-077-02-00.png,spot
i_b06-075-09-06.png,policy
i_c02-049-00-04.png,Berlin
i_a04-003-03-01.png,to
i_b01-127-04-03.png,support
i_c06-111-05-04.png,used
i_d04-071-01-08.png,gates
i_b04-066-02-02.png,another
i_b01-000-04-04.png,Will
i_a06-070-00-05.png,announcement
i_a05-069-08-02.png,the
i_b01-057-03-07.png,innocent
i_c03-094e-01-05.png,Allen
i_b06-087-01-00.png,at
i_c02-022-06-05.png,second
i_a04-031-01-04.png,yesterday
i_d06-086-02-03.png,from
i_c03-021e-07-06.png,of
i_a02-012-01-00.png,negotiators
i_a01-102u-07-03.png,the
i_a03-066-01-01.png,these
i_a01-049-04-00.png,The
i_c01-066-01-06.png,by
i_d01-060-04-01.png,in
i_b03-087-03-03.png,the
i_a01-077-09-00.png,February
i_b01-023-01-03.png,menace
i_c03-021c-07-06.png,you
i_e01-055-08-08.png,uses
i_a04-089-01-03.png,told
i_b01-132-06-06.png,decision
i_a02-090-04-05.png,its
i_a04-035-03-00.png,airport
i_d06-015-03-07.png,I
i_b04-096-03-01.png,targets
i_c02-022-06-04.png,a
i_c03-000e-03-00.png,and
i_c04-035-00-01.png,Sid
i_c06-052-03-01.png,book
i_c06-128-01-02.png,household
i_d04-047-06-02.png,with
i_b06-097-02-01.png,six
i_a01-068u-00-04.png,by
i_b06-032-01-06.png,role
i_c04-116-01-17.png,big
i_b03-092-02-00.png,parliamentary
i_e06-030-07-04.png,this
i_c04-105-07-01.png,business
i_a01-102-08-03.png,We
i_b05-062-03-04.png,am
i_a03-073-11-03.png,used
i_a02-098-07-04.png,will
i_e06-006-02-04.png,suitability
i_c06-095-01-05.png,be
i_b01-113-01-08.png,apartheid
i_c01-066-00-00.png,The
i_a01-117u-02-07.png,as
i_d01-052-04-07.png,version
i_b04-195-03-05.png,Farming
i_e07-061-09-01.png,my
i_a01-030-04-00.png,Government
i_b06-056-05-06.png,way
i_a02-090-01-04.png,his
i_a04-015-03-03.png,political
i_e04-034-04-01.png,in
i_b04-116-03-09.png,have
i_a01-014x-03-06.png,to
i_a04-092-01-06.png,weight
i_e06-021-04-07.png,be
i_b06-059-03-03.png,Only
i_c06-076-02-04.png,outside
i_a02-124-02-05.png,policemen
i_c03-094b-04-00.png,events
i_e04-030-00-01.png,complete
i_a02-004-01-04.png,Paris
i_e07-066-03-05.png,in
i_c01-066-06-04.png,of
i_a04-019-06-02.png,the
i_c04-150-04-07.png,eyes
i_c03-087a-02-01.png,a
i_a02-082-04-01.png,been
i_d01-024-03-04.png,a
i_d04-111-11-05.png,and
i_c02-007-08-01.png,means
i_c06-106-00-00.png,The
i_b05-045-09-06.png,dear
i_a03-063-04-06.png,research
i_a01-087-02-05.png,white-faced
i_c06-087-04-07.png,and
i_b03-092-02-08.png,a
i_a03-034-03-02.png,party
i_b04-075-02-05.png,forecast
i_d04-096-06-04.png,explains
i_c04-017-00-05.png,heck
i_d04-131-03-07.png,Egypt
i_a02-082-00-08.png,supporters
i_b01-057-04-05.png,or
i_a06-141-02-05.png,and
i_b06-045-03-02.png,decisions
i_c02-000-02-06.png,to
i_e07-061-09-07.png,living
i_c02-007-03-07.png,gallery
i_b01-044-03-00.png,by
i_b03-114-00-06.png,not
i_a01-091u-01-01.png,the
i_d06-082-01-04.png,in
i_a01-063x-01-00.png,level
i_d07-089-08-03.png,greeting
i_d04-111-02-03.png,4
i_a06-095-04-04.png,of
i_a01-043-00-05.png,will
i_b04-066-06-00.png,hit
i_e06-070-09-00.png,reaction
i_a01-020u-03-06.png,and
i_a01-072u-05-05.png,will
i_e02-094-07-01.png,not
i_a05-080-08-05.png,more
i_b03-109-05-03.png,over
i_d04-021-03-02.png,And
i_c03-016e-07-07.png,in-
i_a04-089-03-01.png,section
i_d05-021-07-04.png,the
i_c03-021d-07-01.png,his
i_e01-025-03-02.png,the
i_b01-027-05-07.png,triumph
i_d06-046-08-03.png,apparent
i_a06-110-01-02.png,said
i_a03-027-01-01.png,few
i_d04-101-03-00.png,meek
i_e04-000-04-00.png,most
i_b04-066-01-08.png,the
i_c03-084f-08-02.png,ambition
i_a02-067-06-04.png,order
i_d04-111-02-04.png,)
i_b06-093-02-06.png,then
i_a06-057-00-06.png,even
i_d07-102-02-04.png,manifested
i_d07-089-04-07.png,of
i_a01-038-08-02.png,week-end
i_c03-007e-04-05.png,and
i_c03-000b-01-01.png,of
i_e04-008-01-00.png,which
i_d04-021-04-05.png,the
i_b05-038-04-03.png,firm
i_b01-033-00-09.png,by
i_e01-055-00-01.png,can
i_d04-075-05-08.png,to
i_a06-141-03-10.png,are
i_a04-054-03-07.png,for
i_c06-091-01-10.png,funny
i_e04-058-00-05.png,a
i_e04-011-07-06.png,complete
i_a01-058-07-06.png,did
i_c03-003c-08-02.png,atmosphere
i_b04-000-04-06.png,Her
i_d01-019-04-06.png,who
i_d06-056-08-02.png,and
i_a05-000-07-01.png,than
i_c03-000a-07-00.png,everywhere
i_c04-139-01-15.png,when
i_c06-083-01-00.png,2e-and-nightie
i_c03-016e-08-00.png,quisitively
i_d06-046-00-00.png,Even
i_d06-020-00-04.png,that
i_d05-040-04-05.png,down
i_a04-039-01-05.png,his
i_d06-041-07-01.png,declared
i_a01-122u-05-05.png,The
i_a01-003-00-00.png,Though
i_c03-021c-04-08.png,and
i_b04-066-03-09.png,The
i_a02-120-03-01.png,demonstrators
i_e04-019-05-00.png,with
i_d07-082-05-01.png,to
i_b01-018-07-03.png,are
i_b06-064-06-00.png,how
i_b06-093-04-02.png,an
i_b01-038-00-10.png,is
i_e07-061-00-06.png,an
i_b01-094-08-00.png,itself
i_d06-030-01-11.png,This
i_a02-098-00-04.png,the
i_c02-000-04-03.png,Wunder
i_c03-087a-04-03.png,complete
i_a05-048-04-01.png,most
i_d06-046-01-02.png,situations
i_a01-117u-00-06.png,it
i_a05-044-08-07.png,70
i_b01-018-05-02.png,which
i_a01-132x-06-08.png,these
i_a04-072-08-01.png,jealousies
i_d04-075-09-01.png,seventy
i_a01-107-04-10.png,can
i_c03-084f-03-00.png,over-emphasizing
i_c04-105-04-05.png,that
i_a04-103-06-00.png,in
i_e04-095-04-07.png,the
i_b06-049-05-07.png,saw
i_d04-071-02-08.png,the
i_a06-004-00-04.png,Financial
i_b04-187-01-03.png,by
i_e02-025-08-04.png,toe
i_a06-004-03-06.png,kind
i_b04-147-01-02.png,The
i_a03-006-02-06.png,Yugoslav
i_b01-004-02-06.png,a
i_d07-089-02-07.png,quoted
i_e06-033-05-07.png,it
i_c03-007f-04-03.png,public
i_a06-124-04-06.png,is
i_c03-000a-02-05.png,has
i_a03-011-06-04.png,and
i_d06-000-04-08.png,that
i_b06-087-06-02.png,disarmament
i_a03-014-04-02.png,to
i_c06-111-00-02.png,of
i_b04-187-03-03.png,we
i_e04-132-03-04.png,decorating
i_a01-030x-06-04.png,said
i_d06-003-00-09.png,be
i_d06-063-00-00.png,In
i_c06-014-01-00.png,relief
i_d06-011-02-01.png,is
i_b02-013-01-04.png,approach
i_e07-061-01-06.png,The
i_c06-111-04-01.png,attached
i_b05-055-04-01.png,six
i_a05-058-03-02.png,State
i_b06-015-04-04.png,Europe
i_c06-080-05-00.png,styled
i_a05-108-07-01.png,heaped
i_c02-022-00-08.png,of
i_a04-006-01-01.png,him
i_a05-104-06-05.png,Healey
i_e01-107-07-01.png,have
i_c02-022-07-05.png,its
i_a02-000-00-01.png,Macmillan
i_c03-000c-04-05.png,the
i_d01-080-01-04.png,Dots
i_a05-080-01-03.png,the
i_b06-071-00-03.png,will
i_a04-035-02-05.png,Mr.
i_a04-006-00-01.png,Kennedy
i_e02-074-10-03.png,easily
i_a05-080-02-02.png,or
i_c03-094f-00-06.png,is
i_a03-043-04-06.png,How
i_e06-015-06-00.png,other
i_c04-008-06-08.png,unscrupulous
i_e01-092-02-01.png,of
i_e01-055-09-02.png,stepped
i_b04-075-01-01.png,protest
i_a02-098-03-00.png,suggestion
i_c04-035-07-00.png,equally
i_c04-156-01-02.png,The
i_a01-007-06-06.png,to
i_b01-132-04-05.png,be
i_d01-052-04-03.png,and
i_a06-100-04-06.png,industry
i_b01-062-02-05.png,political
i_b04-134-06-11.png,fact
i_d04-111-11-03.png,the
i_e01-092-04-03.png,stringy
i_a04-072-08-03.png,the
i_d06-086-01-04.png,list
i_e04-062-00-03.png,pressed
i_e07-007-04-04.png,native
i_b04-004-07-07.png,So
i_c04-017-01-00.png,for
i_d06-020-08-08.png,Him
i_b06-079-08-00.png,nuclear
i_c03-016a-06-04.png,is
i_a01-049-09-01.png,Mr.
i_c03-016b-08-01.png,lover
i_a02-072-04-06.png,said
i_a02-046-01-07.png,team
i_e02-086-01-05.png,a
i_b02-035-06-02.png,says
i_d04-032-06-00.png,the
i_c03-000d-00-02.png,version
i_a05-069-00-00.png,It
i_a04-047-05-00.png,Britain
i_d06-100-06-06.png,who
i_a02-050-04-04.png,Mr.
i_a01-014u-00-05.png,is
i_e04-015-00-01.png,this
i_a04-096-00-03.png,is
i_d06-037-01-05.png,turning
i_a03-011-00-00.png,But
i_b06-023-05-04.png,with
i_d01-056-04-00.png,verbs
i_d04-101-01-00.png,more
i_b06-023-07-09.png,the
i_a04-047-05-04.png,said
i_d01-060-02-03.png,the
i_c03-087d-08-04.png,Ferris
i_d05-025-05-00.png,Prayer
i_b06-093-02-05.png,Britain
i_a03-066-04-00.png,any
i_a01-026u-10-05.png,Mr.
i_a01-049u-05-06.png,another
i_c02-000-05-06.png,and
i_b04-128-02-00.png,Even
i_c04-150-01-12.png,and
i_c06-020-04-06.png,write
i_a01-026-08-07.png,with
i_c06-087-02-08.png,when
i_b01-038-09-01.png,Germans
i_c06-031-06-08.png,is
i_d04-117-06-09.png,him
i_b04-107-04-02.png,Then
i_c06-091-01-03.png,was
i_b04-154-03-07.png,preserve
i_b05-058-00-10.png,theodolite
i_c04-004-04-10.png,film
i_a03-014-06-00.png,was
i_e01-050-05-07.png,fillings
i_e01-018-06-08.png,tender
i_a01-132u-00-01.png,That
i_e01-032-10-04.png,brain-children
i_b03-098-07-06.png,pains
i_a04-103-00-00.png,The
i_a03-054-00-03.png,done
i_e01-050-03-05.png,to
i_b06-019-08-02.png,four
i_b01-004-01-00.png,settled
i_d03-112-08-00.png,in
i_d06-111-00-12.png,get
i_b02-035-05-05.png,say
i_d06-020-02-10.png,latent
i_c03-003b-04-09.png,life
i_a05-089-00-02.png,speakers
i_c06-111-05-02.png,Social
i_a04-023-02-04.png,Kennedy
i_b01-084-00-07.png,Hammarskjold
i_b06-036-02-06.png,being
i_a03-011-03-01.png,is
i_a01-026x-08-04.png,went
i_a05-039-08-03.png,In
i_a05-044-03-01.png,by
i_d04-081-07-03.png,and
i_a01-014-07-04.png,Julius
i_a02-102-05-05.png,The
i_d05-013-03-10.png,and
i_b01-118-03-09.png,neighbour
i_e07-072-00-01.png,the
i_d04-081-05-02.png,to
i_b05-058-02-08.png,he
i_a01-058x-01-00.png,tough
i_a01-014-08-06.png,talks
i_c03-007a-03-04.png,school
i_c06-087-03-04.png,is
i_a02-017-04-04.png,Heath
i_e04-000-07-02.png,good
i_a01-038-10-01.png,unconstitutional
i_c03-007e-02-05.png,live
i_c03-087f-06-08.png,a
i_b03-092-03-05.png,fight
i_e01-113-00-03.png,thread
i_a05-073-01-04.png,the
i_c03-081a-06-03.png,effective
i_e01-014-00-03.png,the
i_b04-034-00-08.png,words
i_c06-043-02-00.png,hospital
i_b02-097-01-00.png,important
i_c03-016c-08-05.png,a
i_b04-147-04-00.png,householders
i_a06-000-07-01.png,profits
i_c06-005-03-03.png,the
i_a01-030u-05-05.png,the
i_c04-122-05-11.png,Jury
i_b01-004-03-08.png,a
i_d04-089-02-07.png,willing
i_b01-038-04-03.png,upset
i_a01-091u-07-00.png,censure
i_d04-101-01-10.png,inheritance
i_a06-124-04-05.png,money
i_c06-116-04-01.png,to
i_c04-116-01-04.png,with
i_e04-068-03-06.png,on
i_a01-063-08-03.png,quickly
i_d05-025-03-03.png,read
i_c03-084c-05-07.png,theme
i_c04-165-06-03.png,a
i_b06-068-05-02.png,Britain
i_d04-101-05-05.png,us
i_a01-026-06-00.png,But
i_a06-064-04-03.png,had
i_e04-099-04-09.png,bottom
i_a01-063x-04-04.png,who
i_c03-087c-01-04.png,attempting
i_c03-016c-04-03.png,sex
i_c04-110-03-11.png,an
i_a01-053x-02-03.png,Mr.
i_b06-056-05-00.png,the
i_a04-050-02-03.png,governments
i_e06-010-00-03.png,trench
i_d06-107-07-01.png,a
i_c03-016a-09-01.png,bear
i_a06-152-07-00.png,cross
i_c06-027-00-04.png,free
i_c02-056-03-08.png,five
i_e02-091-05-01.png,be
i_c03-007d-00-07.png,has
i_a04-000-00-02.png,renewed
i_b06-036-03-10.png,cover
i_a01-063x-06-07.png,payment
i_a02-120-07-04.png,talks
i_b01-089-00-01.png,big
i_c02-035-01-09.png,more
i_e01-055-08-10.png,and
i_c06-100-06-04.png,parts
i_a01-087u-04-04.png,ended
i_d01-056-03-01.png,as
i_c04-050-03-01.png,of
i_a04-089-09-03.png,are
i_a05-039-10-07.png,was
i_b05-050-07-00.png,the
i_e04-079-07-00.png,the
i_b04-004-09-06.png,crash
i_d01-016-03-04.png,any
i_a02-106-04-03.png,Their
i_b01-038-08-07.png,little
i_b04-054-04-09.png,is
i_d07-096-01-04.png,and
i_b01-027-01-00.png,tonight
i_b01-089-01-00.png,must
i_a04-072-02-01.png,agreement
i_d04-037-03-11.png,and
i_d04-053-09-07.png,the
i_d04-131-01-09.png,out
i_c03-081f-09-00.png,performance
i_a05-025-05-01.png,the
i_a01-049u-10-06.png,received
i_c04-056-08-03.png,dexterity
i_c04-165-06-08.png,British
i_e01-014-05-04.png,about
i_c03-021d-02-02.png,women
i_e07-066-01-05.png,offered
i_c03-081d-00-02.png,the
i_d01-060-09-03.png,of
i_c03-007f-00-04.png,Honey
i_d06-000-08-04.png,completely
i_a01-043u-01-00.png,resume
i_c03-081c-05-01.png,makes
i_a05-099-03-03.png,launched
i_e07-000-02-10.png,when
i_c03-081a-00-04.png,has
i_a01-026u-09-01.png,Federation
i_a05-089-04-08.png,Secretary
i_a06-070-04-02.png,the
i_c06-047-00-06.png,work
i_b04-060-02-07.png,voice
i_b02-105-00-05.png,and
i_a03-073-00-08.png,Blue
i_c04-066-02-04.png,sing
i_a02-008-04-04.png,Monday
i_d06-000-04-02.png,them
i_e04-043-02-05.png,designed
i_c04-017-00-02.png,miles
i_a03-009-07-02.png,whole
i_c02-007-06-02.png,are
i_b05-088-06-07.png,not
i_b04-075-01-00.png,their
i_a04-003-06-00.png,laid
i_a01-058u-01-05.png,to
i_a01-000x-04-09.png,Griffiths
i_a05-000-02-04.png,for
i_c06-076-01-00.png,thing
i_a05-058-08-01.png,public
i_c04-128-01-06.png,agreed
i_c06-011-01-03.png,earlier
i_b05-079-09-04.png,destination
i_c06-080-03-04.png,film
i_d04-058-05-10.png,off
i_a04-035-03-03.png,President
i_a03-073-01-06.png,be
i_c06-083-00-03.png,Gina
i_a02-027-03-04.png,scheme
i_e04-091-01-01.png,the
i_e01-029-06-06.png,and
i_a01-038-09-08.png,gross
i_a02-032-02-01.png,raised
i_b04-140-00-06.png,British
i_a03-043-00-07.png,Mr.
i_a01-043x-04-04.png,South
i_a02-098-03-05.png,fresh
i_e02-074-06-05.png,expensive
i_c04-066-01-07.png,flat
i_e06-021-08-08.png,value
i_c04-050-08-07.png,corn
i_c02-056-02-01.png,film
i_c03-081b-03-03.png,if
i_e01-018-02-03.png,broad
i_e04-022-03-04.png,then
i_e06-010-03-02.png,shallower
i_a03-080-06-01.png,German
i_a01-128-06-06.png,the
i_c03-003f-01-06.png,cinema
i_b06-071-02-03.png,elect
i_c03-081e-07-06.png,longest
i_b05-062-01-11.png,like
i_a01-020x-03-05.png,attending
i_a01-053u-06-04.png,outstanding
i_a05-099-02-08.png,on
i_a06-008-04-08.png,it
i_e06-015-05-03.png,at
i_a05-080-02-01.png,Parliament
i_a01-020x-02-09.png,plans
i_a03-071-02-02.png,on
i_b01-009-00-05.png,a
i_c03-096a-02-03.png,were
i_b03-092-03-07.png,on
i_a04-096-01-04.png,of
i_b01-127-04-04.png,and
i_b04-040-00-02.png,no
i_a01-122u-00-01.png,Mr.
i_b06-049-08-02.png,the
i_d01-098-05-11.png,not
i_b06-093-05-04.png,weapons
i_c03-084c-05-02.png,morality
i_a02-008-05-03.png,Ministers
i_e01-032-00-03.png,patterns
i_b06-059-04-03.png,to
i_c02-012-08-04.png,moves
i_d06-072-09-01.png,to
i_b04-060-04-03.png,him
i_d01-056-00-05.png,the
i_c03-007b-06-08.png,integral
i_b02-013-01-01.png,putting
i_c06-100-07-08.png,actress
i_d06-067-02-04.png,mind
i_b04-047-03-06.png,of
i_e07-072-08-03.png,for
i_d03-117-05-01.png,in
i_a05-044-06-03.png,the
i_e07-007-02-06.png,their
i_a04-096-05-05.png,He
i_a06-114-02-00.png,replaced
i_b01-009-01-00.png,fighter
i_e06-053-00-08.png,In
i_e04-004-05-01.png,tray
i_c04-023-00-08.png,is
i_d04-053-03-00.png,coming
i_b04-089-02-04.png,bring
i_b01-033-04-09.png,the
i_c03-000d-04-02.png,also
i_d04-117-03-07.png,they
i_b01-038-10-06.png,little
i_a04-099-01-01.png,the
i_a01-038-06-04.png,representative
i_d07-082-06-03.png,Levi
i_b01-062-09-01.png,readers
i_b04-169-01-03.png,people
i_d06-050-03-04.png,as
i_d04-121-05-05.png,of
i_a02-082-03-01.png,weeks
i_a05-004-04-03.png,all
i_a05-084-01-02.png,were
i_c02-030-04-01.png,in
i_b06-015-06-01.png,secured
i_b06-071-02-00.png,political
i_b01-118-01-07.png,and
i_a01-063x-05-05.png,big
i_c04-061-02-07.png,humour
i_e04-019-05-03.png,panel
i_e01-055-08-03.png,today
i_e04-103-00-01.png,trimmed
i_c03-003f-03-02.png,story
i_d06-096-03-01.png,lot
i_b04-116-07-02.png,African
i_c02-078-00-01.png,has
i_b04-054-00-05.png,on
i_a01-128-01-04.png,and
i_a05-004-05-07.png,in
i_b04-004-00-04.png,Nkrumah
i_a05-116-02-06.png,way
i_c02-026-07-00.png,the
i_e01-092-04-09.png,and
i_a03-071-06-00.png,satellite
i_e04-004-00-14.png,planed
i_b05-088-01-09.png,all
i_d06-041-03-02.png,feels
i_b06-097-02-03.png,time
i_a03-054-06-05.png,Gov-
i_d04-053-05-01.png,duty
i_a06-057-04-07.png,he
i_a04-081-01-00.png,Congress
i_a06-095-07-03.png,economic
i_c06-000-00-04.png,a
i_c06-080-00-00.png,The
i_b06-093-06-02.png,and
i_c06-091-00-06.png,takes
i_a01-058u-00-00.png,PRESIDENT
i_c04-156-03-04.png,Daneman
i_d04-066-08-05.png,will
i_a02-053-01-09.png,in
i_d01-098-00-09.png,wooden
i_b03-092-01-05.png,of
i_c03-016d-06-04.png,it
i_b03-109-05-01.png,to
i_a02-086-04-00.png,I
i_d06-041-04-08.png,her
i_a03-009-02-07.png,the
i_a04-015-02-10.png,problems
i_d01-024-04-00.png,to
i_e04-043-05-06.png,carry
i_c06-100-03-04.png,whom
i_c06-020-07-03.png,writing
i_b02-105-05-02.png,polling
i_a06-152-08-05.png,officials
i_a02-082-01-07.png,year
i_d06-063-03-04.png,at
i_a01-000u-04-05.png,the
i_a05-058-01-08.png,not
i_a04-039-09-01.png,peoples
i_c03-000e-03-08.png,is
i_d06-003-01-09.png,As
i_c03-007e-05-04.png,even
i_b01-073-09-02.png,to
i_a04-039-01-02.png,said
i_e02-021-06-12.png,such
i_a04-006-07-07.png,Mr.
i_d06-008-02-02.png,speak
i_b06-045-00-04.png,union
i_e04-132-03-05.png,a
i_d06-050-01-08.png,a
i_b06-079-04-03.png,on
i_d01-080-06-10.png,is
i_a06-095-09-02.png,gripped
i_c03-081c-04-05.png,heard
i_c04-098-00-00.png,But
i_e04-022-06-03.png,and
i_a03-047-00-07.png,Mr.
i_a06-064-06-06.png,was
i_c02-056-03-04.png,(
i_d04-131-05-07.png,Feast
i_a01-043-07-03.png,will
i_a03-080-09-03.png,could
i_a01-026-06-04.png,Roy
i_a01-049-02-00.png,audience
i_d06-041-05-03.png,danger
i_a06-039-03-02.png,The
i_a01-132u-01-02.png,or
i_a04-015-00-01.png,joint
i_b06-045-02-04.png,For
i_d04-066-06-06.png,need
i_c03-007a-04-06.png,canals
i_b01-132-03-03.png,Dr.
i_a04-003-04-07.png,the
i_e04-099-05-06.png,taken
i_c03-094b-06-06.png,but
i_a01-091u-02-05.png,censure
i_a01-077-01-05.png,in
i_d01-019-02-11.png,history
i_b05-074-00-06.png,of
i_d06-008-07-00.png,situation
i_d05-040-05-02.png,was
i_c02-003-02-01.png,well
i_b06-015-04-03.png,Western
i_b06-068-04-01.png,armament
i_a02-017-00-02.png,members
i_c02-017-03-07.png,re-
i_a04-081-04-02.png,their
i_d04-125-00-00.png,And
i_c03-021b-07-04.png,while
i_a02-027-01-04.png,port
i_d04-012-06-01.png,the
i_d04-005-02-07.png,the
i_d06-067-06-02.png,sixty
i_a02-111-02-01.png,their
i_a03-089-00-00.png,This
i_c06-103-07-01.png,variety
i_c06-080-05-07.png,it
i_c03-096d-01-05.png,The
i_b05-058-00-02.png,be
i_c02-012-08-03.png,director
i_a05-017-06-04.png,point
i_c06-076-04-06.png,gives
i_b02-097-08-01.png,done
i_b06-053-03-01.png,support
i_a05-017-05-00.png,cannot
i_c06-011-03-01.png,Hostage
i_a04-047-02-02.png,Labour
i_d06-104-03-03.png,the
i_d01-049-06-00.png,simple
i_b05-058-03-09.png,that
i_a01-117u-02-06.png,And
i_e04-026-04-00.png,of
i_c03-003c-05-00.png,film
i_a01-087-00-00.png,Mr.
i_c03-087b-03-05.png,the
i_a01-011-00-02.png,Mr.
i_b01-127-01-00.png,maintained
i_d01-104-07-02.png,bound
i_a03-027-08-02.png,Lester
i_b01-079-01-04.png,servants
i_c03-016b-04-07.png,when
i_e04-030-01-10.png,the
i_a01-068u-03-00.png,Americans
i_b01-027-04-03.png,tour
i_a01-117u-00-03.png,the
i_e02-086-05-00.png,which
i_c03-007f-06-02.png,the
i_d06-046-01-06.png,some
i_a05-113-02-06.png,in
i_a01-020x-07-00.png,to
i_a01-117-03-02.png,fallen
i_c04-008-02-05.png,this
i_a02-050-04-05.png,Nkrumah
i_b04-154-06-00.png,Welensky
i_b04-103-02-06.png,mysteriously
i_c03-007a-05-06.png,churchyard
i_a04-050-05-04.png,were
i_c03-081c-02-05.png,in
i_c06-027-00-03.png,very
i_a05-069-03-01.png,began
i_a02-057-04-03.png,one
i_b06-082-02-04.png,bases
i_d03-112-02-03.png,a
i_c03-094a-00-00.png,Mr.
i_e02-086-07-05.png,as
i_d06-082-04-09.png,just
i_c04-044-00-02.png,to
i_a01-030x-02-04.png,told
i_e02-086-04-05.png,as
i_b06-032-03-03.png,in
i_c03-084e-00-03.png,production
i_a04-069-06-00.png,talks
i_a01-058-01-03.png,cash
i_a06-141-01-00.png,put
i_b02-105-01-07.png,Mean-
i_c03-094b-06-03.png,their
i_a02-086-07-00.png,nothing
i_a03-006-02-00.png,Foreign
i_a01-003u-00-05.png,Left-wing
i_a03-006-04-09.png,joint
i_c03-016b-03-00.png,promiscuous
i_a01-072u-05-02.png,Government
i_b03-092-00-04.png,preferable
i_a04-003-02-04.png,outcome
i_b04-154-01-04.png,Rhodesian
i_c03-094c-02-03.png,James
i_a06-119-05-04.png,corresponding
i_a02-072-00-01.png,He
i_b03-104-02-03.png,temperatures
i_b04-121-03-04.png,chaos
i_b04-202-05-10.png,of
i_b02-097-02-05.png,lead
i_b06-042-03-04.png,the
i_a04-099-07-05.png,of
i_d06-008-03-03.png,any
i_d06-056-03-02.png,way
i_a04-072-09-00.png,fulfilment
i_d07-102-06-01.png,the
i_e04-099-00-06.png,accurately
i_d01-056-06-07.png,could
i_e02-094-07-02.png,buy
i_a03-040-01-09.png,since
i_b06-004-07-00.png,air
i_b06-053-05-01.png,on
i_a01-077-03-01.png,at
i_d01-080-03-02.png,now
i_a02-106-03-05.png,Monday
i_e01-119-04-00.png,in
i_c06-106-01-05.png,con-
i_a01-113u-09-08.png,financial
i_b04-128-05-06.png,men
i_c04-075-06-05.png,only
i_a01-007u-06-01.png,Parties
i_b04-154-05-09.png,Is
i_e06-037-04-02.png,and
i_e04-099-03-09.png,this
i_b04-121-05-07.png,going
i_a03-040-05-02.png,autumn
i_a01-003x-08-06.png,an
i_b06-045-00-08.png,its
i_c03-094d-09-07.png,with
i_a01-102-01-05.png,considered
i_b04-107-02-00.png,was
i_a01-077u-01-00.png,Germany
i_e06-053-05-04.png,be
i_d04-075-07-03.png,is
i_a06-141-02-04.png,London
i_c06-031-04-05.png,Cardinal
i_a02-078-06-03.png,outlawed
i_e04-095-02-01.png,see
i_c04-098-04-03.png,Cramer
i_b01-062-09-02.png,will
i_a04-027-02-08.png,Palace
i_a01-091-07-04.png,under
i_d06-027-04-01.png,face
i_e04-068-02-02.png,to
i_b04-047-02-05.png,is
i_e04-127-03-02.png,at
i_c04-035-01-04.png,Janette
i_b06-082-00-04.png,and
i_a06-070-00-02.png,Macmillan
i_c06-095-06-03.png,one
i_a05-048-07-00.png,last
i_c03-094f-09-05.png,colour
i_b01-062-04-01.png,statements
i_c04-134-03-07.png,man
i_a01-007u-02-04.png,the
i_d01-056-08-03.png,a
i_b04-034-01-12.png,is
i_d04-012-04-02.png,as
i_d04-050-03-08.png,gather-in
i_a01-096u-09-02.png,that
i_a05-125-00-03.png,writes
i_b01-113-04-07.png,those
i_c03-087a-05-06.png,whether
i_e06-021-10-06.png,home
i_a04-010-01-01.png,House
i_a06-090-06-01.png,created
i_e04-132-03-01.png,panel
i_b06-036-04-08.png,do
i_a01-077-05-03.png,lagging
i_c03-021e-04-06.png,expectant
i_c03-087d-05-06.png,perhaps
i_a01-053-09-01.png,before
i_c06-000-03-06.png,congregation
i_e01-032-06-03.png,else
i_a05-029-00-03.png,to
i_c04-056-03-07.png,his
i_e04-062-07-04.png,bought
i_c04-023-01-00.png,variation
i_a05-048-05-01.png,most
i_c02-082-04-05.png,autumn
i_a04-010-08-01.png,with
i_a01-132x-02-07.png,to
i_b02-102-02-01.png,to
i_a03-034-01-02.png,Conservative
i_a01-053-01-03.png,organisations
i_c06-076-02-02.png,pictures
i_a02-050-02-01.png,that
i_c03-003e-03-04.png,and
i_c03-096c-06-03.png,act
i_a01-049-06-03.png,met
i_e07-007-04-09.png,varieties
i_b02-102-00-04.png,the
i_a01-091u-04-01.png,Service
i_a04-039-09-07.png,solution
i_a04-027-03-00.png,fly
i_a02-078-07-04.png,supporters
i_a01-128u-08-02.png,changes
i_c03-003c-06-03.png,tomorrow
i_d01-019-03-02.png,written
i_a02-027-07-01.png,Belgrade
i_b04-075-02-07.png,good
i_c03-016e-09-00.png,first
i_c03-087e-04-02.png,in
i_a04-050-04-03.png,Labour
i_d04-028-02-08.png,of
i_a03-047-07-05.png,figure
i_a02-027-07-05.png,his
i_a01-014u-05-01.png,Sir
i_a03-047-05-07.png,home
i_a02-053-01-03.png,do
i_a04-089-04-01.png,establishment
i_c03-081a-01-00.png,technical
i_e02-117-00-03.png,only
i_d06-041-04-05.png,at
i_c02-049-09-06.png,Charles
i_b01-062-00-03.png,publish
i_c04-008-02-02.png,Montand
i_d07-102-03-01.png,court
i_e01-014-00-06.png,Samuel
i_c04-044-00-05.png,French
i_d05-025-04-07.png,Scottish
i_b01-038-08-01.png,to
i_b05-017-01-01.png,out
i_a03-063-09-09.png,space
i_a01-030x-00-02.png,is
i_b04-162-04-01.png,by
i_c03-081f-06-07.png,and
i_c03-081d-05-01.png,heard
i_b06-008-02-00.png,Defence
i_b03-092-05-03.png,backing
i_e04-043-06-06.png,comfortable
i_b01-000-06-06.png,and
i_e01-014-01-02.png,was
i_c02-022-02-06.png,and
i_a02-067-02-03.png,for
i_a01-102u-01-02.png,sick
i_c06-080-03-02.png,in
i_c04-160-06-07.png,to
i_e01-014-00-04.png,diaries
i_d06-050-05-10.png,at
i_c03-007-04-01.png,public
i_e06-000-05-01.png,ground
i_c06-076-06-09.png,credit
i_a01-026x-03-02.png,The
i_e06-070-05-06.png,essential
i_e02-082-00-03.png,is
i_a01-030x-04-02.png,had
i_c03-007e-00-03.png,of
i_c04-028-04-03.png,first
i_d05-040-05-03.png,handy
i_c02-056-06-01.png,extremely
i_a02-106-02-06.png,before
i_a01-058u-01-00.png,over
i_c04-000-02-09.png,ditty
i_a06-147-03-03.png,Germany
i_b04-154-05-03.png,West
i_c03-081e-06-03.png,brief
i_c02-012-02-05.png,police
i_a05-004-02-00.png,Air
i_b06-019-04-05.png,supply
i_d01-052-00-05.png,certainly
i_e01-107-09-02.png,directions
i_e04-068-04-02.png,that
i_b02-045-01-09.png,June
i_a06-044-04-07.png,outburst
i_e02-025-01-05.png,toe
i_e01-018-03-00.png,fine
i_c03-016c-04-00.png,surroundings
i_b04-140-07-05.png,How
i_c03-094d-04-00.png,cally
i_c03-094c-05-02.png,they
i_c02-082-05-05.png,In
i_c06-043-02-04.png,and
i_e04-083-05-02.png,which
i_a01-072x-04-04.png,It
i_b03-087-01-13.png,Bill
i_e01-107-08-00.png,stitches
i_a06-036-05-06.png,food
i_b03-114-05-07.png,B.B.C.
i_b06-087-00-07.png,unity
i_b04-162-06-04.png,No
i_b04-096-02-02.png,is
i_b05-042-08-06.png,another
i_a06-008-02-08.png,to
i_a05-009-07-01.png,five
i_c06-100-05-05.png,teenager
i_c04-000-03-01.png,He
i_c03-016e-09-05.png,who
i_a04-092-09-05.png,some
i_b04-154-02-03.png,out
i_a06-090-03-10.png,said
i_a01-000u-02-00.png,is
i_a02-098-02-02.png,from
i_c03-081f-07-06.png,longest
i_b05-083-06-04.png,their
i_c06-039-04-04.png,a
i_b05-045-03-01.png,a
i_e04-114-04-07.png,the
i_a06-157-00-09.png,of
i_c03-087e-07-01.png,in
i_d01-016-03-03.png,excluded
i_c04-116-00-20.png,lyric
i_b03-104-00-00.png,It
i_a05-017-05-06.png,does
i_c02-000-05-01.png,of
i_d03-112-07-02.png,is
i_a03-043-07-02.png,the
i_c06-095-00-04.png,I
i_a06-095-06-06.png,an
i_c02-012-05-03.png,due
i_c03-094a-06-03.png,modulate
i_b06-042-10-00.png,appalled
i_a04-035-06-07.png,had
i_a06-051-03-02.png,A
i_e06-000-05-05.png,in
i_a06-100-02-09.png,part
i_c01-009-05-05.png,to
i_c04-139-02-07.png,without
i_c03-007f-08-00.png,gral
i_c03-003e-00-04.png,filmed
i_a01-053-09-00.png,nomination
i_e01-029-01-04.png,knitting
i_a02-086-06-01.png,stimulated
i_c03-081c-00-06.png,a
i_e04-095-03-06.png,transom
i_c03-007e-01-03.png,in
i_d04-117-06-01.png,eat
i_d05-008-05-09.png,new
i_a04-003-02-03.png,the
i_b05-042-08-03.png,by
i_a01-132-08-04.png,said
i_e01-092-05-00.png,preserves
i_d06-111-03-00.png,do
i_a06-147-01-03.png,on
i_b06-087-01-05.png,Britain
i_a05-094-02-05.png,Tom
i_e04-068-02-03.png,make
i_a02-042-01-04.png,sabotage
i_c02-017-02-06.png,that
i_a02-106-08-04.png,recommended
i_a04-099-04-00.png,believes
i_e02-094-07-03.png,so-called
i_b04-175-02-01.png,in
i_a03-040-06-05.png,for
i_d07-089-06-05.png,the
i_a06-114-08-01.png,spending
i_a02-106-01-03.png,Uganda
i_e01-059-03-05.png,woman
i_d06-050-06-03.png,do
i_d04-086-06-00.png,back
i_c04-056-06-05.png,liked
i_a01-003-00-04.png,some
i_a04-099-00-05.png,and
i_a05-000-07-00.png,extent
i_d07-085-03-01.png,in
i_a05-048-06-04.png,in
i_b06-042-02-03.png,Union
i_c04-056-08-02.png,the
i_a01-014x-01-00.png,the
i_e06-000-04-06.png,over
i_a01-096u-06-05.png,and
i_a05-004-06-04.png,administrative
i_e06-026-01-02.png,these
i_b05-067-00-07.png,the
i_b05-017-03-06.png,it
i_c03-000e-06-04.png,of
i_c03-016b-08-06.png,leaves
i_e06-000-01-02.png,some
i_d06-111-05-05.png,example
i_b04-060-02-08.png,the
i_c03-096c-04-01.png,them
i_b06-045-06-00.png,down
i_e01-113-01-06.png,a
i_e04-011-01-06.png,piece
i_c02-056-00-07.png,and
i_a01-043-08-00.png,racial
i_b04-181-03-07.png,Germany
i_e01-119-02-06.png,Do
i_a01-049x-02-00.png,television
i_c03-000f-05-07.png,the
i_a04-072-01-00.png,Union
i_a06-051-00-02.png,loud
i_a02-012-04-01.png,days
i_d04-062-00-07.png,Lord
i_c03-003c-05-04.png,life
i_a01-058u-07-04.png,talks
i_a01-132x-07-05.png,in
i_c03-016a-02-02.png,in
i_a01-113u-05-02.png,easy
i_a04-085-08-02.png,this
i_e04-109-05-04.png,for
i_a01-011-06-05.png,insisting
i_d06-020-07-05.png,with
i_a01-068u-05-01.png,for
i_b04-134-01-03.png,BERTRAND
i_e01-092-07-07.png,thread
i_e06-033-09-05.png,great
i_d06-063-08-08.png,to
i_c03-003c-02-08.png,of
i_d04-071-02-06.png,multiplied
i_b03-025-04-08.png,make
i_e01-014-01-09.png,paying
i_c04-056-05-04.png,some
i_a01-128-00-07.png,cheered
i_c04-116-00-09.png,garages
i_a02-106-05-06.png,conference
i_b06-090-01-01.png,lay
i_e04-079-08-05.png,as
i_c04-098-03-07.png,(
i_a06-141-03-00.png,cities
i_a06-051-04-05.png,He
i_c06-083-02-10.png,Rolls-Royce
i_d06-020-04-04.png,is
i_c02-078-05-00.png,attractive
i_a06-090-03-01.png,We
i_b01-004-00-01.png,is
i_d06-096-00-04.png,conscious
i_b04-195-03-06.png,is
i_b02-097-02-08.png,further
i_e06-006-10-00.png,Deep
i_c03-016a-06-03.png,it
i_a01-000x-01-04.png,Peers
i_e04-079-01-01.png,to
i_c04-080-02-02.png,DELIGHTFUL
i_d04-053-03-02.png,the
i_d01-049-05-05.png,part
i_b06-004-02-05.png,other
i_c02-078-00-02.png,a
i_a05-029-06-02.png,possible
i_d01-118-00-06.png,fragile
i_c02-056-02-04.png,charming
i_c04-044-05-03.png,long
i_d05-021-02-06.png,and
i_c02-026-07-04.png,sails
i_c06-083-04-07.png,company
i_a01-102u-01-07.png,is
i_e04-058-03-10.png,will
i_a06-057-01-09.png,Protests
i_c02-017-07-01.png,Father
i_a06-036-00-01.png,small
i_b05-038-07-06.png,means
i_b03-114-01-07.png,long
i_a01-053u-04-03.png,Bureau
i_b05-045-00-05.png,an
i_a05-009-00-04.png,meetings
i_c02-078-09-02.png,a
i_a05-025-08-05.png,who
i_c03-094a-01-03.png,Miss
i_c03-016a-02-06.png,room
i_a06-070-07-04.png,Macmillan
i_c03-000f-00-05.png,Shelagh
i_b06-087-04-04.png,it
i_e07-012-11-00.png,northwards
i_b05-032-05-01.png,the
i_a01-058x-03-01.png,said
i_b06-000-05-03.png,he
i_e04-124-02-01.png,vertical
i_a04-059-00-08.png,locate
i_a01-049x-06-04.png,Virginia
i_b01-136-03-00.png,for
i_c03-016e-00-00.png,But
i_a01-091u-00-08.png,doubt
i_a03-050-05-04.png,The
i_b04-162-07-04.png,patience
i_a01-122u-06-06.png,the
i_c02-000-01-03.png,eleventh
i_e07-061-02-06.png,very
i_d01-060-00-00.png,At
i_e01-018-03-03.png,about
i_a04-103-03-00.png,prevention
i_d04-005-00-07.png,asked
i_a01-014x-07-03.png,Mr.
i_a05-080-08-02.png,situation
i_b01-009-03-07.png,to
i_c03-003a-00-07.png,It
i_a01-058u-07-05.png,with
i_e02-100-05-06.png,the
i_d01-098-05-09.png,it
i_e04-099-04-05.png,one
i_c03-096d-04-03.png,he
i_b04-004-08-02.png,bowed
i_c04-160-02-00.png,believe
i_e06-030-04-05.png,not
i_e07-007-01-03.png,to
i_a01-003u-01-05.png,of
i_a04-010-00-05.png,information
i_c04-122-06-11.png,into
i_a04-072-05-02.png,beginning
i_d07-096-02-08.png,be
i_b05-074-09-02.png,as
i_d06-020-06-02.png,us
i_c03-000b-05-00.png,to
i_e01-018-01-02.png,Charles
i_b04-202-07-02.png,into
i_d07-096-02-05.png,(
i_e04-079-01-04.png,in
i_b01-004-03-03.png,the
i_d04-032-06-02.png,which
i_b05-083-04-01.png,word
i_d04-008-04-09.png,stylus
i_b01-033-04-00.png,of
i_b04-060-00-03.png,certain
i_a04-039-02-02.png,President
i_b01-113-03-09.png,he
i_a02-024-07-05.png,town
i_b01-136-06-00.png,without
i_c02-082-08-06.png,it
i_a05-073-00-05.png,short
i_c04-105-04-07.png,brings
i_c04-128-04-00.png,feather-weight
i_c03-003b-04-03.png,bring
i_a01-058u-05-03.png,that
i_b06-019-00-05.png,slow
i_c06-111-04-02.png,to
i_a01-026x-01-02.png,Commons
i_a04-047-06-02.png,unilateral
i_e06-037-08-06.png,seems
i_a04-072-05-01.png,the
i_b06-087-06-04.png,and
i_a01-058-09-05.png,Chancellor
i_e06-041-04-02.png,or
i_b06-068-07-07.png,abandon
i_a04-027-02-06.png,the
i_c01-009-04-02.png,Elegy
i_c02-017-03-05.png,church
i_a03-023-02-01.png,the
i_b06-090-05-04.png,go
i_b01-094-04-01.png,UN
i_a02-082-00-02.png,cases
i_b04-116-03-01.png,a
i_c04-050-02-08.png,with
i_b06-097-05-04.png,ascents
i_c02-056-03-05.png,1920
i_e02-094-06-02.png,a
i_b01-118-02-09.png,without
i_d04-028-05-06.png,Glory
i_b02-035-03-04.png,destruction
i_e01-035-05-01.png,by
i_a01-043x-01-05.png,defended
i_a01-007-06-00.png,Parties
i_c03-007b-00-06.png,Richardson
i_d03-117-07-08.png,both
i_d06-082-01-11.png,would
i_a05-044-00-00.png,The
i_d04-081-02-03.png,even
i_a04-103-08-04.png,East
i_c04-098-04-06.png,played
i_a01-003u-08-05.png,abolished
i_b04-121-01-00.png,be
i_b01-038-00-06.png,small
i_c03-021a-06-07.png,room
i_a03-043-06-00.png,of
i_b01-127-03-02.png,in
i_c03-007-05-06.png,head-stones
i_c03-087d-02-01.png,to
i_e01-022-00-01.png,indeed
i_a05-104-07-02.png,moral
i_c03-081b-00-05.png,committed
i_c04-039-08-02.png,crooks
i_b04-208-00-00.png,At
i_a01-096u-09-06.png,to
i_c03-081e-09-02.png,rare
i_c02-012-08-08.png,world
i_a03-066-05-00.png,would
i_a04-099-03-04.png,Earl
i_c03-007d-05-06.png,the
i_a06-020-03-06.png,have
i_a01-132x-03-03.png,which
i_a05-094-04-08.png,really
i_b06-049-05-03.png,Hopes
i_a01-058u-06-09.png,He
i_a01-072x-04-00.png,West
i_a06-110-02-03.png,by
i_b06-000-05-04.png,warned
i_a04-081-02-04.png,also
i_e02-000-01-03.png,in
i_b04-140-02-01.png,the
i_b02-045-03-09.png,of
i_d01-123-07-08.png,rebound
i_a02-116-01-05.png,of
i_a05-029-00-08.png,Richard
i_a01-077-01-07.png,tough
i_b04-195-00-04.png,up
i_a02-078-01-03.png,good
i_e02-091-05-02.png,done
i_a02-120-00-01.png,possibility
i_e06-041-08-04.png,just
i_b06-019-05-01.png,together
i_c03-094d-05-00.png,Aubrey
i_b06-100-03-01.png,revolution
i_a01-128u-09-00.png,service
i_d06-100-04-09.png,drag
i_d04-008-03-00.png,and
i_b04-187-01-05.png,Flanagan
i_e01-086-02-08.png,on
i_b06-053-00-04.png,felt
i_b01-057-10-03.png,and
i_a04-039-06-05.png,had
i_a01-014x-08-07.png,with
i_d06-063-00-03.png,when
i_c04-110-03-08.png,Stockton-on-Tees
i_a03-040-06-01.png,and
i_c03-003c-07-04.png,but
i_b04-000-04-03.png,Patrice
i_a01-058x-04-06.png,was
i_d06-037-04-02.png,this
i_b06-097-00-04.png,dressing
i_d01-052-06-00.png,wording
i_b01-018-00-05.png,society
i_b05-062-00-08.png,my
i_b02-013-01-02.png,off
i_a01-132u-05-06.png,on
i_c06-080-08-04.png,the
i_a02-024-04-05.png,24-strong
i_c01-066-00-04.png,did
i_a03-034-04-00.png,a
i_b01-038-06-07.png,help
i_e07-012-06-06.png,hold
i_c04-028-05-00.png,James
i_a06-152-05-07.png,latest
i_a02-027-07-07.png,on
i_d04-121-05-09.png,is
i_e01-107-01-08.png,results
i_a01-122u-09-06.png,be
i_a04-010-03-02.png,questions
i_a02-046-04-06.png,by
i_a02-020-05-01.png,riots
i_c03-094c-03-00.png,comically
i_d04-096-05-03.png,CHARAUSES
i_e01-107-01-04.png,To
i_a02-024-06-01.png,outside
i_d06-008-03-01.png,seeds
i_a01-007x-06-04.png,get
i_a06-114-03-02.png,a
i_c06-116-07-01.png,GRIDO
i_a04-010-07-04.png,on
i_a05-125-05-01.png,Old
i_e02-086-07-00.png,to
i_b05-088-03-06.png,minnows
i_c03-021e-07-00.png,and
i_c06-027-05-03.png,The
i_c03-084f-04-06.png,Week
i_c03-087c-00-01.png,went
i_a06-075-06-04.png,Sunderland
i_b01-049-03-03.png,marks
i_c03-094c-08-00.png,lavish
i_a01-107u-06-05.png,The
i_a01-003u-07-01.png,nominees
i_a05-013-01-03.png,Watkinson
i_e04-026-04-04.png,shown
i_b06-004-06-05.png,to
i_b04-047-05-04.png,rebellion
i_d01-118-00-00.png,Against
i_d04-125-01-02.png,Society
i_e06-030-03-07.png,of
i_e04-011-02-04.png,by
i_a04-066-02-06.png,saw
i_e07-012-01-02.png,dies
i_c06-027-03-05.png,this
i_a06-075-07-08.png,close
i_e06-041-00-00.png,The
i_a05-094-00-06.png,that
i_a01-107u-04-06.png,But
i_c02-012-05-00.png,chias
i_d01-024-05-02.png,before
i_a01-053u-06-00.png,he
i_a02-046-04-05.png,dispersed
i_d07-082-04-06.png,not
i_a03-071-02-07.png,information
i_c03-084f-03-03.png,Last
i_d06-082-00-00.png,If
i_a01-043u-06-08.png,tasks
i_d01-118-03-01.png,roll
i_b02-105-01-00.png,have
i_b01-057-00-01.png,CURIOUS
i_c03-000a-05-02.png,great
i_c03-000c-00-01.png,film
i_c03-094a-03-06.png,by
i_a02-020-05-07.png,the
i_b01-018-01-08.png,countries
i_d04-086-01-06.png,sealed
i_a02-072-03-10.png,Back
i_a02-078-07-02.png,among
i_c03-003a-01-02.png,in
i_b03-098-04-07.png,to
i_c03-000b-01-00.png,Taste
i_c03-081d-08-08.png,gives
i_a05-121-03-01.png,as
i_d06-060-09-00.png,century
i_c06-027-00-11.png,there
i_e06-026-04-03.png,to
i_b05-074-06-02.png,which
i_e04-068-04-00.png,I
i_c03-016d-00-08.png,and
i_a01-107u-03-04.png,good
i_a01-058x-07-01.png,more
i_a05-113-00-05.png,the
i_b03-092-05-00.png,but
i_c04-050-03-05.png,back
i_a05-125-00-02.png,CORRESPONDENT
i_c06-011-00-02.png,is
i_d06-008-03-00.png,the
i_a04-069-06-08.png,establishment
i_b01-073-09-00.png,more
i_e06-030-00-06.png,hand
i_e06-037-06-00.png,few
i_a01-107u-07-06.png,can
i_a01-049u-03-04.png,Weaver
i_b04-134-02-04.png,of
i_c03-021c-01-00.png,old
i_a05-009-01-03.png,has
i_a02-078-00-07.png,no
i_a03-014-07-00.png,Boun
i_a02-050-07-01.png,enough
i_a03-047-01-03.png,of
i_a01-087-05-05.png,dealt
i_e04-091-02-02.png,both
i_c04-017-00-09.png,to
i_a03-080-01-04.png,that
i_a06-051-01-05.png,side
i_e01-107-03-06.png,are
i_b06-068-01-00.png,Scarborough
i_d07-093-00-02.png,and
i_e01-025-03-03.png,Victorian
i_d06-027-01-05.png,whose
i_a02-086-01-01.png,repeated
i_b05-042-08-08.png,the
i_c04-050-02-01.png,so
i_b05-050-02-01.png,and
i_c03-016e-04-00.png,surroundings
i_a03-059-07-03.png,investment
i_c03-081a-01-02.png,in
i_a05-029-00-06.png,to
i_e04-103-00-02.png,up
i_c06-027-01-01.png,advantage
i_a01-007x-06-00.png,Rhodesia
i_b06-012-00-09.png,which
i_c03-081d-05-07.png,Johnstone
i_c04-160-02-07.png,would
i_b03-098-08-03.png,to
i_b05-045-09-07.png,Oxford
i_c06-058-06-02.png,the
i_b01-079-06-03.png,the
i_a03-027-07-04.png,the
i_a01-102u-02-03.png,increased
i_a01-049x-09-06.png,had
i_d07-085-00-04.png,follows
i_e06-030-03-00.png,of
i_b05-058-01-05.png,the
i_b06-075-08-06.png,and
i_d03-117-00-03.png,from
i_b01-089-09-06.png,more
i_a04-031-03-03.png,Dennis
i_b06-056-10-03.png,a
i_b01-122-01-06.png,It
i_e04-043-07-01.png,of
i_e04-109-02-07.png,Use
i_a04-006-04-01.png,other
i_a01-082u-03-03.png,Eisenhower
i_a02-062-05-02.png,including
i_a03-006-06-02.png,on
i_c03-003a-08-04.png,city
i_b04-107-06-06.png,was
i_e01-119-03-05.png,end
i_d01-098-03-03.png,the
i_e04-058-00-06.png,wooden
i_c06-111-04-04.png,American
i_d04-047-04-01.png,(
i_e02-082-02-00.png,are
i_e07-066-08-02.png,is
i_a06-014-03-04.png,working
i_a01-091u-03-01.png,the
i_a06-025-03-05.png,powers
i_a03-047-09-03.png,to
i_b04-162-01-04.png,in
i_e01-035-02-04.png,up
i_b04-034-02-02.png,deaths
i_c04-089-03-06.png,tacks
i_d07-085-00-08.png,once
i_b04-010-06-06.png,does
i_c03-084e-06-06.png,destructive
i_a01-122u-04-03.png,the
i_a01-087-04-07.png,Ps
i_a01-049x-08-05.png,had
i_a06-100-04-00.png,swamped
i_e02-014-01-04.png,be
i_a03-014-04-07.png,No
i_c03-081d-01-06.png,speak
i_a02-086-07-02.png,stop
i_a01-113u-06-01.png,was
i_a05-125-03-02.png,formed
i_b02-045-00-00.png,Formula
i_e02-025-05-04.png,of
i_e06-033-07-01.png,the
i_e04-109-05-07.png,grip
i_e06-041-03-02.png,waves
i_a01-038-09-03.png,growing
i_c04-105-04-02.png,is
i_a05-108-03-00.png,limited
i_b05-098-04-01.png,interest
i_d06-056-04-03.png,unable
i_c02-012-08-06.png,of
i_b05-045-07-05.png,wickets
i_a02-116-05-00.png,his
i_a05-121-03-04.png,against
i_b04-134-05-07.png,that
i_d06-037-07-05.png,a
i_c03-096a-02-06.png,effective
i_d01-060-03-00.png,the
i_e06-030-08-03.png,easterly
i_d07-089-02-05.png,thesis
i_d04-012-03-04.png,the
i_a04-006-02-08.png,surrender
i_b02-102-04-05.png,been
i_c04-116-00-08.png,of
i_c03-007b-00-01.png,A
i_a02-072-00-06.png,agree
i_e07-012-01-06.png,autumn
i_e02-100-04-10.png,not
i_b04-147-02-10.png,Finlay
i_c03-094c-04-03.png,father-in-law
i_e04-000-04-01.png,destructive
i_c03-007b-06-05.png,seen
i_e07-061-04-06.png,young
i_b05-055-01-12.png,stout
i_a04-027-02-07.png,Buckingham
i_a04-072-09-06.png,wages
i_a06-124-05-02.png,special
i_d06-072-08-06.png,builds
i_c06-000-04-00.png,never
i_e07-072-00-00.png,DESPITE
i_c06-058-03-05.png,of
i_b06-053-03-02.png,for
i_a06-110-01-00.png,Mr.
i_d01-118-02-05.png,text
i_b02-102-03-01.png,Berlin
i_a01-091-02-02.png,to
i_e04-052-01-02.png,of
i_a05-039-02-05.png,implies
i_d06-082-01-05.png,the
i_e06-000-06-06.png,at
i_a03-009-04-06.png,economic
i_b04-187-03-10.png,The
i_c06-052-01-11.png,skeleton
i_d04-131-04-04.png,the
i_a03-034-00-01.png,of
i_e07-072-06-06.png,they
i_b04-047-04-01.png,Mr.
i_a06-044-05-08.png,Mr.
i_d01-024-06-05.png,and
i_a06-090-08-05.png,chair
i_b01-009-04-04.png,the
i_d01-060-01-03.png,other
i_a06-004-02-02.png,not
i_b03-092-00-00.png,Comprehensive
i_e04-026-00-08.png,with
i_d04-062-01-11.png,might
i_c03-096e-03-06.png,ineffectuality
i_a01-003x-07-01.png,Labour
i_c06-005-04-02.png,of
i_d05-025-08-03.png,in
i_a02-027-00-08.png,strike
i_d05-008-06-03.png,in
i_e04-083-06-01.png,hull
i_a01-003u-04-01.png,that
i_c06-087-03-03.png,place
i_b03-087-02-06.png,and
i_a01-058x-06-01.png,would
i_b06-075-10-06.png,Government
i_d04-121-00-06.png,and
i_a01-077-07-02.png,for
i_c03-000b-03-00.png,Mr.
i_a04-006-01-06.png,of
i_b03-098-03-04.png,however
i_b03-109-00-01.png,it
i_c03-000d-06-02.png,from
i_d07-102-06-07.png,Levi
i_a06-008-05-09.png,Mr.
i_a01-026u-01-00.png,denied
i_e01-119-02-09.png,hook
i_a01-058u-03-04.png,yesterday
i_d04-012-07-05.png,Lord
i_c03-087d-01-04.png,subject
i_b06-049-02-03.png,been
i_a01-043-07-07.png,there
i_c02-030-04-03.png,streets
i_c06-100-03-02.png,(
i_b03-025-06-04.png,unitary
i_b06-093-07-05.png,all
i_c06-087-05-06.png,Banzie
i_c02-049-05-05.png,cinema
i_b06-036-04-07.png,Britain
i_a05-062-00-02.png,vigour
i_a06-025-06-07.png,But
i_d05-008-06-06.png,the
i_a05-099-06-05.png,atomic
i_d01-016-02-15.png,wrote
i_d06-050-01-07.png,of
i_a02-004-02-00.png,Instead
i_a02-046-02-00.png,drove
i_a01-117u-06-05.png,He
i_e02-091-07-00.png,certain
i_a02-008-07-02.png,arrange
i_a01-107-04-08.png,better
i_e02-018-04-04.png,top
i_c06-111-05-01.png,subject
i_d01-056-01-03.png,text
i_a02-017-06-04.png,wherever
i_c04-110-01-12.png,song
i_b04-175-01-01.png,they
i_a06-070-02-00.png,Government
i_d06-015-00-01.png,little
i_a05-108-03-04.png,rallied
i_b06-045-00-09.png,views
i_e06-037-03-01.png,slack
i_a03-050-08-00.png,by
i_a04-035-01-03.png,people
i_a06-070-04-04.png,of
i_b01-000-06-04.png,is
i_a01-128u-00-02.png,Brown
i_b01-038-05-06.png,have
i_b03-104-03-02.png,seems
i_d03-117-07-05.png,and
i_a05-004-08-05.png,plan
i_b04-116-05-03.png,now
i_d04-050-02-08.png,to
i_b05-079-08-04.png,Baltic
i_c03-096b-04-02.png,he
i_b04-116-01-07.png,up
i_b01-132-07-02.png,on
i_e04-004-01-10.png,will
i_b01-044-03-04.png,to
i_b01-049-01-08.png,In
i_a05-004-00-07.png,which
i_e02-082-00-02.png,point
i_d06-076-00-10.png,enable
i_e06-030-03-05.png,this
i_c04-056-02-02.png,were
i_a01-091u-08-06.png,of
i_d01-085-02-01.png,of
i_a06-124-00-03.png,squeeze
i_a04-103-02-06.png,the
i_a04-006-09-01.png,affairs
i_a01-132u-02-05.png,Government
i_a05-099-06-02.png,the
i_c02-012-05-06.png,to
i_a04-019-04-02.png,conference
i_c06-128-06-02.png,out
i_e01-062-05-02.png,diagrams
i_d04-101-00-11.png,want
i_b01-132-05-01.png,Ministers
i_b01-044-04-05.png,more
i_a05-121-08-03.png,was
i_d06-100-02-06.png,the
i_b06-082-07-04.png,American
i_d06-107-02-04.png,saying
i_d06-060-07-01.png,to
i_a05-053-07-01.png,was
i_e01-022-06-00.png,exquisite
i_d06-111-02-09.png,she
i_b01-057-05-01.png,that
i_e04-124-01-07.png,the
i_a01-132x-07-06.png,families
i_e06-003-04-05.png,the
i_b05-038-03-05.png,and
i_a01-000u-00-03.png,stop
i_d04-111-05-01.png,called
i_a05-048-05-04.png,the
i_b01-023-05-03.png,South
i_e02-094-05-00.png,work
i_c02-078-01-04.png,enormous
i_e07-066-00-02.png,Chronicle
i_a06-157-00-10.png,the
i_a04-089-06-07.png,that
i_a02-037-05-05.png,maintain
i_a05-025-08-03.png,Hull
i_b06-023-06-07.png,Matador
i_c03-003e-02-00.png,and
i_a01-117u-10-01.png,profits
i_a04-035-02-00.png,good
i_a03-014-01-01.png,Prince
i_b06-059-06-00.png,immediate
i_b06-042-09-03.png,Conference
i_d06-111-00-07.png,but
i_b01-038-05-05.png,which
i_b02-045-04-08.png,away
i_c03-021b-06-00.png,gift
i_b04-121-00-05.png,modify
i_a04-031-07-01.png,yesterday
i_a05-080-07-01.png,atmosphere
i_c03-096f-03-03.png,author
i_b06-090-05-06.png,record
i_b05-045-07-04.png,and
i_e04-026-01-02.png,from
i_a02-093-02-02.png,Scotland
i_a01-043u-07-07.png,discrimination
i_b06-015-01-05.png,for
i_e02-094-00-05.png,power
i_a04-031-01-05.png,returned
i_e04-086-00-05.png,stringer
i_d06-111-03-06.png,which
i_a01-030-07-01.png,to
i_d06-076-05-05.png,shops
i_a04-089-02-00.png,take
i_b05-032-00-04.png,New
i_d03-112-06-01.png,happier
i_b04-147-00-04.png,is
i_b06-064-03-05.png,decisively
i_b01-084-07-02.png,set
i_d06-027-07-01.png,are
i_d03-117-05-07.png,the
i_b01-057-05-04.png,would
i_a03-037-00-00.png,Last
i_c02-000-08-03.png,works
i_a02-024-03-02.png,be
i_b01-136-03-05.png,Royal
i_b06-090-06-01.png,Polaris
i_a06-100-04-03.png,labour
i_e01-092-00-05.png,A
i_a01-011u-04-04.png,to
i_a06-051-08-05.png,Fell
i_e07-072-09-00.png,obtained
i_a01-049x-03-04.png,once
i_c06-052-03-03.png,to
i_d04-066-00-08.png,than
i_d06-050-01-05.png,necessary
i_d05-040-03-11.png,be
i_b02-035-01-02.png,and
i_b05-067-00-13.png,I
i_d04-086-04-04.png,of
i_b03-114-04-02.png,of
i_c03-016d-09-05.png,his
i_b06-079-09-04.png,more
i_b06-036-03-02.png,militarists
i_c03-000c-03-03.png,Tony
i_a01-107-00-04.png,comprehensive
i_e04-022-00-06.png,slope
i_b05-083-02-09.png,compatriots
i_a04-072-07-03.png,should
i_b05-074-08-00.png,to
i_c04-004-02-04.png,bosses
i_a05-099-01-07.png,war
i_c06-027-00-00.png,It
i_b06-049-00-05.png,of
i_e07-003-02-03.png,is
i_c03-021c-01-08.png,homosexual
i_c04-023-01-04.png,yarn
i_a04-043-05-02.png,necessary
i_e04-109-04-09.png,hole
i_e07-007-02-00.png,birds
i_c03-096a-00-00.png,Only
i_d06-046-08-05.png,at
i_c02-003-03-02.png,the
i_c03-087f-03-01.png,left
i_d04-008-00-04.png,the
i_e04-132-02-02.png,arranged
i_e01-022-00-02.png,are
i_c04-156-02-02.png,Maxwell
i_e04-083-03-06.png,rest
i_a06-051-02-02.png,to
i_c03-081d-07-00.png,Dinsdale
i_a03-017-03-02.png,the
i_c03-081c-01-03.png,Irene
i_c02-007-06-05.png,the
i_b04-047-03-08.png,predecessors
i_c06-116-02-00.png,a
i_a01-107u-05-05.png,by
i_a05-069-05-01.png,of
i_d06-096-04-04.png,going
i_e01-113-06-00.png,pencil
i_e01-055-03-04.png,fringing
i_e02-018-03-07.png,squared
i_e02-074-02-05.png,itself
i_a04-072-06-03.png,party
i_a04-019-01-09.png,Laos
i_a02-111-02-02.png,views
i_b06-000-04-05.png,opposition
i_a05-062-06-01.png,lead
i_e04-132-03-00.png,resulting
i_a01-020x-01-05.png,which
i_a01-003-07-06.png,be
i_a01-043u-04-04.png,senators
i_e04-038-01-02.png,decides
i_b06-097-05-05.png,over
i_c03-096a-06-06.png,accents
i_e04-095-02-02.png,that
i_a03-006-08-00.png,conference
i_a01-058x-07-06.png,mention
i_e04-034-06-03.png,and
i_b05-055-01-10.png,with
i_a01-020x-07-02.png,the
i_b06-008-08-07.png,the
i_c02-017-02-07.png,a
i_a05-104-05-04.png,Algeria
i_a04-010-04-08.png,London
i_a03-017-00-07.png,to
i_a03-050-08-01.png,speech
i_a01-003x-08-03.png,prop
i_e02-014-05-00.png,of
i_b06-110-02-04.png,One
i_c06-000-01-06.png,for
i_c02-049-09-03.png,four
i_e01-029-02-05.png,cottons
i_a05-116-00-04.png,of
i_d06-003-00-04.png,laugh
i_a02-106-07-08.png,has
i_b01-127-04-00.png,do
i_b04-134-05-03.png,is
i_d06-046-01-04.png,There
i_a06-014-00-01.png,nodded
i_a03-014-02-03.png,Cambodia
i_d01-123-01-00.png,cannot
i_a06-114-08-05.png,a
i_e04-034-07-02.png,nursery
i_d04-096-05-07.png,that
i_a01-087u-08-04.png,first
i_c04-000-01-00.png,Vaughan
i_b06-056-01-00.png,Scarborough
i_a06-128-06-03.png,the
i_b05-038-06-02.png,completely
i_a06-039-00-05.png,of
i_a01-030-03-05.png,obligation
i_a02-000-04-04.png,last
i_c04-122-05-02.png,Corporation
i_b06-000-00-01.png,17
i_a01-053x-08-04.png,be
i_a01-082u-01-02.png,his
i_b06-012-03-03.png,Mr.
i_d01-060-01-04.png,texts
i_c03-003e-00-07.png,It
i_c06-128-07-02.png,A
i_d06-067-08-02.png,the
i_a05-104-06-03.png,said
i_e01-119-04-04.png,bring
i_b06-082-00-05.png,Crossman
i_c06-100-04-02.png,life
i_c03-007f-08-03.png,the
i_b06-100-04-02.png,aged
i_d01-019-00-00.png,There
i_a03-059-01-02.png,is
i_a01-113u-01-00.png,services
i_a03-027-08-06.png,as
i_c06-091-02-08.png,of
i_c06-083-01-03.png,too
i_a01-132-03-02.png,decided
i_c03-084e-06-00.png,the
i_c04-050-07-01.png,farce
i_b06-075-10-04.png,the
i_c06-005-01-05.png,door
i_c03-016d-00-09.png,an
i_a05-069-09-06.png,and
i_e02-018-01-03.png,the
i_c04-156-01-04.png,of
i_a06-064-07-04.png,Labour
i_c04-000-04-00.png,and
i_a03-017-02-03.png,indicate
i_a01-014-04-06.png,Roy
i_d01-052-06-02.png,It
i_d04-111-06-01.png,represent
i_c03-007d-01-02.png,town
i_a01-030u-06-02.png,with
i_a02-032-06-06.png,strikers
i_a03-037-01-01.png,governments
i_a06-051-00-03.png,cries
i_c03-003b-00-07.png,It
i_b06-082-04-03.png,date
i_e07-072-01-02.png,end
i_c02-017-00-00.png,Following
i_a06-020-03-05.png,I
i_b04-060-01-02.png,them
i_a03-073-08-06.png,for
i_c03-096a-03-04.png,of
i_c03-084b-07-03.png,ambition
i_c03-021d-06-03.png,need
i_b03-025-04-07.png,to
i_c03-084d-04-08.png,independent
i_a06-036-00-06.png,destroying
i_b06-090-00-02.png,policy
i_a01-043x-06-08.png,discrimination
i_c03-016d-08-04.png,Fanny
i_b03-109-00-04.png,that
i_d04-058-00-00.png,And
i_b06-036-01-07.png,keep
i_b03-092-02-07.png,Bills
i_a01-011u-09-06.png,change
i_e04-114-04-08.png,chine
i_b06-082-05-00.png,by
i_c02-082-05-02.png,Film
i_d07-096-02-11.png,the
i_c03-007a-02-03.png,it
i_c03-007b-05-07.png,to
i_d04-032-05-03.png,the
i_a02-120-06-01.png,the
i_e04-099-03-08.png,for
i_d07-100-05-01.png,familiar
i_e01-025-04-03.png,take
i_b01-118-06-01.png,a
i_b06-019-04-07.png,which
i_a05-099-08-05.png,easier
i_e04-099-05-01.png,other
i_a03-017-00-03.png,has
i_a03-071-00-09.png,reason
i_a01-082u-00-04.png,a
i_b06-110-04-05.png,were
i_a06-128-07-03.png,his
i_e01-092-01-04.png,which
i_b02-105-05-03.png,stations
i_b06-008-09-03.png,Nato
i_c04-004-01-00.png,old
i_a01-113-00-07.png,social
i_d06-060-01-06.png,in
i_d06-015-00-03.png,honesty
i_b02-097-05-10.png,have
i_d01-098-05-08.png,and
i_d06-091-08-03.png,say
i_b05-067-02-02.png,pleads
i_e01-119-00-00.png,2
i_b04-081-05-06.png,evenings
i_a04-072-03-04.png,Mr
i_a02-093-00-01.png,DICKIE
i_c04-122-02-04.png,by
i_c03-096d-03-00.png,action
i_e02-100-04-09.png,do
i_a01-003-02-02.png,the
i_b04-000-01-00.png,stands
i_a01-003u-09-00.png,that
i_a06-036-02-01.png,the
i_c03-016c-01-06.png,A
i_a02-037-08-07.png,likely
i_b06-090-06-06.png,German
i_a01-091-02-01.png,answer
i_d06-011-02-03.png,good
i_b04-034-01-08.png,man
i_a01-068u-06-01.png,rejected
i_c02-026-05-05.png,orgy
i_e02-094-04-00.png,is
i_e02-018-06-00.png,to
i_a02-000-07-01.png,no
i_e01-055-04-00.png,numerous
i_d04-028-02-11.png,is
i_a05-113-01-05.png,Research
i_b05-074-01-08.png,into
i_b03-087-01-00.png,agreement
i_a05-073-04-09.png,was
i_d06-050-00-07.png,She
i_a06-134-02-06.png,is
i_a03-037-05-00.png,one
i_a03-059-03-05.png,how
i_c06-047-06-06.png,was
i_a01-049u-07-05.png,closed
i_b05-050-03-04.png,of
i_b01-027-03-00.png,have
i_a05-058-06-02.png,position
i_c02-007-05-04.png,wrote
i_c03-081c-06-07.png,and
i_c06-027-05-04.png,Pigsty
i_a06-044-01-09.png,thing
i_a01-053u-07-06.png,committee
i_e01-119-05-04.png,hook
i_a06-064-05-04.png,were
i_c03-087b-05-01.png,could
i_b06-075-09-08.png,which
i_b01-044-03-06.png,as
i_e04-000-00-09.png,the
i_d03-112-04-05.png,a
i_a01-038x-00-04.png,two
i_b04-066-03-03.png,industry
i_b05-098-07-04.png,reprieve
i_e04-099-06-10.png,thwarts
i_d01-052-03-02.png,have
i_a06-004-06-04.png,those
i_d04-037-03-00.png,you
i_d04-032-05-04.png,Altar
i_b01-122-05-02.png,should
i_a02-082-02-06.png,the
i_c06-106-06-06.png,to
i_b06-087-08-04.png,or
i_c03-007c-03-01.png,wet
i_b06-015-00-04.png,the
i_e04-022-06-07.png,off
i_e01-014-06-03.png,gown
i_a02-000-00-07.png,brains
i_a03-054-04-02.png,It
i_c04-004-00-11.png,in
i_e02-074-01-02.png,reasons
i_d01-123-03-02.png,whole
i_c06-047-06-03.png,spring
i_e04-000-07-03.png,finish
i_b01-113-05-08.png,back
i_b06-036-00-00.png,Now
i_a02-004-06-03.png,who
i_c02-000-04-09.png,The
i_e06-030-02-06.png,succession
i_a03-011-02-05.png,of
i_b06-082-01-05.png,new
i_e01-032-05-02.png,collar
i_e02-074-09-02.png,certain
i_a04-006-00-06.png,he
i_a01-020u-01-00.png,at
i_a03-027-05-03.png,80
i_a01-063u-05-09.png,aid
i_e06-030-02-02.png,have
i_c02-026-00-04.png,story
i_e01-107-04-03.png,use
i_b04-010-06-04.png,this
i_c03-096f-04-02.png,which
i_b06-110-02-07.png,board
i_d07-082-03-02.png,passage
i_a03-030-04-02.png,concentrate
i_e04-132-02-01.png,be
i_b06-056-07-03.png,the
i_b01-053-06-05.png,currency
i_c03-016c-09-02.png,bear
i_a04-031-09-06.png,for
i_d04-005-06-07.png,the
i_b06-068-08-05.png,and
i_a02-102-02-05.png,kneeling
i_b06-056-10-06.png,unions
i_d06-000-05-05.png,find
i_a01-049-08-07.png,letter
i_a06-004-00-00.png,Sir
i_a06-051-02-00.png,Fell
i_a01-087u-02-03.png,Powell
i_c03-007f-05-05.png,even
i_d05-025-01-04.png,Hamlet
i_e04-095-02-07.png,Ensure
i_e04-109-02-09.png,head
i_a02-024-05-01.png,Accra
i_a02-082-06-06.png,month
i_b05-045-02-06.png,be
i_c03-081c-05-00.png,Johnstone
i_e01-081-05-09.png,Remove
i_a01-068u-02-00.png,without
i_b01-113-00-00.png,ONLY
i_c03-081e-06-02.png,few
i_a05-121-02-01.png,condemned
i_a01-128-05-07.png,cuts
i_a05-017-10-00.png,three
i_c03-087c-01-05.png,to
i_a02-090-01-05.png,followers
i_a01-072u-06-05.png,increase
i_a01-049-02-01.png,it
i_a06-095-05-01.png,Market
i_a03-037-05-10.png,in
i_a06-020-01-03.png,to
i_e06-021-05-06.png,not
i_a01-007u-00-03.png,13
i_a03-034-00-04.png,are
i_e04-026-03-02.png,in.
i_a02-037-08-08.png,to
i_d07-082-00-03.png,the
i_e04-022-01-09.png,mark
i_a05-104-07-03.png,attitudes
i_a04-092-04-06.png,the
i_a04-015-01-13.png,second
i_a01-030x-01-06.png,at
i_c03-094d-00-01.png,William
i_c03-007e-05-06.png,worn
i_b03-098-08-05.png,general
i_a01-003u-08-02.png,Lords
i_c03-096c-07-01.png,tradition
i_b03-087-01-01.png,is
i_e02-117-08-01.png,who
i_b06-056-02-03.png,overturn
i_a02-093-05-06.png,is
i_a06-051-02-07.png,he
i_c03-003f-05-01.png,bring
i_b04-202-00-04.png,often
i_b06-087-00-04.png,way
i_d01-085-03-05.png,would
i_b01-094-05-07.png,formerly
i_c03-081d-05-00.png,not
i_a02-067-00-02.png,required
i_c02-017-06-01.png,to
i_a01-113u-07-03.png,and
i_a03-063-08-00.png,salve
i_a03-050-02-00.png,still
i_a03-040-04-05.png,if
i_e04-043-06-02.png,outboard
i_e04-038-03-07.png,the
i_e04-004-06-03.png,if
i_c04-116-02-07.png,Tin
i_d01-019-00-13.png,of
i_a01-102u-03-09.png,on
i_c03-094b-02-08.png,Maxwell
i_e02-025-09-02.png,to
i_a01-087u-03-04.png,with
i_b06-093-01-00.png,end
i_a01-003x-07-06.png,steps
i_a05-058-00-05.png,rattled
i_b05-050-02-00.png,bats
i_e07-000-05-01.png,stench
i_a04-096-02-07.png,would
i_c04-139-01-08.png,The
i_b02-013-02-05.png,a
i_d04-075-09-03.png,I
i_b01-038-03-02.png,which
i_a04-089-03-02.png,which
i_e04-011-03-00.png,the
i_d01-085-04-08.png,ancient
i_c06-138-04-02.png,to
i_e04-114-02-10.png,you
i_e01-119-01-03.png,long
i_d07-082-02-03.png,necessary
i_b04-089-03-01.png,market
i_a03-050-06-02.png,he
i_b06-082-03-03.png,nuclear
i_a06-014-05-08.png,only
i_b05-079-03-01.png,of
i_e06-033-07-07.png,river
i_d06-000-04-00.png,to
i_b06-093-00-04.png,campaign
i_c06-100-06-12.png,girl
i_c03-016d-09-00.png,who
i_a06-152-07-01.png,into
i_d01-123-02-02.png,his
i_a06-152-02-04.png,regime
i_b02-105-03-02.png,has
i_c04-050-04-06.png,bright
i_b01-122-05-00.png,South
i_c03-096d-07-03.png,act
i_e04-095-06-02.png,plane
i_e06-026-08-00.png,with
i_d04-086-04-02.png,a
i_a04-031-00-03.png,and
i_d03-117-07-04.png,...
i_d01-080-01-05.png,sometimes
i_a03-073-05-06.png,in
i_a06-044-05-04.png,close
i_a01-014x-07-05.png,Greenfield
i_b04-128-04-09.png,per
i_b02-013-06-04.png,seem
i_e07-066-08-01.png,mantis
i_a01-011-06-00.png,Mr.
i_c03-094e-08-03.png,in
i_c03-021c-08-05.png,are
i_a05-073-09-02.png,could
i_a05-039-02-01.png,Prime
i_c01-014-09-07.png,trait
i_c04-061-05-07.png,Whitehall
i_c06-043-07-00.png,heard
i_a01-038x-04-08.png,with
i_c04-134-03-06.png,a
i_e07-061-01-04.png,mantis
i_b04-040-04-06.png,HENRY
i_e02-000-05-09.png,is
i_a05-009-03-00.png,Ministers
i_a05-013-06-06.png,National
i_a01-053u-08-03.png,Mr.
i_d06-063-05-02.png,simplicity
i_b01-014-00-09.png,South
i_a01-113-02-07.png,absolutely
i_c03-084e-05-03.png,Mr.
i_d04-005-06-03.png,the
i_c06-083-00-01.png,also
i_d07-096-06-06.png,in
i_b01-023-01-04.png,to
i_a04-031-04-05.png,must
i_a06-134-02-10.png,the
i_b05-098-03-00.png,flection
i_c02-000-00-07.png,fatal
i_a06-000-00-03.png,may
i_b06-068-09-03.png,sharp
i_b01-023-05-00.png,And
i_b01-049-00-03.png,stayed
i_a06-051-06-02.png,more
i_a06-147-04-00.png,of
i_a01-122u-01-05.png,sick
i_d07-102-07-04.png,theme
i_e06-006-02-05.png,of
i_b04-075-02-04.png,weather
i_a05-121-06-03.png,for
i_e04-132-00-05.png,made
i_d06-003-05-07.png,through
i_e04-030-04-09.png,that
i_a03-030-06-04.png,comes
i_b04-140-08-05.png,policies
i_a02-053-01-05.png,honours
i_a06-095-02-06.png,Common
i_c06-091-00-02.png,hereabouts
i_a03-017-01-07.png,by
i_b02-013-04-02.png,run
i_b01-000-04-02.png,London
i_c03-000b-02-06.png,and
i_a03-034-07-02.png,and
i_a04-096-06-04.png,possibility
i_a01-003x-05-02.png,now
i_a03-009-04-02.png,on
i_a06-014-00-05.png,and
i_e01-107-02-06.png,the
i_c04-098-05-05.png,looks
i_e01-119-06-00.png,(
i_e07-012-08-02.png,Dr.
i_e04-127-01-07.png,greatly
i_d04-016-03-01.png,against
i_d04-050-04-01.png,himself
i_d04-096-03-09.png,we
i_b03-025-06-01.png,not
i_b04-147-04-02.png,trenches
i_b05-062-03-08.png,blood
i_a01-020-03-02.png,Africans
i_e02-100-02-10.png,good
i_a01-026-09-00.png,Mr.
i_c02-030-03-03.png,shows
i_d07-089-03-06.png,R.
i_a05-094-00-00.png,The
i_c03-094d-02-04.png,palely
i_b04-121-00-08.png,Rhodesia
i_b06-100-03-03.png,Out
i_b06-075-03-05.png,the
i_c02-003-05-05.png,his
i_c01-014-03-04.png,to
i_d04-008-02-10.png,Cherubim
i_b04-034-00-06.png,with
i_c06-095-04-03.png,old
i_a01-030x-03-01.png,no
i_b05-079-04-02.png,between
i_b01-084-07-06.png,this
i_a06-036-02-02.png,preparations
i_b01-127-05-00.png,minority
i_d06-091-02-00.png,they
i_a06-075-06-01.png,(
i_c04-066-01-03.png,different
i_a02-067-06-01.png,his
i_e01-081-02-03.png,crochet
i_e02-100-05-04.png,tools
i_b04-004-06-05.png,themselves
i_d07-102-04-03.png,of
i_a04-035-05-04.png,by
i_b01-084-00-02.png,the
i_a06-025-05-01.png,rejected
i_d01-123-05-00.png,in
i_a01-087-00-01.png,Brown
i_a02-072-04-01.png,Press
i_a06-025-00-05.png,Five
i_d06-072-05-06.png,ever
i_d04-008-02-09.png,the
i_c02-000-09-00.png,can
i_b06-036-05-05.png,key
i_a01-000u-00-06.png,from
i_a04-092-09-04.png,generated
i_b01-084-02-05.png,take
i_e04-127-03-00.png,undercoat
i_c02-049-00-06.png,received
i_a02-120-05-02.png,last
i_c02-035-01-08.png,far
i_e01-062-06-08.png,essential
i_b04-010-05-00.png,but
i_e02-082-03-08.png,the
i_a05-039-02-04.png,This
i_d06-015-03-05.png,not
i_a05-094-03-06.png,welcome
i_b06-056-07-02.png,that
i_b04-066-03-07.png,knees
i_c02-007-08-03.png,abstraction
i_a04-015-06-00.png,economic
i_e06-006-09-05.png,Norwegian
i_b02-045-00-04.png,appeared
i_e07-072-02-01.png,in
i_a03-080-09-00.png,under
i_e06-070-00-07.png,no
i_e04-124-06-04.png,block
i_b05-017-02-01.png,Anybody
i_d06-041-00-01.png,mind
i_c06-005-03-07.png,are
i_b01-113-04-04.png,good
i_a04-031-01-02.png,Mr.
i_a05-104-09-00.png,bingo-parlour
i_c03-021d-07-06.png,and
i_a01-072x-00-06.png,drain
i_e04-103-04-09.png,centre
i_e04-114-00-05.png,ready
i_b04-075-02-10.png,for
i_a02-000-07-03.png,than
i_a03-006-01-08.png,the
i_a04-092-10-02.png,policy
i_a01-030x-01-05.png,not
i_e06-026-04-00.png,are
i_b04-107-00-03.png,must
i_c03-016b-08-08.png,to
i_a01-053x-06-04.png,post
i_a02-120-02-02.png,whole
i_c03-094a-06-06.png,set
i_b05-017-04-06.png,boat-train
i_e06-049-02-00.png,that
i_b03-104-08-01.png,reason
i_a05-029-07-03.png,For
i_d03-117-05-08.png,Moabite
i_b03-087-00-11.png,before
i_a02-120-10-00.png,of
i_e06-041-05-01.png,films
i_e06-070-00-02.png,seine
i_b02-102-06-04.png,returned
i_c03-003b-05-01.png,Fanny
i_c06-027-00-06.png,to
i_a03-073-02-03.png,can
i_e01-022-06-02.png,of
i_a02-032-04-00.png,of
i_d04-075-08-01.png,Eleasar
i_a05-058-05-03.png,Council
i_a05-000-02-00.png,contain
i_c06-128-00-02.png,March
i_c02-082-01-00.png,in
i_b01-089-00-04.png,in
i_d06-056-08-03.png,patient
i_c03-000f-06-04.png,from
i_a06-147-03-10.png,hours
i_c03-000c-04-03.png,Delaney
i_d04-086-01-09.png,four
i_b01-084-05-05.png,to
i_a05-000-00-03.png,Paper
i_d04-008-02-02.png,of
i_a01-030-06-02.png,Roy
i_d06-020-08-06.png,get
i_b02-013-02-04.png,of
i_c03-081d-04-02.png,but
i_e06-010-04-07.png,cannot
i_a02-050-01-09.png,been
i_a05-073-00-02.png,most
i_b01-122-00-07.png,Dr.
i_a05-013-05-05.png,all-Regular
i_a02-057-00-04.png,were
i_c06-027-04-05.png,Irish
i_b03-104-05-02.png,is
i_c03-084e-02-04.png,over-emphasizing
i_a01-026-01-03.png,last
i_c06-138-09-00.png,and
i_d01-080-05-09.png,Gospel
i_a03-009-03-03.png,which
i_b05-071-02-02.png,the
i_a01-053-02-00.png,listed
i_e01-119-01-05.png,of
i_d07-102-00-07.png,the
i_e02-021-05-02.png,surfaces
i_a03-017-07-03.png,north
i_b06-064-06-03.png,the
i_a04-006-01-00.png,wanted
i_c04-066-02-02.png,good
i_c04-050-06-07.png,COP
i_c04-089-03-12.png,so
i_a02-086-05-05.png,his
i_e06-003-05-07.png,the
i_c03-007d-08-04.png,story
i_a03-014-05-06.png,but
i_e01-022-05-03.png,possessions
i_d06-056-04-00.png,As
i_a04-035-07-01.png,from
i_a01-082u-09-01.png,personality
i_a04-027-04-06.png,be
i_d06-041-01-09.png,proved
i_b06-042-07-07.png,the
i_a03-017-02-01.png,Phnom
i_a04-072-10-02.png,major
i_a02-027-05-02.png,not
i_a02-098-06-08.png,the
i_e01-113-02-04.png,short
i_a01-122u-04-06.png,drugs
i_a06-119-03-04.png,brought
i_a02-032-02-08.png,beginning
i_a01-102u-08-04.png,of
i_a01-053x-08-06.png,by
i_c02-082-08-02.png,by
i_a05-044-06-01.png,Leader
i_c02-030-08-02.png,of
i_e04-043-04-02.png,approximately
i_a06-100-03-10.png,be
i_a04-069-05-03.png,of
i_b06-110-04-02.png,of
i_c03-021d-05-05.png,comforter
i_a05-121-01-02.png,Left-wing
i_a01-038-11-05.png,the
i_c04-105-04-09.png,to
i_c03-003e-01-03.png,terms
i_c04-160-00-04.png,more
i_c04-066-00-11.png,got
i_c02-049-05-04.png,American
i_e04-043-04-00.png,and
i_a04-035-05-02.png,who
i_e06-015-07-04.png,hundred
i_e04-022-01-04.png,the
i_d04-012-00-06.png,a
i_a01-043u-04-05.png,of
i_e06-000-03-03.png,the
i_c06-039-06-08.png,you
i_d06-027-04-02.png,life
i_d06-025-02-06.png,plan
i_a01-058x-01-01.png,over
i_e07-007-06-02.png,Advertisements
i_c04-105-03-07.png,his
i_b04-162-02-03.png,carried
i_c04-122-07-00.png,V
i_d06-086-07-04.png,we
i_e02-117-06-02.png,shown
i_a05-116-00-03.png,reminiscent
i_c03-016e-08-06.png,in
i_e02-094-06-05.png,advice
i_c04-144-06-06.png,a
i_c03-084d-07-04.png,power
i_e02-000-05-07.png,a
i_b06-042-01-04.png,seeks
i_e04-030-01-07.png,1/2
i_c03-096f-00-07.png,arose
i_e02-000-00-00.png,A
i_c03-087a-01-04.png,by
i_c03-021a-00-01.png,Fanny
i_a06-057-00-12.png,be
i_d01-056-08-07.png,greatest
i_a04-072-04-03.png,that
i_e02-117-02-06.png,perfectly
i_a02-053-04-02.png,members
i_e04-038-01-06.png,chair
i_e06-015-03-05.png,to
i_e02-014-00-00.png,For
i_c02-003-01-02.png,to
i_b05-079-08-06.png,were
i_c04-116-01-15.png,and
i_b02-097-02-00.png,that
i_b01-073-05-02.png,The
i_b04-134-00-05.png,greater
i_a03-011-00-07.png,of
i_b04-154-02-05.png,his
i_e02-091-04-06.png,jobs
i_b04-107-02-05.png,and
i_d06-104-08-03.png,the
i_b06-075-08-02.png,trained
i_d04-028-05-08.png,the
i_c04-160-05-05.png,mystery
i_d04-117-04-07.png,partake
i_c03-000f-01-06.png,at
i_b06-100-01-03.png,technical
i_a01-014x-04-05.png,Sir
i_b01-089-00-05.png,the
i_d05-030-06-01.png,Jesuit
i_a01-000x-03-04.png,a
i_c02-082-04-04.png,last
i_a02-102-07-03.png,she
i_e04-058-02-00.png,Fig.
i_b04-169-03-02.png,get
i_d04-050-01-01.png,visionary
i_d06-086-02-01.png,than
i_b02-035-10-07.png,be
i_b06-036-04-09.png,?
i_a02-116-02-05.png,for
i_e01-032-05-01.png,a
i_a05-121-04-05.png,against
i_c03-003b-03-02.png,of
i_d01-024-00-03.png,who
i_c03-003a-03-00.png,of
i_e04-004-05-12.png,height
i_d04-075-00-06.png,on
i_a05-048-00-03.png,closed
i_a01-026-08-06.png,talks
i_e06-000-02-05.png,that
i_b04-107-06-05.png,Commission
i_b04-054-03-03.png,defend
i_b04-075-04-03.png,Park
i_a06-141-00-05.png,wonder
i_a02-072-01-08.png,he
i_b06-036-01-08.png,the
i_a01-030u-06-04.png,British
i_e04-022-03-02.png,These
i_c03-007d-05-05.png,even
i_c03-094d-08-04.png,efficiency
i_a01-003-04-01.png,the
i_b01-009-03-04.png,be
i_d01-098-05-10.png,was
i_a02-046-01-03.png,man
i_c04-116-00-04.png,director
i_d01-019-02-10.png,accident-prone
i_b06-068-10-01.png,is
i_a03-047-06-01.png,the
i_c03-096a-06-05.png,odd
i_b05-042-07-06.png,one
i_d06-107-08-03.png,young
i_e01-107-00-01.png,size
i_c04-023-02-02.png,persuade
i_b01-027-07-03.png,and
i_b04-187-03-04.png,know
i_a01-026u-04-01.png,conference
i_c03-081f-01-01.png,error
i_a04-096-03-05.png,to
i_e04-091-02-05.png,same
i_d01-052-03-01.png,who
i_a02-032-01-03.png,down
i_a03-071-05-00.png,and
i_a01-030-07-03.png,round
i_e01-050-03-09.png,it
i_a02-098-07-00.png,of
i_d06-050-04-01.png,mind
i_b01-038-08-02.png,Germany
i_b01-014-04-05.png,that
i_a04-006-02-05.png,meant
i_a04-089-01-06.png,he
i_a02-106-08-02.png,rights
i_a01-020-08-03.png,Chiefs
i_c03-021e-00-05.png,is
i_e06-026-06-03.png,blown
i_c06-087-03-10.png,an
i_a01-011u-08-04.png,Iain
i_c03-096f-04-04.png,had
i_b06-012-04-07.png,question
i_b05-074-02-07.png,and
i_e07-066-04-04.png,dozen
i_a01-007u-00-04.png,Labour
i_c06-116-04-03.png,script
i_c03-007c-02-04.png,live
i_c03-003e-03-05.png,the
i_a01-014x-05-06.png,There
i_a03-009-00-05.png,in
i_d01-123-03-00.png,while
i_a01-053u-06-05.png,service
i_c06-043-07-05.png,newspapers
i_a04-000-01-00.png,on
i_e01-025-05-07.png,lovely
i_b05-050-06-00.png,these
i_a05-009-05-03.png,worked
i_e02-074-01-08.png,and
i_c03-007c-01-06.png,of
i_c03-084e-00-05.png,quietly
i_a01-132-06-05.png,Answering
i_a01-007u-03-06.png,but
i_a04-059-02-09.png,sited
i_c02-012-01-02.png,be
i_c03-016a-04-05.png,something
i_c03-000e-07-03.png,apparent
i_c04-035-07-03.png,to
i_e04-015-04-03.png,pinned
i_d04-016-04-04.png,the
i_c04-116-01-05.png,Tolchard
i_c03-096b-04-05.png,them
i_a05-025-03-02.png,of
i_a03-023-00-03.png,the
i_a05-094-09-05.png,he
i_a01-003u-05-01.png,Bill
i_b04-075-00-11.png,is
i_e04-015-04-02.png,panel
i_e04-086-04-01.png,spruce
i_c04-128-00-09.png,at
i_e02-094-00-02.png,we
i_a01-068u-09-01.png,in
i_b06-012-02-02.png,the
i_b06-093-09-04.png,doubtful
i_a01-063u-04-07.png,Washington
i_a05-022-05-07.png,over
i_a04-103-08-03.png,both
i_a04-027-02-10.png,and
i_b01-014-03-00.png,On
i_b01-033-00-04.png,the
i_b06-087-05-06.png,decisions
i_a04-043-04-06.png,that
i_d04-021-02-03.png,the
i_c04-056-04-06.png,moved
i_c06-052-04-05.png,his
i_b04-026-06-06.png,it
i_a04-003-01-00.png,President
i_c03-096c-04-03.png,One
i_b06-097-04-09.png,into
i_a05-044-00-02.png,of
i_c03-096e-06-05.png,act
i_a01-063u-08-00.png,quickly
i_a03-063-06-00.png,Stated
i_d01-052-02-01.png,represents
i_c03-016a-07-08.png,in
i_b04-075-01-08.png,to
i_e04-127-01-00.png,with
i_c03-007e-03-01.png,and
i_a06-095-06-05.png,imparted
i_c06-005-03-04.png,bottle
i_a01-113u-05-00.png,nor
i_d07-089-06-07.png,here
i_a06-020-04-06.png,my
i_d06-037-05-06.png,in
i_b06-097-04-04.png,techs
i_b06-059-08-06.png,a
i_b05-042-03-04.png,into
i_d01-085-05-06.png,column
i_c06-020-02-00.png,flower
i_a06-014-04-04.png,of
i_d07-100-03-07.png,at
i_a04-085-00-04.png,T.U.C.
i_a01-030u-05-06.png,final
i_c04-098-02-01.png,crazy
i_d04-053-06-00.png,eat
i_d07-082-06-00.png,R.
i_c04-089-06-11.png,of
i_c03-021d-08-06.png,to
i_b06-110-03-00.png,offered
i_a03-050-04-00.png,His
i_e04-062-07-07.png,sale
i_a06-057-04-05.png,supporter
i_a04-000-03-00.png,House
i_d04-016-02-07.png,him-
i_c03-094e-06-00.png,they
i_d06-046-09-03.png,calls
i_b04-026-01-12.png,American
i_d06-100-02-07.png,dullness
i_d05-040-02-11.png,respected
i_d04-028-04-00.png,through
i_d04-096-03-03.png,13
i_d04-053-09-01.png,yourself
i_d07-082-01-00.png,texts
i_a05-089-01-03.png,speech
i_a02-027-02-07.png,The
i_d06-003-01-07.png,fears
i_c04-105-04-00.png,And
i_e01-032-09-06.png,were
i_d06-086-01-08.png,routine
i_e04-091-00-05.png,this
i_b01-044-06-02.png,been
i_c06-043-09-02.png,disorderly
i_a04-031-00-05.png,in
i_c04-066-00-09.png,you
i_d07-082-03-04.png,it
i_c03-081d-01-05.png,to
i_d06-011-08-00.png,later
i_b01-084-05-07.png,peace
i_c04-144-05-08.png,a
i_b02-013-03-04.png,that
i_b01-062-04-04.png,truth
i_c06-011-01-01.png,two
i_a06-119-02-01.png,by
i_c03-084c-00-03.png,production
i_d06-003-05-08.png,them
i_d04-096-04-09.png,sweet
i_c03-094f-01-00.png,tively
i_b04-054-02-07.png,will
i_d04-053-04-09.png,course
i_d04-050-01-04.png,not
i_a01-003x-01-00.png,large
i_b02-105-02-04.png,the
i_e01-014-03-05.png,to
i_a01-053u-07-01.png,his
i_c03-007-03-00.png,and
i_a06-119-01-02.png,week
i_a01-102u-05-00.png,needs
i_d06-107-07-02.png,dull
i_c03-094e-07-03.png,but
i_c03-081e-04-02.png,but
i_a04-096-06-01.png,is
i_c02-012-01-05.png,He
i_b04-140-02-03.png,he
i_b04-040-02-14.png,John
i_a06-051-05-00.png,minutes
i_a01-049-03-01.png,Weaver
i_d04-047-01-04.png,solve
i_c02-026-02-08.png,his
i_d05-021-07-05.png,Authorized
i_d04-131-03-01.png,out
i_e06-006-01-01.png,light
i_e06-041-06-03.png,trawl
i_a06-000-00-07.png,plans
i_a01-007x-03-06.png,remains
i_d06-091-06-03.png,on
i_e02-074-01-07.png,good
i_a01-128-01-00.png,a
i_b05-045-01-00.png,factory
i_c06-000-05-05.png,Behan
i_a01-117-07-06.png,making
i_a06-057-00-05.png,Fell
i_c03-087c-01-03.png,by
i_c02-056-01-05.png,the
i_a02-106-09-01.png,association
i_d06-104-09-00.png,would
i_a01-049u-02-03.png,was
i_c03-081f-02-06.png,altogether
i_d04-089-05-02.png,bitterness
i_d06-000-02-04.png,to
i_a04-027-02-03.png,time
i_b04-066-00-04.png,the
i_d07-100-08-07.png,it
i_c03-003d-02-01.png,again
i_a03-017-01-05.png,statements
i_a03-017-08-03.png,south
i_a02-024-07-04.png,in
i_c03-094c-06-04.png,played
i_d04-071-07-02.png,Sanh.
i_c03-081d-09-01.png,performance
i_b04-054-05-01.png,bet
i_e01-107-08-04.png,can
i_e04-079-05-01.png,not
i_d06-096-02-07.png,to
i_a05-048-10-02.png,of
i_a05-084-08-00.png,of
i_d01-049-02-11.png,exactly
i_b01-053-06-03.png,solution
i_a02-050-03-04.png,worthy
i_d06-091-07-08.png,If
i_b06-027-08-05.png,caused
i_a01-011u-08-01.png,Secretary
i_a05-053-04-08.png,to
i_b01-118-05-01.png,in
i_b04-187-05-06.png,great
i_a01-128u-02-04.png,joined
i_d07-089-04-01.png,thesis
i_d06-104-10-00.png,3
i_c02-000-01-05.png,International
i_e06-030-07-00.png,but
i_d04-101-00-05.png,at
i_b04-004-01-00.png,has
i_e02-018-05-03.png,straight-edge
i_a02-102-02-06.png,at
i_a04-027-01-04.png,the
i_a01-007-04-00.png,Labour
i_c03-000c-01-02.png,of
i_e04-004-04-09.png,enable
i_c04-050-02-02.png,ago
i_d07-089-05-05.png,from
i_e04-004-02-09.png,piece
i_a05-017-04-03.png,in
i_a02-053-04-04.png,Earl
i_b04-096-04-02.png,at
i_d01-080-01-01.png,also
i_a06-090-06-06.png,point
i_b06-023-06-04.png,including
i_b01-049-02-02.png,of
i_b04-103-04-07.png,if
i_d06-096-05-03.png,to
i_c03-094a-05-06.png,they
i_b06-036-00-06.png,that
i_d06-072-08-05.png,it
i_e01-119-03-00.png,from
i_a03-043-04-03.png,cent
i_a01-132u-02-04.png,The
i_b04-181-04-00.png,now
i_e06-070-09-03.png,would
i_d05-021-00-07.png,had
i_d07-082-00-07.png,further
i_c04-066-02-10.png,guitar
i_a06-134-00-02.png,to
i_a02-072-04-05.png,Clark
i_e04-109-04-03.png,ply
i_c03-094c-03-07.png,Mr.
i_a01-020-03-03.png,and
i_a02-124-02-06.png,posted
i_c03-007e-05-02.png,canals
i_a03-027-08-04.png,was
i_c06-116-00-00.png,Susan
i_a01-011-02-06.png,meet
i_b06-075-00-01.png,the
i_e01-102-03-05.png,and
i_a05-053-06-02.png,political
i_a01-102-09-05.png,fiddling
i_b06-027-09-02.png,disturbance
i_a02-032-01-05.png,The
i_d04-117-00-05.png,message
i_e04-022-06-04.png,its
i_c03-021b-04-05.png,and
i_c03-094d-03-06.png,always
i_a01-102-00-03.png,lifetime
i_c04-075-05-03.png,?
i_a04-027-00-06.png,to
i_e04-068-03-01.png,is
i_a01-000u-06-04.png,Manchester
i_e01-102-00-02.png,texture
i_c04-039-01-01.png,HOUSTON
i_a01-053-10-01.png,sidered
i_d03-117-06-01.png,read
i_b06-071-05-00.png,that
i_a04-039-04-06.png,Austrian
i_a02-082-02-02.png,creating
i_d06-008-01-00.png,into
i_a06-025-00-03.png,demands
i_c03-084d-01-05.png,to
i_c02-000-09-06.png,of
i_b05-045-02-05.png,can
i_e01-092-02-00.png,are
i_b06-068-00-06.png,the
i_c04-134-03-01.png,plays
i_e04-124-04-03.png,the
i_b01-113-06-07.png,a
i_e02-025-05-05.png,the
i_a06-036-01-04.png,automatically
i_c03-084d-02-05.png,over-
i_a02-098-05-01.png,talks
i_a01-107u-07-07.png,do
i_e01-119-03-04.png,short
i_c03-000e-05-06.png,to
i_c02-022-06-02.png,and
i_a04-035-03-04.png,Brezhnev
i_c03-016a-06-07.png,clumsily
i_a01-077-00-02.png,since
i_a01-068u-03-01.png,say
i_d01-024-00-07.png,of
i_b02-013-04-04.png,greater
i_a05-025-06-05.png,completely
i_a06-057-04-01.png,effect
i_a06-025-01-00.png,Communists
i_e07-012-06-00.png,is
i_a04-000-01-06.png,the
i_d06-008-01-01.png,themselves
i_d06-041-01-04.png,body
i_b01-113-00-10.png,he
i_a03-006-07-02.png,for
i_b04-107-08-00.png,politicians
i_e06-021-07-00.png,accidental
i_b01-079-09-09.png,dangers
i_c03-003a-02-05.png,is
i_a06-152-06-04.png,Germans
i_a02-072-02-02.png,the
i_b05-058-00-07.png,plays
i_e01-092-05-07.png,It
i_c04-156-02-05.png,fine
i_c06-020-02-04.png,desert
i_b06-097-03-02.png,It
i_a01-072x-01-00.png,dollar
i_d01-060-03-04.png,the
i_b04-202-07-01.png,journey
i_e02-074-02-06.png,to
i_e01-092-07-06.png,crochet
i_c03-081e-03-04.png,her
i_b06-042-03-03.png,of
i_b01-113-01-06.png,spoken
i_b01-049-02-00.png,the
i_e06-070-08-05.png,whose
i_d04-071-03-03.png,children
i_b06-064-09-00.png,doubtful
i_a05-004-06-02.png,and
i_b06-032-03-05.png,country
i_c03-007c-00-03.png,of
i_b01-023-00-10.png,clings
i_b05-017-01-03.png,piece
i_a05-104-02-01.png,the
i_a01-026x-03-05.png,conference
i_a05-017-05-02.png,entirely
i_b03-109-00-02.png,be
i_e06-015-09-06.png,the
i_c03-081a-09-01.png,intelligence
i_c03-094e-02-00.png,always
i_d05-013-02-04.png,word
i_a01-007-03-08.png,it
i_a05-073-07-08.png,imposed
i_c06-027-01-04.png,one
i_d06-025-07-00.png,do
i_e04-011-06-01.png,easy
i_e04-038-02-00.png,to
i_b01-053-05-05.png,at
i_b01-136-01-00.png,be
i_b04-081-05-08.png,And
i_d05-025-05-07.png,made
i_c03-007d-04-00.png,play-grounds
i_c03-084a-03-00.png,them
i_c03-096e-01-02.png,appreciable
i_a04-089-08-07.png,to
i_e02-000-02-04.png,The
i_a05-025-01-03.png,mainly
i_b06-093-10-03.png,of
i_b05-083-06-00.png,themselves
i_b06-110-07-00.png,dockyard
i_a03-080-06-04.png,the
i_a01-043u-04-01.png,from
i_a01-122u-06-04.png,much
i_d06-025-04-04.png,That
i_b01-079-05-01.png,duty
i_a01-007-03-06.png,but
i_b02-102-05-06.png,harm
i_b04-054-02-09.png,expected
i_c03-081c-08-02.png,intelligence
i_c03-000b-01-04.png,at
i_e01-029-00-01.png,will
i_b01-044-05-08.png,of
i_a01-020x-03-01.png,the
i_a05-048-07-05.png,considered
i_a05-094-01-03.png,widely
i_a02-093-03-06.png,and
i_c04-128-03-06.png,see
i_e02-014-02-06.png,and
i_a06-014-06-03.png,deals
i_a04-010-02-04.png,afternoon
i_b03-025-03-03.png,together
i_b01-113-05-05.png,will
i_c04-056-01-07.png,so
i_d01-052-02-02.png,the
i_b03-098-05-06.png,backers
i_a01-026u-04-05.png,been
i_c02-078-06-10.png,sense
i_a01-068u-08-03.png,cost
i_a05-113-02-04.png,fall-out
i_b04-107-06-04.png,Monckton
i_b06-087-06-05.png,to
i_a01-020x-02-01.png,up
i_a06-124-01-02.png,arrange
i_d01-085-04-05.png,invariable
i_c03-000c-04-02.png,Miss
i_c03-084a-03-09.png,of
i_c01-066-06-05.png,mischief-
i_a05-113-00-07.png,that
i_b05-067-02-01.png,he
i_b06-097-05-02.png,or
i_e04-000-00-02.png,a
i_d06-050-02-09.png,as
i_c03-084e-05-09.png,morality
i_a01-072u-06-07.png,to
i_a04-050-02-00.png,allied
i_c02-089-01-03.png,Troy
i_a06-075-02-02.png,it
i_c01-009-04-04.png,Young
i_e02-100-04-07.png,way
i_c03-094a-04-00.png,events
i_b06-071-00-01.png,working
i_d06-076-04-05.png,and
i_d06-096-07-03.png,over
i_c03-003a-07-04.png,attempted
i_d06-111-00-05.png,either
i_a06-039-04-04.png,commanding
i_c06-087-03-06.png,of
i_a06-044-02-02.png,done
i_a02-053-04-01.png,intimidating
i_b01-079-06-05.png,unless
i_c03-016b-04-00.png,learns
i_c02-056-04-09.png,to
i_a04-031-02-05.png,of
i_a02-067-06-00.png,putting
i_d04-028-02-09.png,our
i_c06-058-02-01.png,draught
i_a03-009-02-00.png,in
i_e06-021-00-04.png,any
i_c06-106-05-07.png,she
i_d06-003-03-03.png,child
i_e06-049-06-06.png,speed
i_e04-004-00-02.png,making
i_a05-080-06-02.png,created
i_e01-107-02-00.png,it
i_c04-165-02-03.png,showed
i_a05-044-06-04.png,Opposition
i_c03-007d-08-01.png,part
i_d04-047-00-02.png,conditions
i_b03-104-03-04.png,matter
i_a01-113u-04-08.png,comfortable
i_c03-087b-04-01.png,him
i_e04-019-07-05.png,the
i_d06-000-07-05.png,it
i_a04-003-01-02.png,report
i_a05-000-06-05.png,to
i_b04-181-03-00.png,more
i_e07-061-06-00.png,Because
i_e06-070-01-08.png,fish
i_e04-019-03-04.png,ensure
i_c02-022-00-05.png,on
i_d04-008-05-00.png,as
i_a01-063u-07-00.png,debt
i_b04-010-04-06.png,of
i_e02-091-00-06.png,we
i_a01-020u-01-04.png,the
i_a04-019-00-10.png,satisfaction
i_c06-039-01-05.png,as
i_c03-087c-02-03.png,left
i_b06-042-00-04.png,with
i_a05-073-02-02.png,new
i_c03-021b-04-04.png,protector
i_b02-045-06-08.png,not
i_b06-019-04-01.png,Nato
i_c06-111-02-00.png,The
i_a01-053x-02-06.png,a
i_c03-087c-06-06.png,in
i_e06-003-01-02.png,although
i_b01-089-01-01.png,of
i_a02-067-04-06.png,such
i_c03-021c-01-10.png,estranged
i_b05-079-05-02.png,forty-five
i_a01-122u-04-04.png,cost
i_a05-104-04-01.png,themselves
i_e06-037-10-04.png,present
i_a03-009-00-03.png,particularly
i_e01-014-02-03.png,3
i_e01-119-01-00.png,thread
i_b04-075-05-06.png,life
i_c06-043-09-03.png,conduct
i_e07-000-04-08.png,with
i_a02-067-04-07.png,unlawful
i_d01-049-05-04.png,are
i_c04-116-03-02.png,September
i_a02-098-06-00.png,Liberal
i_b01-062-05-00.png,doubtful
i_d06-027-02-10.png,to
i_b05-062-00-06.png,fact
i_a02-067-06-06.png,and
i_c04-004-04-07.png,thing
i_a01-113u-04-05.png,not
i_b05-017-02-03.png,the
i_e06-021-01-01.png,at
i_b02-097-00-00.png,To
i_b06-036-03-07.png,fact
i_a01-117u-01-07.png,had
i_b01-073-03-04.png,400
i_e06-006-06-04.png,the
i_a06-152-03-03.png,REFUGEES
i_a04-085-01-00.png,membership
i_d04-005-06-01.png,Paradise
i_a01-011u-08-05.png,Macleod
i_a06-020-02-03.png,an
i_c03-081d-00-03.png,dramatist
i_e01-102-02-07.png,used
i_c03-007a-03-07.png,the
i_a03-071-07-02.png,as
i_b04-047-00-06.png,foreigners
i_c04-080-02-06.png,the
i_a05-025-08-07.png,to
i_e02-094-04-01.png,prepared
i_a01-102u-07-05.png,problems
i_a04-054-02-08.png,too
i_a03-040-05-06.png,cent
i_a01-132-08-06.png,all
i_b01-062-01-01.png,is
i_b04-054-00-04.png,Commonwealth
i_e01-035-00-09.png,designed
i_a05-069-07-04.png,canard
i_b03-098-02-07.png,together
i_e01-062-04-02.png,reasonably
i_a05-009-04-06.png,the
i_c02-082-03-02.png,)
i_a04-050-04-07.png,missiles
i_c03-081a-06-07.png,Dinsdale
i_a01-020-04-00.png,plans
i_c06-116-00-05.png,sharply
i_a01-053x-05-02.png,he
i_b04-140-01-01.png,welcome
i_b02-035-06-05.png,necessary
i_a06-051-08-04.png,Mr.
i_d06-037-04-04.png,little
i_a06-057-02-07.png,attack
i_a04-096-07-06.png,in
i_a04-081-04-04.png,to
i_d04-081-05-04.png,willing
i_a01-026u-02-00.png,there
i_c04-013-05-03.png,when
i_d07-089-06-00.png,There
i_a01-063u-02-00.png,The
i_a01-030u-04-05.png,obligation
i_e01-022-02-05.png,mother
i_c04-039-06-00.png,by
i_e04-124-04-09.png,not
i_e01-018-06-04.png,The
i_c03-094a-09-02.png,colour
i_a03-011-04-03.png,and
i_a02-050-02-08.png,of
i_a03-034-03-01.png,the
i_a03-027-04-08.png,roots
i_b05-079-01-03.png,a
i_a06-152-09-03.png,to
i_e01-022-00-03.png,the
i_e02-018-03-05.png,of
i_a04-000-04-03.png,20
i_a01-049x-08-04.png,he
i_a06-070-00-07.png,the
i_e04-011-02-09.png,fixed
i_d07-089-08-04.png,by
i_b05-017-01-11.png,it
i_d04-101-01-05.png,the
i_a03-009-06-02.png,like
i_b02-102-03-06.png,not
i_a04-003-01-03.png,to
i_a01-053u-01-04.png,black-
i_a03-071-06-05.png,extent
i_b06-093-05-02.png,strategy
i_a01-043x-06-00.png,will
i_a06-152-07-05.png,centre
i_a01-020-00-07.png,at
i_b02-102-02-04.png,sensible
i_a01-063u-06-00.png,is
i_b03-092-01-08.png,useful
i_b03-114-04-00.png,the
i_a06-039-07-02.png,submarines
i_b04-034-01-09.png,beyond
i_a01-091u-03-06.png,the
i_c03-016d-02-05.png,dingy
i_b04-026-06-01.png,TV
i_c03-016e-05-00.png,sordid
i_e04-015-03-00.png,cross
i_a03-011-03-00.png,time
i_b06-036-07-03.png,atomic
i_a02-004-05-03.png,back
i_e01-032-02-04.png,personal
i_b01-057-01-00.png,for
i_c04-013-03-04.png,nice
i_a01-003-04-05.png,brought
i_a05-009-02-00.png,of
i_c03-007a-06-09.png,seen
i_a06-044-04-02.png,to
i_e01-018-02-06.png,round
i_a01-003-08-03.png,should
i_a01-043u-01-05.png,today
i_d01-123-07-07.png,codex
i_b02-035-04-03.png,little
i_b03-025-05-02.png,the
i_c04-128-06-02.png,is
i_a02-000-07-02.png,more
i_a03-073-11-01.png,to
i_b04-162-06-01.png,bloodstained
i_a03-054-07-05.png,he
i_a02-020-01-09.png,French
i_d04-021-02-02.png,incises
i_b06-027-00-01.png,month
i_e02-018-05-02.png,The
i_b03-025-01-02.png,not
i_a05-017-00-00.png,The
i_d06-086-05-08.png,drift
i_a03-047-06-00.png,in
i_d06-111-03-04.png,order
i_c03-096c-03-01.png,the
i_e07-066-02-00.png,cooperate
i_a01-026u-02-01.png,have
i_a06-064-08-02.png,which
i_b05-058-00-04.png,the
i_b06-019-03-05.png,supply
i_d06-072-01-04.png,and
i_a04-096-01-06.png,people
i_b06-036-04-02.png,their
i_e04-058-03-11.png,be
i_c04-165-03-02.png,American
i_e04-086-03-08.png,wood
i_b01-014-02-06.png,cut
i_e04-022-02-06.png,on
i_c03-021d-06-01.png,hour
i_b04-060-03-00.png,the
i_c03-016b-07-08.png,Fanny
i_a03-037-01-05.png,New
i_c03-096d-04-02.png,which
i_c03-081d-06-03.png,brief
i_e07-066-01-00.png,Grantham
i_a05-108-02-04.png,a
i_d04-071-05-05.png,EARTH
i_b04-121-05-05.png,exciting
i_d07-100-02-00.png,latter
i_c06-020-06-00.png,say
i_a03-047-05-03.png,diplomatist
i_c02-000-09-07.png,one
i_e01-107-08-05.png,be
i_b05-055-03-09.png,a
i_d04-096-05-04.png,in
i_d04-111-09-07.png,Salt-water
i_a01-068u-04-03.png,not
i_b01-113-00-01.png,a
i_e04-043-00-02.png,the
i_d06-041-02-00.png,noting
i_b05-074-05-04.png,superiority
i_d04-086-04-08.png,likeness
i_b01-027-01-02.png,their
i_a03-006-05-06.png,exchanges
i_a06-008-02-03.png,Why
i_a04-103-03-07.png,rapidly
i_a01-053x-07-01.png,has
i_b03-025-03-08.png,has
i_e01-107-07-03.png,proficient
i_b03-092-04-02.png,only
i_c03-094c-08-03.png,gaudy
i_b05-017-02-08.png,call
i_a06-119-07-05.png,Christmas
i_e04-086-03-00.png,ash
i_a06-004-03-05.png,the
i_a01-049-05-06.png,Robertson
i_c03-021a-07-00.png,her
i_d06-008-05-02.png,forty
i_a01-003x-05-08.png,believes
i_b01-118-07-00.png,because
i_a03-014-00-00.png,Two
i_a03-011-00-08.png,a
i_a01-077-04-01.png,admitted
i_a01-030u-04-02.png,Britain
i_c03-007f-06-00.png,head-stones
i_a06-147-04-01.png,a
i_a01-132-08-02.png,Mr.
i_c03-021a-05-03.png,and
i_e04-083-02-08.png,of
i_b01-057-05-02.png,moral
i_b05-058-02-00.png,German
i_e04-127-03-06.png,of
i_a06-110-06-03.png,bound
i_a04-006-03-02.png,also
i_b06-068-07-03.png,new
i_b04-187-04-01.png,of
i_e01-032-03-07.png,fine-lace
i_b01-053-05-07.png,last
i_c06-100-07-01.png,)
i_a01-049x-01-02.png,the
i_a03-027-08-07.png,party
i_c03-096d-05-03.png,hopes
i_b04-202-04-01.png,course
i_e06-033-00-03.png,this
i_c04-098-05-08.png,a
i_a06-064-03-00.png,He
i_e04-011-03-06.png,as
i_d07-089-09-01.png,and
i_a05-029-06-05.png,important
i_b06-004-01-03.png,air
i_e04-099-00-08.png,the
i_b01-089-09-07.png,outrages
i_b04-066-04-02.png,Nonsense
i_e06-015-03-06.png,see
i_d06-030-02-07.png,tired
i_a01-087u-07-05.png,to
i_c03-087b-00-08.png,most
i_d05-013-03-02.png,the
i_a01-058-07-01.png,to
i_c06-083-06-06.png,(
i_a01-053u-01-00.png,alleged
i_b06-032-00-03.png,been
i_c06-111-03-04.png,from
i_a06-057-00-00.png,This
i_a03-006-01-09.png,Yugoslav
i_a03-023-10-05.png,this
i_d06-067-09-02.png,by
i_e06-000-03-06.png,and
i_e04-068-00-08.png,I
i_a01-132u-07-00.png,Powell
i_c06-076-00-02.png,happy
i_e02-086-01-03.png,have
i_b06-075-00-02.png,same
i_d06-056-08-01.png,careful
i_c03-000b-03-02.png,Richardson
i_a02-120-07-00.png,Mr.
i_c03-081a-00-02.png,the
i_c02-059-05-03.png,at
i_a04-089-00-01.png,Russell
i_c02-089-06-00.png,from
i_e01-032-00-00.png,The
i_a01-132u-07-02.png,that
i_b02-035-00-03.png,what
i_e02-021-06-01.png,(
i_a05-073-07-03.png,be
i_a05-039-01-06.png,Verwoerd
i_b03-098-06-00.png,centigrade
i_b05-067-03-06.png,Hitler
i_a04-039-04-02.png,a
i_a02-120-09-01.png,up
i_a01-113u-04-03.png,it
i_a04-089-04-05.png,base
i_a01-007u-03-09.png,remains
i_d01-024-00-02.png,those
i_e01-107-09-04.png,in
i_a05-099-05-08.png,with
i_a04-085-02-00.png,show
i_a01-058-00-06.png,tough
i_b02-102-03-07.png,have
i_b06-000-01-02.png,ambassador
i_a01-063x-01-04.png,past
i_a02-057-07-00.png,all
i_a04-072-03-00.png,disarmament
i_d04-125-01-07.png,And
i_a02-090-01-02.png,Rhodesia
i_a06-020-03-01.png,three
i_a03-011-07-02.png,talks
i_a04-047-03-06.png,conscious
i_d06-060-02-01.png,the
i_e01-102-06-07.png,bone
i_b05-074-07-09.png,starve
i_e06-070-05-02.png,to
i_c02-017-01-05.png,tells
i_b06-023-02-00.png,up
i_a02-000-00-08.png,trust
i_b06-100-09-04.png,stated
i_c04-105-06-05.png,lamp
i_c03-094b-01-00.png,insensitively
i_a02-008-01-07.png,to
i_a05-048-10-05.png,on
i_e04-091-03-02.png,in
i_c03-096b-04-07.png,One
i_d07-082-07-01.png,comment
i_e06-049-06-02.png,swimming
i_b06-056-02-01.png,frantically
i_a01-113u-07-02.png,spending
i_c03-084d-04-01.png,Play
i_c03-081c-05-03.png,few
i_e02-014-01-05.png,used
i_e01-092-07-02.png,it
i_c04-061-00-07.png,Noble
i_c06-080-08-05.png,picture
i_e02-014-03-05.png,unnecessary
i_a01-020-05-00.png,majority
i_d01-056-02-01.png,of
i_a05-104-01-01.png,double
i_c04-066-00-06.png,?
i_d06-056-06-01.png,we
i_c03-084f-05-04.png,We
i_c06-039-07-00.png,Canadians
i_c04-000-01-08.png,stage
i_a06-152-07-04.png,reception
i_e04-043-06-00.png,and
i_c03-003a-02-00.png,and
i_a05-104-07-07.png,when
i_b06-045-04-04.png,go
i_c06-031-01-00.png,what
i_c06-058-04-00.png,is
i_e04-058-04-03.png,little
i_b04-060-00-07.png,Government
i_d06-003-05-00.png,to
i_c03-003d-04-06.png,bring
i_a01-020u-07-04.png,conference
i_e04-058-01-10.png,shown
i_c06-128-05-00.png,that
i_a04-039-02-04.png,would
i_c03-096a-00-03.png,actions
i_c03-021d-06-07.png,her
i_c03-021a-05-06.png,her
i_b03-098-03-06.png,made
i_b01-136-06-04.png,a
i_d01-123-06-03.png,might
i_a01-091u-02-02.png,to
i_b06-059-06-02.png,hides
i_c04-000-03-07.png,they
i_b06-064-01-01.png,unions
i_c06-011-07-05.png,and
i_c03-000d-07-03.png,apparent
i_b03-025-03-09.png,done
i_b03-092-04-08.png,of
i_e01-059-04-05.png,as
i_c02-007-03-02.png,on
i_c03-081a-06-02.png,scenes
i_a06-014-01-00.png,rose
i_b04-060-02-03.png,the
i_a01-058u-06-05.png,to
i_a06-020-02-04.png,official
i_a04-043-01-05.png,base
i_d06-107-02-01.png,in
i_a05-104-05-01.png,in
i_c03-021e-06-04.png,of
i_a04-081-02-00.png,matter
i_c03-081a-03-01.png,our
i_d06-030-01-00.png,purely
i_a02-120-03-03.png,down
i_c03-007d-07-08.png,as
i_b04-181-00-02.png,no
i_a01-003u-10-09.png,out-
i_e02-086-00-05.png,tools
i_a04-103-04-05.png,this
i_c02-007-00-07.png,not
i_c04-075-06-03.png,he
i_a05-048-09-05.png,the
i_b01-073-10-04.png,by
i_c03-081c-03-03.png,she
i_a05-025-03-06.png,existing
i_d01-080-04-07.png,Roberts
i_b06-019-04-00.png,in
i_a06-051-07-04.png,scene
i_a02-053-06-08.png,on
i_a06-004-08-04.png,property
i_b06-082-04-02.png,future
i_c03-007-06-02.png,churchyard
i_a05-125-02-03.png,House
i_d06-011-07-01.png,unwise
i_b04-010-00-00.png,Who
i_b02-035-00-01.png,this
i_a03-017-04-03.png,policy
i_a04-015-04-08.png,their
i_a04-066-01-03.png,possible
i_b01-009-02-05.png,practical
i_d06-020-06-00.png,finally
i_c02-049-02-02.png,disappointing
i_e01-062-01-06.png,and
i_c06-091-01-05.png,boredom
i_e01-050-00-00.png,During
i_c03-094c-02-04.png,Maxwell
i_a01-132x-04-00.png,underpinning
i_d05-021-02-01.png,says
i_e07-003-02-08.png,a
i_a03-017-07-05.png,the
i_b01-089-01-04.png,out
i_c02-035-05-03.png,his
i_c06-095-00-09.png,trouble
i_a01-128u-01-03.png,full
i_d06-104-08-02.png,what
i_a01-113u-03-05.png,the
i_a03-037-05-09.png,two
i_a01-091-05-01.png,heavy
i_d05-025-08-05.png,Anglican
i_a05-080-09-00.png,hopeful
i_e04-079-07-04.png,floor
i_a04-039-02-06.png,help
i_c01-014-00-00.png,The
i_a03-037-01-04.png,and
i_a05-094-03-02.png,all
i_c06-116-03-01.png,in
i_d01-024-01-00.png,dislocation
i_c06-052-01-08.png,?
i_a01-038-02-03.png,had
i_c06-039-05-02.png,a
i_a03-011-07-09.png,the
i_a03-006-06-05.png,basis
i_d04-008-04-11.png,described
i_e06-000-00-03.png,happen
i_c03-087d-01-00.png,most
i_c03-087e-00-08.png,most
i_a02-012-07-02.png,the
i_c02-030-04-09.png,satisfied
i_a03-073-06-00.png,putting
i_e04-000-02-03.png,this
i_a04-003-03-04.png,There
i_a05-053-10-02.png,imposed
i_b01-000-03-00.png,for
i_a01-030-02-01.png,yesterday
i_a03-034-06-01.png,at
i_b04-096-03-02.png,for
i_b04-134-09-03.png,time
i_d04-047-03-00.png,problems
i_b01-027-05-00.png,success
i_a05-073-01-00.png,Berlin
i_d07-093-01-00.png,need
i_c06-116-04-06.png,once
i_b05-067-02-09.png,unit
i_a06-152-04-05.png,West
i_a01-049x-08-03.png,disclosed
i_a02-020-01-00.png,meeting
i_e02-086-03-07.png,things
i_a05-121-08-07.png,the
i_a02-037-02-06.png,Adamafio
i_c04-165-06-00.png,The
i_a04-023-02-10.png,more
i_c02-056-03-06.png,)
i_b01-118-05-00.png,Hitler
i_c04-004-00-04.png,that
i_c03-094a-08-02.png,of
i_d06-063-01-02.png,died
i_d06-030-02-05.png,wake
i_a03-043-08-01.png,an
i_d01-085-05-00.png,manuscripts
i_a02-102-07-04.png,is
i_c02-082-05-07.png,of
i_c02-007-02-04.png,of
i_a01-011u-08-03.png,Mr.
i_b06-045-01-02.png,two
i_b03-098-02-06.png,ring
i_b01-079-09-04.png,it
i_a04-006-08-06.png,for
i_a04-019-01-07.png,an
i_a05-073-09-04.png,undertaken
i_d04-005-03-05.png,under
i_a03-030-08-06.png,is
i_b01-033-03-01.png,by
i_e01-102-06-06.png,or
i_e04-022-03-09.png,correct
i_d01-056-01-00.png,has
i_c03-096d-02-03.png,feels
i_c03-087f-00-01.png,went
i_c03-016e-07-00.png,clumsily
i_d01-060-04-06.png,accounts
i_d06-046-05-03.png,you
i_a01-043-04-00.png,strong
i_a02-082-03-06.png,287
i_c03-007-03-04.png,the
i_a01-091u-03-00.png,on
i_d01-118-03-03.png,a
i_a06-044-03-04.png,best
i_d06-082-03-04.png,Nevertheless
i_c03-007-01-03.png,the
i_e01-032-01-06.png,a
i_d04-125-00-01.png,we
i_b06-015-04-02.png,over
i_c04-156-04-04.png,as
i_a01-113u-09-05.png,because
i_e01-102-06-05.png,composition
i_c04-144-01-07.png,African
i_a01-058u-01-01.png,West
i_c04-139-05-10.png,Federation
i_a04-066-00-06.png,the
i_c04-061-02-06.png,their
i_c03-021f-02-00.png,sexual
i_a04-066-02-01.png,respected
i_a06-039-01-00.png,Union
i_a06-014-06-02.png,speculator
i_b01-094-02-01.png,be
i_e04-043-00-04.png,of
i_c04-080-06-05.png,first
i_a03-034-06-00.png,stock
i_b01-122-03-02.png,change
i_d06-091-06-07.png,of
i_b01-000-03-07.png,Commonwealth
i_c04-028-06-04.png,his
i_c03-096e-04-02.png,had
i_a05-048-06-06.png,Commons
i_b04-202-04-02.png,in
i_c04-013-02-03.png,(
i_b04-047-03-09.png,this
i_e02-100-04-11.png,allow
i_d04-021-03-06.png,from
i_b04-121-05-04.png,the
i_e04-043-00-03.png,plans
i_b06-049-02-00.png,the
i_d05-030-05-03.png,was
i_e02-074-05-04.png,be
i_d01-098-02-11.png,number
i_a01-030x-04-03.png,an
i_b01-122-03-07.png,of
i_c06-138-10-00.png,era
i_a01-087-01-05.png,health
i_c06-095-00-08.png,this
i_b05-055-00-03.png,is
i_e06-041-02-03.png,a
i_e04-000-02-01.png,articles
i_b06-015-02-00.png,German
i_d04-131-03-05.png,burdens
i_e06-046-03-04.png,bottom
i_b04-169-04-05.png,wrong
i_b01-136-03-02.png,again
i_d06-046-08-00.png,up
i_c03-084f-04-00.png,in
i_c04-044-07-02.png,Detroy
i_a02-020-05-00.png,the
i_a01-003-00-06.png,support
i_e06-033-01-04.png,tides
i_a02-098-06-05.png,Kaunda
i_a06-014-01-02.png,say
i_c04-116-02-05.png,known
i_c04-144-02-09.png,a
i_d07-093-01-03.png,text
i_a01-043u-02-05.png,Negro
i_d04-075-01-03.png,lessons
i_c03-016e-05-06.png,it
i_c06-043-03-05.png,Dublin
i_d06-096-04-03.png,kept
i_a01-011u-06-03.png,getting
i_a01-003x-01-07.png,to
i_c06-011-05-01.png,fight
i_e04-114-05-07.png,3
i_a03-037-03-01.png,badly
i_a05-048-05-02.png,apathetic
i_c06-111-04-00.png,Studies
i_e04-058-02-12.png,as
i_a05-113-01-03.png,the
i_a06-114-04-03.png,Budgette
i_a01-072u-04-07.png,to
i_a01-132-03-01.png,Government
i_a01-058-03-05.png,yester-
i_c06-103-00-04.png,)
i_d06-037-00-00.png,To
i_b01-004-02-02.png,South
i_a03-073-09-03.png,the
i_c04-122-05-09.png,Juke
i_b01-122-05-05.png,to
i_d06-037-05-03.png,itself
i_c03-094b-05-00.png,always
i_a05-004-03-00.png,a
i_b04-096-04-09.png,POWER
i_a01-107u-05-00.png,never
i_b06-049-07-04.png,the
i_e04-004-05-00.png,feeding
i_c06-047-05-06.png,Theatre
i_b01-062-06-04.png,readers
i_a05-000-03-06.png,to
i_a04-006-01-02.png,to
i_a03-017-04-04.png,of
i_b04-116-06-02.png,in
i_b01-023-04-06.png,discrimination
i_d06-104-05-06.png,on
i_a03-030-04-05.png,the
i_b01-122-06-07.png,those
i_d06-015-00-09.png,from
i_b04-096-05-02.png,made
i_b01-038-07-06.png,is
i_c02-059-04-00.png,Antonioni
i_b06-000-06-00.png,Germany
i_e04-026-04-02.png,irons
i_d01-019-03-01.png,was
i_c02-012-06-01.png,as
i_c03-021c-00-05.png,is
i_d04-012-01-02.png,(
i_e07-000-04-01.png,described
i_d04-121-02-04.png,into
i_a05-053-07-05.png,foreign
i_e02-094-07-06.png,or
i_a05-084-03-06.png,the
i_c04-105-05-00.png,Europe
i_c03-003b-00-00.png,This
i_d05-030-05-00.png,first
i_a01-030x-03-00.png,have
i_c02-012-08-07.png,the
i_c03-084e-03-00.png,them
i_e01-022-05-01.png,are
i_b01-118-06-03.png,against
i_a06-020-04-12.png,that
i_a01-003u-01-02.png,a
i_b03-104-00-06.png,said
i_a01-020u-01-02.png,House
i_a01-077u-04-02.png,not
i_a01-122u-09-00.png,affluence
i_b04-154-00-02.png,Sir
i_d06-086-08-07.png,to
i_b04-187-01-02.png,week
i_b01-014-05-06.png,grip
i_c02-059-02-00.png,generous
i_d06-046-09-00.png,her
i_b04-060-02-00.png,for
i_d06-037-01-04.png,and
i_d06-067-06-03.png,miles
i_a03-047-02-02.png,the
i_c04-013-02-05.png,Hyer
i_c03-003c-01-04.png,of
i_c04-144-05-00.png,first
i_a06-036-07-07.png,36
i_a01-102-07-00.png,improve
i_a01-043u-04-06.png,the
i_e06-015-01-03.png,leads
i_b05-062-02-01.png,Pilate
i_c06-087-04-09.png,love
i_b05-079-02-02.png,after
i_a01-003x-05-00.png,should
i_e01-086-03-03.png,Oversew
i_b04-195-03-00.png,an
i_c03-016d-00-00.png,But
i_e07-072-00-04.png,of
i_a06-100-06-06.png,on
i_c03-007d-02-04.png,it
i_c04-144-06-02.png,soldiering
i_c03-016e-08-08.png,her
i_c03-087a-06-05.png,little
i_a06-051-06-03.png,composed
i_c03-007e-00-06.png,Richardson
i_c03-003e-07-05.png,but
i_d01-049-08-01.png,of
i_e01-059-03-04.png,the
i_b06-059-01-08.png,issues
i_a02-004-10-00.png,safeguard
i_d07-082-03-05.png,clear
i_b01-127-06-04.png,modified
i_b06-100-07-05.png,to
i_a06-064-04-04.png,probably
i_c03-007e-06-01.png,in
i_a01-038x-00-05.png,Rhodesian
i_a04-019-05-08.png,and
i_a02-120-05-00.png,It
i_a01-063u-04-05.png,due
i_c03-094c-01-08.png,always
i_e01-022-05-02.png,proud
i_a06-095-10-00.png,he
i_a06-070-07-01.png,statement
i_a05-053-02-03.png,no
i_d01-016-01-07.png,paying
i_a06-051-07-06.png,Mr.
i_a02-102-01-00.png,Buganda
i_b04-116-00-07.png,the
i_a02-004-10-01.png,their
i_b04-175-07-04.png,farmers
i_a02-027-08-03.png,one
i_e07-012-08-01.png,to
i_a03-054-01-00.png,a
i_d04-131-03-04.png,the
i_e06-033-07-03.png,of
i_c04-150-01-03.png,seen
i_b01-062-08-04.png,category
i_a06-070-02-02.png,join
i_a05-121-04-00.png,A
i_b05-098-09-02.png,Abou
i_e02-025-00-02.png,squared
i_c06-011-06-08.png,from
i_c04-134-06-04.png,)
i_a05-099-08-04.png,much
i_a04-019-03-01.png,conference
i_e01-059-05-02.png,a
i_c01-066-02-03.png,almost
i_b01-118-02-10.png,rights
i_a05-004-04-01.png,co-operation
i_d01-049-07-06.png,to
i_b04-116-01-05.png,Africans
i_a01-132u-02-00.png,in
i_c04-004-07-04.png,his
i_c04-139-02-09.png,are
i_a01-049-01-01.png,the
i_a02-020-01-06.png,de
i_a02-027-05-03.png,here
i_a04-000-01-02.png,Harold
i_d06-067-05-05.png,may
i_d01-060-07-02.png,text
i_e01-025-00-07.png,lost
i_e04-011-07-05.png,to
i_a04-072-01-05.png,reach
i_a03-080-07-05.png,responsible
i_a01-007-05-02.png,THE
i_c03-081d-08-01.png,role
i_c02-082-06-03.png,him
i_d06-056-05-03.png,of
i_a02-078-04-04.png,as
i_e06-037-03-02.png,waters
i_b05-083-00-01.png,no
i_b06-012-03-00.png,the
i_c03-007d-02-08.png,shabby
i_a01-030-02-06.png,no
i_e04-022-02-02.png,exact
i_c03-094e-08-01.png,and
i_c04-110-03-07.png,in
i_a02-037-03-02.png,Strong
i_d06-037-03-02.png,they
i_c02-035-05-05.png,with
i_b01-079-10-03.png,it
i_b06-068-00-00.png,All
i_b06-042-06-01.png,article
i_a05-009-05-02.png,being
i_b04-128-03-06.png,reports
i_c03-000a-03-03.png,Mr.
i_c03-003a-03-09.png,central
i_c04-139-04-01.png,Arnold
i_d06-096-02-00.png,out
i_d06-072-09-08.png,which
i_a01-091-06-01.png,to
i_d06-027-00-01.png,Kagawa
i_a01-063u-06-04.png,of
i_b06-023-00-03.png,a
i_c02-056-06-06.png,(
i_c04-170-00-00.png,Shelagh
i_d04-071-02-07.png,and
i_e02-082-02-03.png,an
i_a01-063-08-05.png,out
i_a02-008-05-01.png,Council
i_d05-030-01-08.png,historians
i_a03-040-02-07.png,the
i_a03-020-05-00.png,occupying
i_c04-150-02-08.png,with
i_e07-003-01-03.png,of
i_e07-007-00-00.png,The
i_b03-114-03-06.png,was
i_a05-013-08-01.png,1962
i_b04-020-01-00.png,substantially
i_d06-086-03-07.png,reached
i_e01-032-00-02.png,delicate
i_c03-094e-07-06.png,proper
i_c04-165-06-01.png,film
i_c06-031-04-06.png,Newman
i_b06-027-01-04.png,toward
i_a04-099-10-02.png,impossible
i_a01-011x-08-08.png,change
i_b04-134-06-03.png,is
i_b02-013-04-03.png,risks
i_c04-039-02-08.png,smooth
i_b04-066-01-11.png,get
i_c03-081b-01-02.png,in
i_d07-093-00-04.png,with
i_d06-107-05-05.png,toes
i_a05-073-04-01.png,what
i_b04-096-02-04.png,per
i_b01-057-09-04.png,such
i_c04-023-03-00.png,Despite
i_a01-020-06-01.png,studying
i_b02-102-04-06.png,convinced
i_a01-132u-00-03.png,continue
i_b06-032-03-01.png,Right-Wing
i_d01-104-07-01.png,were
i_d06-072-04-07.png,easy
i_d04-028-02-01.png,in
i_e04-119-03-12.png,side
i_e02-100-05-00.png,yourself
i_e01-025-01-03.png,suffered
i_a01-063x-07-01.png,a
i_b01-089-01-02.png,course
i_d04-062-02-09.png,Therefore
i_b05-088-02-01.png,bluster
i_a02-020-04-01.png,to
i_a01-007u-06-03.png,Northern
i_b04-134-03-01.png,crusade
i_a02-004-07-03.png,the
i_e01-035-01-00.png,and
i_d06-104-03-02.png,of
i_a03-063-01-05.png,of
i_d06-086-06-05.png,than
i_a01-063x-00-03.png,discussions
i_e04-008-01-04.png,cut
i_a03-006-00-08.png,of
i_b04-010-03-05.png,Not
i_c04-028-00-07.png,are
i_a02-102-03-05.png,at
i_a05-080-06-01.png,have
i_d04-111-11-06.png,that
i_b01-038-10-03.png,be
i_b01-044-04-02.png,Germany
i_a04-069-00-01.png,Mr.
i_b05-042-05-04.png,raw
i_b04-020-01-03.png,year
i_b05-055-00-08.png,cricket
i_c03-000c-05-03.png,to
i_b05-055-03-05.png,statistical
i_a01-113u-10-01.png,of
i_b01-038-00-08.png,But
i_b04-162-07-06.png,his
i_a02-120-04-03.png,Whitehall
i_a02-008-03-03.png,will
i_a05-084-04-05.png,which
i_d06-091-09-01.png,to
i_c03-016e-02-01.png,lives
i_a01-038-06-00.png,negotiations
i_a03-006-04-00.png,or
i_c03-007f-01-06.png,North
i_a04-059-01-02.png,Holy
i_c03-003a-01-04.png,of
i_c03-096e-02-09.png,action
i_e04-124-01-08.png,dinghy
i_d07-085-00-05.png,that
i_a06-051-02-05.png,tears
i_a02-082-06-04.png,convicted
i_e04-095-01-01.png,this
i_c04-075-01-03.png,were
i_b04-134-06-00.png,others
i_e04-043-07-00.png,margin
i_a06-157-00-01.png,figure
i_c03-084d-07-06.png,unbridled
i_a03-009-02-09.png,of
i_a01-063-05-02.png,Washington
i_e06-010-06-00.png,gravelly
i_a06-020-03-13.png,before
i_d06-056-04-08.png,bodies
i_c04-160-02-02.png,a
i_a01-117-03-07.png,per
i_b01-053-05-06.png,long
i_c03-016a-01-00.png,intense
i_b04-121-04-02.png,damage
i_a05-084-09-01.png,the
i_a01-043u-03-05.png,has
i_d06-030-04-05.png,that
i_a04-059-03-08.png,added
i_a04-035-07-07.png,delighted
i_d04-028-00-12.png,like
i_c03-087c-02-02.png,which
i_c06-076-09-04.png,stand-in
i_d06-020-04-05.png,with
i_b01-014-05-05.png,the
i_b06-075-03-00.png,will
i_c03-003c-04-05.png,which
i_c04-098-02-08.png,merrily
i_b01-122-03-06.png,Archbishop
i_c06-076-05-07.png,back
i_a06-044-01-07.png,most
i_e06-026-07-00.png,be
i_a02-008-01-08.png,be
i_e01-055-08-00.png,trends
i_a01-072u-08-02.png,American
i_b05-079-07-05.png,dispatched
i_a04-092-07-06.png,profoundly
i_c04-061-04-09.png,ever
i_b06-015-05-02.png,past
i_b01-057-03-03.png,people
i_e02-117-00-01.png,men
i_e01-022-02-02.png,handed
i_a02-106-09-00.png,federal
i_c03-016c-06-03.png,incoherently
i_a05-053-05-04.png,of
i_b06-059-00-01.png,would
i_e01-022-06-04.png,past
i_b06-059-07-03.png,still
i_b01-044-05-03.png,five
i_b06-027-05-00.png,Herr
i_a02-111-03-00.png,MR.
i_a01-030u-03-01.png,no
i_c03-081f-05-05.png,Pinkie
i_b04-140-04-04.png,years
i_a05-113-05-08.png,of
i_c03-021c-08-00.png,to
i_d04-096-03-06.png,Salt
i_a05-073-00-00.png,He
i_c04-066-07-02.png,things
i_a02-046-06-06.png,in
i_d06-063-08-05.png,Minister
i_a05-089-05-05.png,Minister
i_a01-011-05-02.png,Rhodesia
i_d07-082-05-02.png,prove
i_a04-039-04-00.png,Replying
i_a01-014x-06-02.png,demonstrations
i_d01-118-02-06.png,was
i_d04-081-05-05.png,to
i_c03-007d-01-00.png,taken
i_c03-003c-04-01.png,to
i_e01-035-07-03.png,lace
i_b01-113-04-05.png,neighbour
i_a04-019-04-07.png,of
i_c06-052-00-06.png,partially
i_b04-169-03-01.png,they
i_b05-083-05-07.png,make
i_b06-100-01-04.png,college
i_d07-093-00-00.png,The
i_c06-111-01-07.png,it
i_b04-134-06-13.png,a
i_a01-026u-02-05.png,on
i_a05-108-03-05.png,behind
i_c03-007a-06-05.png,of
i_c03-016e-09-06.png,leaves
i_a01-132-10-02.png,National
i_e07-061-04-00.png,and
i_b06-056-10-05.png,of
i_b01-132-03-01.png,Africa
i_e06-037-00-01.png,East
i_c03-003e-00-10.png,con-
i_b01-079-01-06.png,The
i_a01-003x-06-00.png,that
i_b03-092-00-01.png,legislation
i_b06-008-00-01.png,West
i_b01-113-03-08.png,what
i_e02-021-00-02.png,it
i_d06-100-06-08.png,a
i_a04-092-01-00.png,the
i_b06-100-04-04.png,starting
i_b05-032-07-00.png,the
i_c04-160-01-05.png,viewer
i_c03-096a-01-03.png,motives
i_d06-086-07-03.png,If
i_b06-082-05-03.png,of
i_e01-107-09-05.png,this
i_e07-007-03-09.png,Mantis
i_c03-007-04-02.png,monuments
i_d04-008-01-08.png,know
i_c03-094d-03-00.png,James
i_e06-006-06-08.png,spawning
i_a06-014-09-04.png,at
i_a06-020-03-14.png,I
i_a01-026u-01-06.png,that
i_c02-030-04-00.png,walking
i_c03-096f-02-05.png,were
i_a05-044-04-04.png,the
i_a01-030u-05-01.png,Federal
i_a01-020u-02-05.png,He
i_c03-000c-06-03.png,and
i_b01-057-07-07.png,most
i_e02-025-05-03.png,line
i_c03-007e-02-07.png,The
i_c06-103-03-01.png,have
i_a01-087u-03-01.png,unemotional
i_a01-026x-09-05.png,with
i_d01-104-00-02.png,objection
i_a02-102-07-00.png,dge
i_d06-000-09-04.png,or
i_c03-087e-04-03.png,complete
i_b01-033-00-08.png,millions
i_a06-004-03-01.png,went
i_c03-007b-05-03.png,churchyard
i_b01-033-02-02.png,happy
i_c01-014-09-02.png,least
i_d01-056-08-08.png,importance
i_b06-008-01-04.png,talks
i_a03-009-02-10.png,an
i_e04-038-01-10.png,it
i_d04-005-03-04.png,placed
i_b01-118-01-05.png,of
i_a02-050-01-07.png,might
i_a06-036-07-00.png,for
i_d04-111-07-00.png,principle
i_e06-010-02-09.png,westerly
i_d04-131-05-00.png,eating
i_a01-102u-06-10.png,We
i_c03-096f-05-03.png,hopes
i_d04-111-02-00.png,Derush
i_e06-010-05-04.png,and
i_e02-025-04-04.png,necessary
i_d01-052-02-03.png,work
i_c02-000-08-05.png,the
i_e04-114-03-09.png,is
i_a01-072x-04-08.png,to
i_a01-102u-02-04.png,charges
i_b01-009-01-07.png,heard
i_c06-031-06-03.png,of
i_d04-021-03-00.png,facts
i_b05-071-04-07.png,when
i_d01-049-05-06.png,of
i_e06-006-01-02.png,pressure
i_d01-123-01-01.png,think
i_a01-058u-08-00.png,Adenauer
i_a01-003u-01-06.png,Labour
i_c06-005-00-05.png,In
i_d04-071-03-06.png,land
i_c02-026-03-03.png,and
i_e01-050-05-09.png,During
i_e04-030-05-05.png,will
i_a01-063u-09-00.png,to
i_b04-010-08-04.png,have
i_e04-062-01-02.png,water
i_e01-050-05-05.png,and
i_c04-050-03-04.png,and
i_e06-053-03-05.png,out
i_d06-096-00-01.png,am
i_e06-033-04-07.png,the
i_a05-113-02-05.png,position
i_b06-090-02-07.png,a
i_d06-000-01-01.png,use
i_a04-092-01-03.png,these
i_a05-080-03-03.png,such
i_e01-025-05-04.png,to
i_a01-038-10-04.png,by
i_d04-101-01-01.png,of
i_a01-113u-03-04.png,for
i_b05-055-00-10.png,A
i_c02-012-09-02.png,into
i_a01-043u-01-01.png,today
i_d06-096-02-04.png,I
i_b05-017-01-02.png,a
i_a01-020x-06-06.png,will
i_a06-152-04-04.png,into
i_a06-114-07-02.png,eve
i_a01-058-07-07.png,not
i_b06-093-03-02.png,a
i_b01-118-02-04.png,areas
i_d04-121-02-07.png,of
i_b06-087-07-00.png,Polaris
i_e01-107-03-02.png,the
i_b01-038-08-00.png,exports
i_c06-083-08-00.png,hotel
i_b01-027-06-01.png,be
i_a03-054-09-01.png,and
i_c06-052-03-06.png,Confessions
i_a01-007x-05-03.png,Nationalist
i_a01-043u-06-00.png,Weaver
i_a03-054-01-01.png,new
i_b04-134-07-04.png,developed
i_c06-031-06-05.png,trips
i_b05-055-02-11.png,contempt
i_d04-071-01-05.png,and
i_b03-104-07-03.png,out
i_b01-079-02-02.png,belongs
i_b06-027-01-02.png,be
i_c03-003c-02-05.png,the
i_c02-026-07-05.png,slashed
i_c03-081a-04-02.png,but
i_b06-068-08-02.png,to
i_c03-087c-06-08.png,Mr.
i_b05-098-02-01.png,with
i_a01-077-04-04.png,not
i_c03-021d-06-10.png,gives
i_a03-043-04-00.png,Pearson
i_c03-096e-06-07.png,like
i_b06-027-01-01.png,to
i_b05-083-02-07.png,that
i_a04-054-03-04.png,a
i_c03-016a-08-03.png,is
i_b05-055-03-02.png,and
i_c03-094f-00-01.png,William
i_e01-018-08-01.png,everything
i_b06-000-06-01.png,was
i_c03-087f-01-06.png,attempting
i_c02-082-01-01.png,Moderato
i_e04-114-05-05.png,spacing
i_c03-000b-00-05.png,Shelagh
i_b04-096-01-05.png,social
i_e04-022-01-02.png,flat
i_b06-110-02-01.png,denied
i_a04-072-08-02.png,prevent
i_a01-049-08-03.png,he
i_a03-006-06-04.png,wider
i_a03-014-04-03.png,return
i_e07-000-04-07.png,rank
i_a05-084-06-02.png,of
i_e07-066-02-04.png,studying
i_a01-082u-04-02.png,America
i_e04-099-00-02.png,the
i_d04-075-06-08.png,tells
i_c03-016e-07-04.png,shyly
i_e02-086-05-08.png,need
i_a02-050-05-01.png,the
i_c04-110-01-15.png,tempo
i_c03-096f-03-00.png,action
i_c06-039-05-00.png,will
i_d06-015-01-08.png,child
i_b04-010-05-08.png,to
i_d01-123-00-02.png,of
i_a01-038-01-01.png,had
i_d01-098-05-01.png,generally
i_a04-023-01-04.png,Macmillan
i_e01-062-00-06.png,can
i_e02-025-06-03.png,straight-edge
i_a01-007u-02-05.png,abolition
i_a04-096-02-08.png,probably
i_a04-043-07-07.png,the
i_c03-084c-00-00.png,Mr.
i_b04-140-00-04.png,urged
i_c03-003f-04-01.png,characters
i_a01-091-03-04.png,Government
i_e06-037-09-02.png,dying
i_b01-127-01-03.png,witness
i_a01-132u-03-02.png,financing
i_e01-059-03-06.png,at
i_a06-134-02-05.png,It
i_c03-021e-01-06.png,it
i_a03-034-00-06.png,their
i_a01-122-03-09.png,pharmaceutical
i_b03-087-04-09.png,the
i_b04-020-01-02.png,last
i_c03-016b-07-00.png,half
i_c06-087-02-11.png,as
i_e07-007-00-04.png,pests
i_a05-022-07-06.png,aspect
i_d04-016-07-01.png,earthly
i_a01-014u-07-07.png,Macmillan
i_a04-085-08-07.png,letter
i_a03-073-00-05.png,the
i_d04-075-09-02.png,and
i_c03-021a-03-02.png,instinct
i_a01-003u-07-04.png,believes
i_c03-000e-06-02.png,this
i_d06-046-00-02.png,simply
i_a06-141-06-00.png,generals
i_a01-102u-03-06.png,Mr.
i_a01-072u-05-07.png,have
i_d04-066-06-02.png,the
i_e06-010-02-02.png,easterly
i_b01-053-06-01.png,towards
i_b04-054-04-08.png,It
i_c02-022-02-08.png,a
i_b01-122-07-03.png,oppose
i_b01-014-04-01.png,African
i_c03-000c-06-01.png,of
i_e04-099-00-05.png,sides
i_a01-063x-04-06.png,due
i_a01-007u-01-00.png,Peeresses
i_a01-011x-08-06.png,policy
i_a05-094-01-01.png,range
i_a01-007u-04-04.png,an
i_a05-099-02-01.png,Mr.
i_c06-106-06-00.png,soon
i_c04-004-07-02.png,dangled
i_a01-007x-01-00.png,Peeresses
i_d04-008-02-00.png,the
i_d01-085-03-07.png,laid
i_a01-102-05-00.png,are
i_a06-004-07-02.png,dealers
i_b01-004-06-07.png,is
i_b01-049-00-00.png,There
i_d07-100-08-02.png,quoted
i_d04-086-02-06.png,depict
i_d06-091-03-01.png,the
i_a06-090-01-07.png,able
i_b06-068-10-00.png,Gaitskellism
i_c06-128-08-07.png,wife
i_c03-096f-00-05.png,therefore
i_e01-050-06-02.png,of
i_a01-053-10-03.png,the
i_a02-098-00-07.png,an
i_c03-007c-01-00.png,a
i_b04-116-06-01.png,control
i_b04-075-03-10.png,fine
i_a04-015-00-03.png,on
i_b05-050-05-02.png,THEY
i_b01-113-06-02.png,reserves
i_e06-026-06-02.png,is
i_c04-050-05-05.png,numbers
i_c04-004-00-09.png,at
i_c03-000c-06-06.png,everywhere
i_a04-069-01-01.png,Minister
i_c03-094c-01-00.png,pushing
i_b01-038-03-06.png,way
i_c03-094a-04-08.png,father-in-
i_c03-000d-03-02.png,directed
i_a05-116-04-08.png,an
i_e01-029-00-07.png,bold
i_b04-187-02-03.png,aged
i_c03-081a-01-03.png,allowing
i_a04-092-03-04.png,is
i_a06-114-01-04.png,be
i_e02-074-02-00.png,common
i_c03-094e-01-01.png,pushing
i_c06-116-07-03.png,The
i_b06-004-02-04.png,with
i_e01-055-07-01.png,with
i_a04-031-09-01.png,to
i_c06-080-03-06.png,which
i_b06-032-01-01.png,leadership
i_a01-128u-09-01.png,to
i_c06-005-00-02.png,2bhoys
i_e02-086-04-08.png,beginning
i_d04-131-06-01.png,known
i_a01-113u-04-04.png,would
i_b02-013-05-05.png,greater
i_a02-037-03-09.png,Takoradi
i_a01-038x-02-02.png,messages
i_a05-099-00-06.png,Germany
i_a04-027-04-02.png,Vienna
i_a06-036-02-03.png,for
i_d05-008-02-01.png,towards
i_a04-099-05-05.png,British
i_e04-052-03-01.png,used
i_b04-128-02-09.png,the
i_b06-032-00-05.png,through
i_d01-080-01-10.png,the
i_d05-030-06-05.png,But
i_a06-100-03-00.png,Premier
i_e04-000-06-06.png,to
i_e04-068-04-08.png,use
i_c03-087f-01-04.png,subject
i_b06-056-00-06.png,for
i_b06-004-03-03.png,published
i_c03-096a-00-07.png,arose
i_d06-030-02-10.png,morning
i_b06-032-04-00.png,helped
i_b02-102-00-00.png,To
i_a05-062-02-06.png,former
i_e06-006-03-00.png,for
i_b01-073-06-00.png,men
i_b06-059-03-06.png,issues
i_a05-053-00-07.png,great
i_b06-008-06-03.png,the
i_c04-035-06-05.png,jump
i_d06-037-05-00.png,realize
i_c06-087-05-00.png,themselves
i_b05-083-05-01.png,task
i_e04-127-05-04.png,shapes
i_e04-109-05-00.png,the
i_d04-131-06-02.png,even
i_b01-009-02-03.png,On
i_e02-094-05-03.png,normally
i_e01-119-05-00.png,the
i_c03-021e-03-02.png,strong
i_d05-040-04-00.png,altars
i_c04-116-02-08.png,Pan
i_c06-128-00-04.png,in
i_b06-087-01-02.png,same
i_a01-026u-06-00.png,the
i_c03-000c-01-04.png,opens
i_b06-110-05-04.png,were
i_a06-119-06-05.png,up
i_a04-069-04-04.png,should
i_a01-003-05-03.png,existence
i_e02-021-05-00.png,the
i_b05-083-03-08.png,their
i_a01-107u-03-03.png,is
i_c03-081e-04-06.png,seen
i_b04-103-03-07.png,tidied
i_b06-079-00-05.png,new
i_b04-116-01-04.png,the
i_e01-025-04-01.png,it
i_e04-119-04-07.png,convenient
i_b04-147-07-00.png,Happy
i_a06-128-07-05.png,to
i_b04-066-05-05.png,and
i_b02-045-02-05.png,Three
i_a04-015-07-02.png,and
i_a02-046-05-01.png,them
i_d04-111-02-06.png,represents
i_d04-050-03-01.png,selfish
i_a01-020u-01-05.png,crisis
i_b01-132-02-04.png,to
i_c02-049-09-04.png,plugs
i_e01-062-06-00.png,to
i_b05-079-00-05.png,Britain
i_b04-128-00-05.png,at
i_b01-122-04-04.png,de
i_d06-050-04-05.png,healthiest
i_a02-072-00-07.png,to
i_c06-014-01-03.png,his
i_e01-018-06-07.png,these
i_b01-014-04-06.png,nothing
i_e04-058-02-05.png,idea
i_e06-006-08-05.png,Reef
i_d01-016-01-04.png,reasonably
i_e02-074-10-02.png,and
i_a03-059-08-03.png,problems
i_b06-079-00-07.png,state-
i_a05-099-07-01.png,in
i_c06-027-01-06.png,what
i_c01-009-01-04.png,sometimes
i_c03-000f-04-06.png,with
i_b05-045-08-06.png,players
i_b05-050-05-00.png,What
i_c01-066-09-04.png,breathless
i_c02-059-06-07.png,selected
i_a06-095-00-07.png,help
i_b04-195-04-06.png,increasingly
i_e04-038-00-05.png,this
i_b02-097-03-05.png,without
i_a01-043x-06-06.png,no
i_e07-061-09-00.png,in
i_a01-132u-06-06.png,foods
i_a01-087u-06-05.png,the
i_a01-003x-01-05.png,are
i_e01-025-03-01.png,of
i_a01-063u-05-05.png,slice
i_a04-015-00-04.png,Mr.
i_a05-017-09-01.png,would
i_a03-034-02-02.png,in
i_b01-113-05-09.png,to
i_b01-132-07-05.png,they
i_a01-058x-04-01.png,the
i_a02-120-04-02.png,in
i_e04-086-00-04.png,long
i_b02-035-05-04.png,not
i_b05-071-00-08.png,and
i_a05-048-10-09.png,footing
i_e06-021-08-05.png,has
i_d06-072-07-00.png,of
i_b01-132-05-00.png,Prime
i_e04-062-08-00.png,shilling
i_c03-016d-09-07.png,and
i_d06-015-03-11.png,there
i_b04-128-01-05.png,by
i_a06-152-03-06.png,out
i_b05-098-05-05.png,have
i_b06-036-04-05.png,What
i_c03-081d-02-06.png,altogether
i_b01-057-03-05.png,a
i_e01-059-04-06.png,those
i_c03-007-04-03.png,and
i_d06-067-09-01.png,day
i_a05-000-03-07.png,produce
i_c03-021e-05-00.png,who
i_b03-104-09-02.png,change
i_a01-007-02-04.png,favour
i_b05-032-05-04.png,Association
i_b06-012-00-06.png,the
i_a01-053x-04-03.png,reported
i_a04-069-04-01.png,Macmillan
i_a06-051-02-08.png,sat
i_c06-095-06-07.png,the
i_a03-014-06-02.png,earlier
i_b06-082-04-00.png,until
i_c03-094f-02-06.png,Maxwell
i_d06-063-07-07.png,East
i_a01-117u-02-02.png,it
i_a06-004-07-03.png,who
i_a01-077-05-04.png,behind
i_a06-044-06-01.png,stop
i_a04-099-00-01.png,Such
i_e01-102-08-01.png,largest
i_a04-006-07-03.png,Foreign
i_d04-131-02-00.png,burdens
i_c03-021e-09-05.png,are
i_a05-108-01-07.png,cult
i_d06-111-00-09.png,she
i_c03-021d-03-06.png,child
i_a01-122-02-03.png,Mr.
i_c03-016d-06-03.png,herself
i_a01-122u-00-07.png,take
i_c04-023-00-04.png,break
i_a01-020-04-04.png,the
i_b06-008-08-02.png,strongest
i_b06-015-00-05.png,West
i_e02-000-01-02.png,and
i_a06-110-01-04.png,had
i_b04-004-01-01.png,done
i_c03-000f-05-08.png,great
i_a06-110-04-05.png,with
i_a04-085-01-03.png,million
i_a01-049x-06-06.png,met
i_a04-039-07-02.png,Soviet
i_c03-021e-07-05.png,gift
i_c02-059-02-02.png,giving
i_c03-003a-02-01.png,again
i_c03-084d-00-03.png,production
i_a01-020u-08-02.png,the
i_a04-027-05-00.png,but
i_a05-009-02-07.png,with
i_b06-045-03-05.png,on
i_a03-034-00-08.png,on
i_a01-011x-08-05.png,a
i_b05-067-05-00.png,intimate
i_a05-029-01-06.png,hand-over
i_d07-085-00-06.png,here
i_b01-132-04-06.png,that
i_d06-000-05-00.png,is
i_a02-082-01-01.png,been
i_b01-009-04-03.png,weakening
i_e04-099-06-02.png,plenty
i_a01-102u-02-06.png,a
i_a01-049u-02-02.png,it
i_e01-062-02-04.png,can
i_b04-181-05-06.png,Britain
i_b04-147-03-06.png,difficulties
i_c03-021f-06-05.png,her
i_d06-003-01-03.png,what
i_c03-021f-02-04.png,women
i_a04-089-01-04.png,Kennedy
i_d01-118-05-04.png,off
i_a04-019-02-06.png,a
i_c03-021b-05-08.png,gives
i_b01-122-05-07.png,in
i_c03-087c-05-08.png,a
i_c03-096b-00-03.png,actions
i_c04-023-01-08.png,the
i_a05-044-00-03.png,the
i_c01-066-05-04.png,deal
i_c04-080-03-04.png,Philips
i_a04-031-09-02.png,all
i_b05-055-01-08.png,good
i_e01-062-03-06.png,is
i_c03-003d-08-03.png,of
i_a01-091u-04-05.png,heavy
i_d07-082-07-06.png,is
i_b01-089-02-05.png,in
i_a06-020-00-05.png,rejection
i_a04-092-04-03.png,cordial
i_d03-117-07-07.png,made
i_b06-012-03-07.png,had
i_c03-096e-04-07.png,hopes
i_b04-054-04-06.png,Preference
i_e04-000-01-06.png,many
i_c03-007c-02-02.png,made
i_a05-069-01-04.png,Macmillan
i_c03-003d-02-05.png,visual
i_b06-068-00-02.png,events
i_a03-059-07-04.png,in
i_b04-010-05-07.png,time
i_a02-008-01-01.png,Relations
i_a01-014u-06-01.png,Greenfield
i_a01-020-02-03.png,He
i_a02-111-00-02.png,the
i_e04-026-00-01.png,attach
i_c06-095-04-02.png,of
i_b01-009-05-03.png,change
i_c03-087c-05-04.png,succeeded
i_a04-006-00-00.png,Mr.
i_d04-058-05-03.png,fruit
i_c06-043-08-02.png,up
i_c03-081c-04-07.png,However
i_a04-096-01-08.png,Great
i_a06-152-09-02.png,total
i_e06-003-01-00.png,movements
i_e07-012-01-08.png,the
i_b05-079-05-06.png,the
i_a01-087u-01-02.png,attack
i_b04-202-06-07.png,destiny
i_b01-136-03-06.png,Wedding
i_c03-087c-04-09.png,whether
i_d01-019-04-01.png,damaged
i_c06-005-00-06.png,the
i_c03-000c-05-02.png,advantages
i_b06-042-02-05.png,prevent
i_a05-039-06-01.png,in
i_e01-032-09-00.png,traditional
i_a01-049x-10-03.png,loyalty
i_c04-150-06-08.png,boy
i_a01-049x-04-05.png,Committee
i_c03-081c-00-07.png,technical
i_d06-020-00-05.png,the
i_a06-152-09-05.png,to
i_d01-085-02-09.png,roll
i_a03-073-11-00.png,like
i_c04-089-06-02.png,with
i_b06-090-04-01.png,and
i_e01-086-02-02.png,part
i_a01-132-04-05.png,Powell
i_c06-100-04-03.png,)
i_a05-022-03-00.png,serve
i_e01-102-01-07.png,mercerised
i_e06-000-06-07.png,East
i_a02-098-05-00.png,from
i_a05-113-05-03.png,so
i_d05-025-04-06.png,the
i_a01-068u-01-03.png,pay
i_b04-202-00-07.png,being
i_a01-122-01-04.png,than
i_c04-004-02-07.png,Fox
i_b06-075-00-05.png,unity
i_c03-096d-06-02.png,believe
i_d04-075-07-06.png,the
i_a01-003x-06-06.png,be
i_b04-169-04-06.png,that
i_b05-079-02-04.png,successful
i_b06-079-00-01.png,is
i_e06-070-01-00.png,And
i_a01-107u-07-00.png,when
i_b04-010-02-02.png,world
i_c06-058-05-03.png,to
i_d06-008-06-04.png,that
i_e06-026-02-01.png,biased
i_c04-139-03-07.png,with
i_a06-008-07-01.png,a
i_a01-063u-05-01.png,week
i_a02-093-02-05.png,He
i_c04-165-03-06.png,Eric
i_d05-025-01-03.png,written
i_b01-073-01-05.png,United
i_c06-103-07-02.png,and
i_a01-020-01-00.png,Lancaster
i_a05-004-02-05.png,for
i_a01-026u-03-04.png,The
i_c04-013-06-01.png,song
i_a05-013-08-00.png,of
i_a02-032-03-00.png,to
i_a03-043-03-04.png,cent
i_c04-017-04-06.png,this
i_c04-156-02-06.png,job
i_c04-050-01-08.png,week
i_d01-024-04-03.png,the
i_a02-017-00-06.png,Henry
i_e01-032-05-00.png,to
i_c04-165-03-01.png,an
i_b04-121-00-09.png,may
i_a04-010-06-07.png,30-minute
i_a01-011x-08-07.png,of
i_a01-020x-00-04.png,with
i_b04-134-07-05.png,sense
i_a01-007-02-05.png,the
i_d06-096-03-06.png,so
i_a01-063x-05-04.png,A
i_e06-021-06-00.png,But
i_c04-035-01-06.png,let
i_e01-018-07-01.png,very
i_d05-025-06-04.png,the
i_b04-054-05-05.png,end
i_d04-121-05-06.png,the
i_c02-082-01-02.png,Cantabile
i_b06-015-09-03.png,has
i_b05-038-04-01.png,by
i_b04-140-08-06.png,were
i_a04-092-05-02.png,Great
i_a03-034-07-01.png,unemployment
i_a04-089-07-02.png,have
i_e06-041-01-03.png,gear
i_c04-066-08-00.png,record
i_b01-094-01-05.png,best
i_c02-056-02-07.png,tongue-in-cheek
i_a02-000-05-06.png,was
i_e04-099-05-03.png,If
i_b01-118-04-01.png,he
i_a06-000-04-01.png,in
i_b04-107-02-01.png,peaceful
i_b04-060-03-06.png,Makarios
i_a01-063-04-02.png,German
i_e01-018-02-02.png,a
i_b01-038-04-00.png,payments
i_d04-028-05-01.png,with
i_b05-074-02-04.png,Holland
i_c06-039-04-09.png,Israel
i_a02-024-06-02.png,the
i_c03-087a-06-09.png,the
i_c04-017-00-00.png,But
i_a03-006-02-01.png,Minister
i_a01-003u-08-00.png,House
i_a04-003-04-03.png,would
i_c03-081c-06-05.png,the
i_d07-100-01-05.png,interpretation
i_e06-041-05-00.png,Underwater
i_a02-020-02-07.png,MR.
i_b04-096-00-01.png,the
i_b01-049-07-02.png,against
i_d04-028-00-07.png,of
i_c06-083-02-02.png,Hudson
i_c06-128-03-03.png,was
i_e06-026-03-00.png,different
i_a03-009-04-04.png,political
i_c03-087d-02-04.png,melodramatic
i_a05-025-04-00.png,Mr.
i_d04-008-04-02.png,stylus
i_b05-032-09-08.png,workers
i_a01-020u-02-03.png,up
i_c03-094e-02-06.png,Maxwell
i_c06-031-01-11.png,to
i_a01-000u-01-00.png,nominating
i_a03-006-00-03.png,example
i_a01-049u-01-02.png,the
i_c02-059-01-04.png,are
i_a04-089-09-05.png,planned
i_b06-042-01-00.png,alliances
i_e02-091-04-01.png,this
i_b04-034-03-04.png,their
i_d01-085-05-04.png,size
i_a01-117-01-05.png,make
i_a01-058x-06-03.png,to
i_d04-050-02-06.png,personal
i_a02-106-01-02.png,in
i_e04-011-06-04.png,then
i_a06-090-07-02.png,took
i_c03-003e-04-01.png,to
i_a01-030-06-09.png,in
i_c03-003d-08-00.png,create
i_e02-117-08-04.png,difficulty
i_b04-162-01-03.png,happened
i_b05-050-03-03.png,stalwarts
i_b05-032-03-07.png,Britishers
i_b01-094-08-05.png,outsiders
i_a04-027-04-01.png,the
i_b06-008-07-07.png,country
i_b06-056-05-04.png,pseudo
i_c04-089-06-00.png,comes
i_a01-128u-02-03.png,defence
i_e04-034-06-00.png,for
i_a01-122u-01-03.png,children
i_b04-020-00-01.png,of
i_e01-102-03-02.png,doilies
i_d06-050-01-04.png,the
i_a02-042-02-08.png,the
i_a02-032-03-05.png,Times
i_a01-132x-02-08.png,adjust
i_d06-091-09-02.png,adventure
i_c01-066-02-00.png,mischief
i_c01-066-00-01.png,evil
i_d04-062-00-08.png,your
i_c04-075-04-02.png,a
i_d01-019-05-01.png,of
i_b06-027-05-03.png,his
i_a06-057-04-08.png,now
i_b06-045-05-03.png,we
i_b02-045-08-00.png,the
i_c03-096b-02-07.png,to
i_a06-004-05-04.png,selling
i_a06-134-03-05.png,real
i_e02-086-02-11.png,enable
i_d04-028-04-09.png,be
i_c06-076-03-02.png,drunk
i_c04-075-01-09.png,out
i_c03-007c-02-08.png,streets
i_a03-080-05-02.png,was
i_d06-056-05-05.png,pain
i_e01-102-08-05.png,8
i_b06-071-09-02.png,movement
i_a01-020x-02-07.png,his
i_e01-102-04-00.png,the
i_a04-027-01-08.png,Last
i_a02-027-04-07.png,strong
i_a02-012-08-00.png,Food
i_d04-028-00-04.png,shall
i_b05-088-03-10.png,just
i_c04-028-05-06.png,slim
i_a03-014-01-03.png,Oum
i_c04-098-02-07.png,pounds
i_b04-060-05-01.png,the
i_b05-042-03-05.png,becoming
i_b06-079-06-02.png,an
i_e02-117-06-06.png,specially
i_e04-000-03-06.png,of
i_e07-066-01-04.png,kindly
i_c04-150-04-10.png,stripped
i_a03-047-06-06.png,corridors
i_a06-128-02-02.png,to
i_a01-058u-02-06.png,He
i_b06-045-01-00.png,to
i_a06-004-02-04.png,retrospective
i_d01-080-00-08.png,others
i_e07-007-07-02.png,native
i_d07-102-02-05.png,itself
i_c03-016e-05-03.png,when
i_a05-094-06-04.png,in
i_c02-035-00-07.png,Malachias
i_a01-113-04-08.png,which
i_a02-027-01-03.png,the
i_c06-058-06-03.png,pals
i_c04-013-03-06.png,chap
i_a05-104-04-03.png,no
i_e06-053-05-01.png,the
i_a01-026x-07-05.png,Prime
i_c03-016e-06-02.png,herself
i_d04-047-06-00.png,Lord
i_c04-017-04-05.png,by-passed
i_a06-008-06-03.png,the
i_d06-072-05-05.png,without
i_c03-003f-05-09.png,In
i_a05-069-03-06.png,almost
i_c04-008-01-05.png,of
i_b01-122-02-05.png,he
i_e01-022-02-03.png,down
i_e06-037-01-01.png,always
i_a03-063-05-03.png,plans
i_e02-025-01-00.png,the
i_a02-093-03-03.png,Colonial
i_a01-077u-02-02.png,cables
i_c03-094a-06-01.png,asked
i_a01-102-01-00.png,healing
i_a01-049u-01-06.png,a
i_a04-085-09-00.png,written
i_b04-116-06-04.png,Rhodesia
i_c03-000a-02-01.png,Theatre
i_d06-072-06-00.png,planning
i_b02-102-01-02.png,down
i_a01-113-05-06.png,charges
i_a06-004-02-00.png,Government
i_a04-089-08-04.png,larger
i_a06-070-03-04.png,with
i_a01-091-01-05.png,were
i_a02-046-03-05.png,shopgirls
i_a04-043-00-01.png,GAITSKELL
i_d06-003-05-12.png,on
i_b04-169-06-04.png,of
i_a04-089-03-04.png,opposed
i_b04-004-08-04.png,by
i_a01-000x-03-06.png,on
i_a06-128-06-00.png,MR.
i_b04-004-10-01.png,made
i_d06-113-04-01.png,on
i_b04-121-02-03.png,ministers
i_c04-150-03-07.png,on
i_e07-012-08-00.png,According
i_d06-063-01-04.png,the
i_a05-108-02-06.png,and
i_c02-078-00-06.png,speed
i_e07-072-09-02.png,a
i_b06-090-02-05.png,has
i_c04-039-08-01.png,of
i_a01-007x-00-05.png,life
i_c06-031-04-01.png,two
i_c03-084e-03-10.png,the
i_d04-131-05-03.png,Egypt
i_e01-102-04-04.png,used
i_a04-039-08-05.png,peace
i_e06-041-09-02.png,inwards
i_b04-060-00-05.png,the
i_a01-014x-05-08.png,bound
i_c03-003f-00-04.png,filmed
i_a01-043x-00-04.png,House
i_b04-162-00-04.png,successful
i_c04-170-03-00.png,that
i_a01-117-03-06.png,23.1
i_e01-014-00-01.png,know
i_a01-014-01-02.png,talks
i_a01-000x-03-03.png,down
i_b05-058-04-03.png,led
i_a01-058u-06-02.png,to
i_a01-038x-04-05.png,cease
i_c03-007a-03-03.png,the
i_b04-147-06-06.png,earn
i_c06-058-06-00.png,round
i_e02-086-09-01.png,enormously
i_c03-016b-01-00.png,realism
i_c06-106-00-05.png,(
i_b02-013-03-01.png,heart
i_a04-035-07-05.png,cheering
i_a06-110-02-06.png,people
i_c03-003e-03-06.png,marriage
i_c04-144-02-04.png,interview
i_c03-021a-03-05.png,unborn
i_a01-030x-01-07.png,the
i_a01-132u-05-00.png,the
i_e04-114-02-11.png,are
i_a04-023-03-10.png,U.S.
i_c06-083-03-07.png,spends
i_b05-050-06-03.png,creeping
i_a01-058x-08-00.png,talks
i_a01-128-05-06.png,Service
i_b06-053-05-05.png,our
i_a01-003u-05-05.png,peers
i_b04-040-02-07.png,driving
i_d01-024-05-03.png,the
i_a04-103-04-02.png,of
i_b04-081-05-02.png,extra
i_b04-128-00-12.png,industry
i_e07-072-02-03.png,demand
i_d07-096-04-06.png,of
i_b03-098-02-05.png,the
i_c03-016c-04-05.png,something
i_c03-021a-06-00.png,hour
i_a02-111-01-06.png,proposals
i_c04-144-01-04.png,the
i_d05-021-07-01.png,Bible
i_b04-128-02-02.png,staid
i_a04-085-07-04.png,submarine
i_b02-035-00-04.png,Mr.
i_b05-067-05-07.png,chain
i_e06-037-09-09.png,of
i_b04-187-05-01.png,public
i_a04-092-08-00.png,regrettable
i_c06-100-05-04.png,typical
i_a03-059-02-01.png,and
i_b01-049-01-00.png,Germany
i_e01-081-05-00.png,which
i_b05-098-03-07.png,took
i_d06-111-05-04.png,for
i_a02-098-03-02.png,there
i_b01-062-06-03.png,our
i_a03-059-08-02.png,the
i_a06-100-03-03.png,He
i_d06-091-07-04.png,going
i_d01-049-01-02.png,that
i_b04-187-02-11.png,believe
i_e02-000-06-05.png,and
i_c02-017-03-03.png,near
i_c06-106-03-04.png,She
i_b06-008-04-03.png,by
i_a03-080-00-03.png,spokesman
i_c03-000b-05-05.png,unity
i_b01-009-03-01.png,that
i_a05-017-09-00.png,engagement
i_a02-012-05-06.png,Mr.
i_c06-083-07-03.png,nauseating
i_a01-091-07-01.png,that
i_c06-043-08-01.png,times
i_c06-000-02-04.png,Most
i_a05-039-07-02.png,the
i_c03-084a-01-00.png,effective
i_d06-060-08-00.png,the
i_a01-058u-05-01.png,he
i_e01-029-00-08.png,design
i_b01-089-07-02.png,to
i_e06-070-05-05.png,more
i_e01-029-05-00.png,to
i_b04-004-05-06.png,who
i_e01-059-05-00.png,Paris
i_c02-078-01-08.png,and
i_b05-074-09-01.png,them
i_a01-087u-04-06.png,inciting
i_d04-131-01-03.png,1
i_c04-061-01-06.png,laughable
i_b04-195-02-00.png,Cambridge
i_c03-003f-02-01.png,again
i_a06-124-01-10.png,will
i_a04-096-09-00.png,Britain
i_a02-093-07-04.png,and
i_d06-050-00-03.png,necessarily
i_c02-022-02-00.png,poor
i_c03-094d-02-05.png,appealing
i_c03-081d-00-04.png,has
i_a03-043-01-04.png,in
i_e06-053-05-03.png,might
i_a03-034-04-03.png,ago
i_c02-035-01-05.png,for
i_b06-079-04-00.png,troops
i_a01-113u-03-00.png,provide
i_b05-062-00-04.png,from
i_a02-046-02-01.png,up
i_c04-160-05-04.png,and
i_c03-081e-05-07.png,Johnstone
i_a04-010-02-07.png,M.P.s
i_a04-003-05-02.png,only
i_c03-096f-00-00.png,Only
i_c03-007f-03-06.png,school
i_e01-092-02-06.png,the
i_c03-021c-02-05.png,by
i_a03-050-03-00.png,between
i_a05-121-05-00.png,tests
i_d06-025-07-04.png,Using
i_b05-042-08-00.png,trade
i_a01-077-02-04.png,cables
i_c03-094c-07-10.png,with
i_c03-003f-00-08.png,has
i_e06-015-08-04.png,they
i_a01-030x-03-04.png,secret
i_c04-013-03-03.png,too
i_d06-072-07-03.png,going
i_c03-094f-07-00.png,their
i_a06-147-04-09.png,to
i_a06-039-05-02.png,the
i_c06-039-03-04.png,chat
i_b04-010-06-00.png,show
i_c03-007d-01-07.png,of
i_c03-007-05-00.png,strewn
i_a01-087u-05-03.png,angry
i_d04-066-08-01.png,will
i_e07-066-04-00.png,greenhouse
i_d05-025-02-07.png,Milton
i_b05-042-01-03.png,by
i_d05-008-05-01.png,those
i_b05-045-09-00.png,each
i_a01-058u-02-01.png,balance
i_b03-092-06-01.png,Office
i_d04-131-04-08.png,were
i_b03-109-06-00.png,circumstances
i_e01-029-08-02.png,true
i_c01-014-03-00.png,egocentric
i_e01-022-04-06.png,turn
i_b06-110-04-08.png,by
i_e02-074-02-07.png,making
i_c02-026-03-04.png,drop
i_c03-096b-02-06.png,driven
i_a01-049-01-03.png,by
i_a01-091-03-00.png,censure
i_b06-056-08-03.png,on
i_a02-017-06-01.png,Commission
i_a01-107-01-05.png,and
i_e04-004-01-11.png,have
i_c02-056-01-04.png,in
i_a04-000-02-01.png,Market
i_c04-122-05-05.png,which
i_a01-102u-08-00.png,fiddling
i_e02-074-06-04.png,less
i_a01-132u-03-00.png,adjust
i_c06-083-07-02.png,most
i_d05-025-06-00.png,a
i_a06-147-06-02.png,West
i_e02-025-04-05.png,to
i_e06-046-03-00.png,through
i_c03-003e-02-08.png,qualities
i_a02-072-04-00.png,the
i_d07-093-06-05.png,is
i_b01-000-05-03.png,from
i_a06-051-01-01.png,parts
i_a05-022-06-02.png,to
i_c03-007a-05-03.png,head-stones
i_e04-034-05-07.png,contrasting
i_a01-072u-04-05.png,painful
i_a04-092-03-05.png,the
i_b05-071-03-10.png,kid
i_c03-081d-09-00.png,a
i_b02-045-03-07.png,be
i_c03-003d-06-01.png,has
i_b01-004-01-02.png,this
i_e06-015-09-05.png,at
i_c03-094c-06-00.png,their
i_c04-017-00-04.png,a
i_c03-087c-05-02.png,the
i_c03-021f-07-00.png,He
i_d01-056-08-04.png,matter
i_a05-022-03-01.png,at
i_c03-016d-04-05.png,something
i_a01-030-04-07.png,with
i_a01-014u-01-05.png,the
i_a01-077u-03-05.png,admitted
i_a04-000-02-02.png,during
i_c02-049-10-01.png,)
i_c03-021b-07-01.png,to
i_e04-019-04-00.png,Fix
i_a01-030x-01-00.png,ration
i_b01-127-05-03.png,is
i_a04-054-03-08.png,retaliatory
i_b06-027-00-00.png,Last
i_b04-154-04-00.png,against
i_c03-084f-07-04.png,destructive
i_a02-082-06-03.png,were
i_a01-020-04-03.png,give
i_a01-068u-04-04.png,paying
i_b05-032-10-04.png,again
i_a04-035-08-04.png,through
i_a01-063u-08-01.png,point
i_c04-098-01-08.png,OTTO
i_a04-019-05-09.png,there
i_d04-053-09-00.png,the
i_b05-042-07-02.png,skilled
i_c04-075-06-04.png,got
i_a06-090-03-02.png,can
i_a06-057-03-13.png,had
i_c06-083-05-08.png,and
i_a01-011u-01-03.png,Party
i_b04-202-05-03.png,Virgil
i_a01-007-03-02.png,House
i_a05-069-00-04.png,of
i_c04-004-07-00.png,carrot
i_c03-087f-01-02.png,of
i_c03-003e-02-01.png,again
i_e07-072-06-05.png,than
i_d01-016-02-04.png,different
i_b03-087-00-08.png,least
i_d04-071-04-05.png,father
i_d07-100-03-01.png,added
i_e04-019-01-01.png,the
i_b04-000-03-01.png,of
i_d06-107-09-03.png,always
i_a04-003-04-04.png,accept
i_b04-169-02-00.png,that
i_a03-043-03-02.png,36
i_b04-162-05-07.png,of
i_a06-119-07-03.png,set
i_e04-034-05-01.png,suitable
i_c03-087d-04-02.png,world
i_a05-108-02-03.png,had
i_b04-004-03-06.png,HOUNDING
i_d05-040-02-08.png,was
i_d07-096-00-06.png,sugya
i_c04-150-02-07.png,part
i_a04-000-01-03.png,Macmillan
i_a01-007u-05-05.png,rival
i_c04-013-02-02.png,editress
i_b05-067-03-11.png,and
i_e04-124-01-06.png,of
i_b01-057-02-00.png,Those
i_e02-100-06-00.png,not
i_e01-086-02-06.png,stitch
i_c03-000c-00-05.png,Shelagh
i_d04-012-07-03.png,loves
i_e01-025-06-00.png,viable
i_c03-084e-03-04.png,play
i_b04-054-05-02.png,that
i_a02-032-04-08.png,)
i_a01-096u-06-06.png,amazed
i_a04-015-05-09.png,the
i_e04-011-00-05.png,are
i_a05-013-02-04.png,initiated
i_c06-111-05-07.png,called
i_c03-003e-07-07.png,to
i_c03-081f-06-04.png,scenes
i_d06-008-07-07.png,face
i_c06-005-03-06.png,Present
i_c03-000b-04-08.png,great
i_d04-075-05-09.png,be
i_e01-055-07-00.png,revived
i_a05-084-01-00.png,French
i_d06-091-06-04.png,any
i_a01-058u-07-03.png,personal
i_c03-081b-07-00.png,the
i_d01-056-01-02.png,the
i_c06-080-00-01.png,performance
i_e04-083-03-08.png,these
i_d01-024-01-07.png,Gospel
i_b04-047-02-07.png,Scot
i_a01-102u-01-05.png,considered
i_d05-025-01-00.png,forty
i_e06-037-04-00.png,sometimes
i_d04-125-03-07.png,are
i_c04-056-03-09.png,instead
i_e01-086-00-01.png,methods
i_b06-090-03-00.png,real
i_e01-025-07-04.png,tastes
i_a03-027-04-09.png,making
i_b05-055-02-08.png,and
i_d01-056-07-06.png,as
i_a02-046-04-01.png,If
i_d06-015-02-05.png,it
i_c04-039-05-06.png,held
i_a01-113-00-05.png,conception
i_e01-035-00-00.png,For
i_c03-084f-07-01.png,theme
i_a02-020-01-07.png,Murville
i_c04-017-02-03.png,long
i_e01-025-05-02.png,good
i_e02-086-02-10.png,will
i_b02-035-06-01.png,it
i_b06-000-02-02.png,report
i_a01-122-07-01.png,it
i_d04-005-06-05.png,place
i_a01-091-05-00.png,placing
i_c03-084a-03-02.png,Last
i_a01-026x-07-08.png,the
i_c03-094e-06-05.png,modulate
i_e04-022-02-08.png,side
i_e07-007-03-03.png,the
i_b05-071-00-01.png,understood
i_e01-086-00-03.png,be
i_c03-094c-07-01.png,and
i_b02-045-06-01.png,should
i_b06-100-07-00.png,centage
i_c03-007-05-05.png,worn
i_a01-049x-09-05.png,he
i_a02-032-00-07.png,have
i_a01-000x-01-03.png,life
i_a05-080-01-05.png,from
i_e02-018-01-02.png,when
i_c03-000a-04-01.png,with
i_d06-008-04-04.png,may
i_a01-026u-05-01.png,by
i_a04-027-05-01.png,no
i_c03-003b-04-00.png,background
i_c03-016e-04-02.png,learns
i_e04-099-01-05.png,margin
i_c02-022-08-00.png,setting
i_a04-031-04-01.png,beginning
i_b05-088-07-05.png,twenty-one
i_a01-038x-01-04.png,the
i_a06-114-06-01.png,moves
i_e07-007-03-07.png,mantis
i_a01-014x-02-04.png,Nkumbula
i_e01-014-05-06.png,not
i_b05-083-04-04.png,Inland
i_b01-127-07-05.png,On
i_b01-136-02-02.png,will
i_c03-003b-03-00.png,the
i_a01-043x-03-01.png,has
i_a06-141-04-04.png,Next
i_e06-021-10-00.png,are
i_b01-132-02-03.png,try
i_a05-029-06-01.png,on
i_a01-096u-09-03.png,service
i_e06-037-05-05.png,in
i_a03-063-00-00.png,Sentence
i_a04-050-01-06.png,which
i_a03-017-06-08.png,country
i_b05-083-00-00.png,In
i_a04-081-08-00.png,urgent
i_c03-016b-04-01.png,sex
i_b05-032-09-00.png,hope
i_b05-032-10-01.png,theoretical
i_d04-125-02-04.png,to
i_c01-066-09-01.png,one
i_d06-060-06-06.png,an
i_a01-087u-06-03.png,issue
i_d01-019-05-05.png,placing
i_a01-030x-03-05.png,negotiations
i_d04-037-02-01.png,unto
i_a06-128-05-02.png,has
i_a01-128-01-06.png,his
i_a06-128-06-02.png,raises
i_a03-037-06-03.png,Madawaska
i_a04-085-02-03.png,with
i_c04-066-03-02.png,key
i_b06-004-06-03.png,for
i_a05-121-08-06.png,to
i_a06-100-02-04.png,of
i_a01-043x-06-04.png,there
i_b01-089-00-02.png,Powers
i_c03-007-04-04.png,the
i_c03-087c-01-02.png,subject
i_a04-059-01-03.png,Loch
i_e07-072-03-01.png,the
i_b04-060-02-01.png,once
i_e04-119-02-09.png,this
i_b06-012-03-10.png,at
i_a02-057-03-00.png,to
i_c06-083-05-07.png,before
i_e04-099-04-08.png,the
i_a01-049-05-01.png,another
i_b06-100-02-03.png,us
i_c06-027-06-09.png,when
i_a01-026x-09-00.png,at
i_c06-138-09-01.png,sensation-hunger
i_d01-056-00-04.png,for
i_a06-152-02-01.png,East
i_d05-030-08-02.png,a
i_c03-087e-00-01.png,went
i_e06-046-04-01.png,of
i_c03-087a-03-04.png,and
i_c04-056-02-08.png,old
i_a01-077u-03-01.png,his
i_c03-096a-04-02.png,he
i_e04-030-04-00.png,wire
i_b06-045-04-08.png,Alongside
i_a01-007-04-02.png,to
i_a01-049u-03-01.png,gossip
i_a03-047-08-05.png,the
i_a06-000-03-06.png,Budget
i_b01-079-02-01.png,rightly
i_b06-087-03-00.png,Congress
i_a04-096-03-02.png,the
i_a01-128u-08-01.png,proposed
i_b01-118-00-08.png,con-
i_d06-003-03-11.png,I
i_e01-062-05-06.png,given
i_d07-089-09-05.png,quotes
i_a02-072-03-00.png,hopes
i_c04-039-07-00.png,performance
i_c04-004-01-05.png,than
i_a03-014-06-03.png,in
i_c04-050-02-00.png,or
i_b01-118-05-05.png,It
i_c03-081e-07-04.png,in
i_e04-019-04-07.png,first
i_c06-076-06-08.png,no
i_e02-014-00-04.png,smoothing
i_a05-039-02-06.png,the
i_a03-034-00-05.png,basing
i_a01-000x-00-00.png,A
i_a01-043-07-04.png,be
i_a02-078-01-06.png,Mr.
i_c03-087b-05-08.png,not
i_d07-100-08-04.png,almost
i_c06-116-09-04.png,man
i_d04-005-03-03.png,been
i_a03-073-01-00.png,Streak
i_b02-045-01-06.png,which
i_a02-027-00-05.png,by
i_c03-000e-04-02.png,with
i_b01-127-02-05.png,carry
i_e07-061-00-02.png,Moncrieff
i_a05-099-00-03.png,the
i_b04-128-06-02.png,with
i_b05-062-02-05.png,hands
i_b06-068-06-04.png,kite-flying
i_a04-035-06-00.png,state
i_c03-000e-06-05.png,conception
i_b01-004-00-04.png,that
i_e01-081-04-08.png,crochet
i_c06-000-00-05.png,Dublin
i_a03-073-05-03.png,the
i_a01-091u-05-08.png,Mr.
i_d04-012-01-07.png,The
i_c03-094a-04-04.png,Aubrey
i_d01-085-05-02.png,A
i_c06-043-03-02.png,His
i_a04-092-01-04.png,should
i_b01-084-03-04.png,were
i_c04-160-05-07.png,great
i_c02-003-01-07.png,his
i_b06-045-02-02.png,licking
i_c03-087e-05-09.png,or
i_c06-000-05-03.png,around
i_d05-013-03-08.png,children
i_b04-060-00-04.png,that
i_b06-071-09-04.png,the
i_a04-015-03-08.png,again
i_d04-008-05-05.png,and
i_e04-119-02-06.png,them
i_a05-104-08-00.png,the
i_a06-124-03-07.png,which
i_a01-132-09-04.png,free
i_b04-187-01-01.png,next
i_e06-010-03-01.png,the
i_c03-096f-08-01.png,of
i_c04-023-05-02.png,distress
i_d01-085-04-03.png,is
i_e04-019-05-06.png,then
i_b06-075-10-05.png,Tory
i_b01-033-03-07.png,the
i_a06-095-00-00.png,Mr.
i_b04-047-02-12.png,is
i_a03-066-06-00.png,rise
i_e04-058-03-01.png,as
i_a02-008-03-08.png,an
i_a04-050-05-09.png,vulnerable
i_a01-007x-05-06.png,Northern
i_b03-087-01-14.png,is
i_a02-062-05-03.png,Lord
i_a04-103-05-05.png,more
i_b01-044-05-04.png,years
i_d07-100-00-08.png,the
i_b04-162-00-06.png,in
i_a03-043-04-08.png,is
i_e04-052-03-07.png,more
i_a01-068u-02-03.png,own
i_a05-104-02-04.png,for
i_c04-075-05-10.png,piano
i_c04-098-02-09.png,away
i_a06-141-04-09.png,Germany
i_d06-100-04-00.png,for
i_a04-096-06-06.png,so
i_b01-122-03-00.png,fluenced
i_a01-091-08-01.png,monstrous
i_c03-094a-01-00.png,tively
i_d04-086-02-09.png,time
i_c04-023-02-07.png,is
i_e04-127-01-01.png,copper
i_a04-010-08-04.png,this
i_c03-003d-02-07.png,of
i_a01-113u-08-03.png,hostile
i_c04-116-03-03.png,Love
i_b01-027-00-01.png,Queen
i_c03-087f-01-05.png,by
i_a02-062-05-00.png,today
i_b01-118-05-03.png,thirties
i_b04-147-05-03.png,Splendid
i_a05-094-03-00.png,in
i_c03-094e-01-03.png,Miss
i_c02-056-01-07.png,of
i_a06-090-03-04.png,better
i_b01-023-02-03.png,whole
i_b04-066-00-08.png,As
i_a03-030-02-02.png,because
i_a01-053u-00-02.png,these
i_d04-121-05-00.png,questions
i_a02-042-06-04.png,strikers
i_b01-014-03-01.png,the
i_b04-047-01-10.png,Kingdom
i_d06-091-01-03.png,soul
i_e07-061-06-02.png,the
i_a02-027-06-03.png,contribution
i_d04-032-00-00.png,The
i_d07-102-06-00.png,on
i_e01-035-02-02.png,were
i_e01-113-04-05.png,)
i_d01-098-04-02.png,and
i_e01-119-05-08.png,too
i_a06-004-05-03.png,and
i_d01-098-03-00.png,which
i_a01-117-08-09.png,400
i_a01-091-09-01.png,far
i_c03-007-01-07.png,England
i_c03-084a-06-02.png,not
i_b06-027-08-00.png,Heusinger
i_b05-067-06-03.png,top
i_d03-117-02-04.png,are
i_e01-055-09-07.png,high
i_a05-104-01-02.png,standards
i_a01-063-03-04.png,Dr.
i_a01-132x-00-01.png,That
i_b05-083-07-04.png,who
i_a03-066-05-05.png,corresponding
i_c04-139-04-05.png,Instead
i_b01-004-04-01.png,is
i_a05-025-03-05.png,the
i_a01-132u-08-01.png,be
i_d05-013-03-03.png,laying
i_b04-004-10-03.png,scapegoat
i_a06-100-03-08.png,Britain
i_e06-000-01-05.png,the
i_c04-098-03-12.png,find
i_b03-114-06-05.png,result
i_a01-117u-03-05.png,health
i_d01-098-04-09.png,had
i_d04-047-02-02.png,destiny
i_c03-021f-07-02.png,her
i_b05-088-03-05.png,the
i_b03-092-03-01.png,v.
i_a01-113-07-01.png,in
i_d07-096-00-01.png,it
i_a01-011-05-05.png,the
i_d06-008-06-01.png,with
i_a04-092-06-05.png,opinion
i_b03-087-00-01.png,notification
i_d06-008-07-06.png,to
i_b04-066-00-06.png,recovery
i_a04-000-02-03.png,their
i_b06-110-06-01.png,who
i_a03-017-03-01.png,as
i_c03-084e-03-05.png,in
i_a01-030u-03-05.png,negotiations
i_a02-111-03-04.png,Home
i_a02-111-05-04.png,by
i_e01-050-06-05.png,gentle
i_d01-098-00-00.png,The
i_d06-008-01-06.png,become
i_d06-072-07-07.png,is
i_d05-021-00-03.png,ephemeral
i_a04-072-01-04.png,to
i_e06-006-02-01.png,that
i_c02-082-03-01.png,certificate
i_c02-035-02-08.png,similar
i_c03-096a-06-03.png,of
i_d06-063-00-07.png,born
i_c03-081c-04-00.png,enigma
i_d01-123-02-01.png,out
i_c06-000-00-00.png,IT
i_e06-021-05-05.png,do
i_a03-023-09-03.png,60
i_a04-019-05-04.png,Germany
i_e07-003-08-01.png,predatory
i_a01-026u-10-04.png,with
i_e02-074-09-03.png,amount
i_d04-032-08-05.png,was
i_d05-025-07-06.png,of
i_a04-085-06-07.png,the
i_a02-078-05-01.png,Congress
i_b04-060-02-04.png,Government
i_e04-015-06-03.png,for
i_c04-170-02-00.png,to
i_a04-054-05-03.png,the
i_a05-121-03-05.png,humanity
i_b06-000-04-01.png,German
i_c03-000e-06-06.png,and
i_c03-094c-03-02.png,by
i_a01-020x-05-05.png,African
i_a02-111-04-02.png,head-on
i_a03-063-10-02.png,to
i_e06-070-06-03.png,are
i_b04-162-06-00.png,A
i_a01-122-03-06.png,drugs
i_a04-043-07-03.png,weapons
i_b05-055-04-06.png,as
i_b04-047-03-00.png,Scot
i_c02-035-02-05.png,Selpin
i_b04-195-02-07.png,become
i_b06-079-02-07.png,American
i_b01-073-05-05.png,for
i_c03-003d-00-10.png,conceived
i_a01-049u-02-01.png,audience
i_d01-104-00-04.png,have
i_e01-062-03-05.png,crochet
i_b01-089-08-02.png,their
i_c03-007b-06-10.png,of
i_c03-007-02-02.png,made
i_d06-050-01-11.png,and
i_c03-094f-05-00.png,father-in-law
i_c06-000-02-08.png,In
i_c02-082-03-00.png,A
i_b04-181-00-07.png,understand
i_a01-007u-02-03.png,favour
i_a01-003x-07-03.png,not
i_a01-063-05-01.png,in
i_e04-030-06-01.png,pulling
i_a01-096u-04-05.png,years
i_c02-059-07-05.png,work
i_b04-075-00-05.png,the
i_a05-121-01-04.png,sympathisers
i_d06-025-02-01.png,this
i_b01-033-02-01.png,are
i_b04-020-04-02.png,long
i_e01-029-08-00.png,that
i_c03-096f-08-02.png,tradition
i_b01-136-07-03.png,arrangements
i_c03-016a-03-07.png,such
i_a01-003u-00-00.png,Though
i_a06-051-07-01.png,of
i_a01-058u-08-04.png,German
i_b06-053-10-01.png,during
i_a06-057-01-03.png,by
i_b06-004-04-05.png,became
i_a06-075-00-05.png,consideration
i_a01-007u-00-07.png,and
i_a01-038-00-01.png,Macleod
i_d06-000-01-08.png,have
i_c06-058-04-07.png,throws
i_e07-007-06-03.png,offer
i_a01-049x-03-05.png,had
i_a02-057-03-08.png,Supporters
i_c06-128-00-06.png,in
i_a05-069-07-06.png,British
i_e01-035-06-08.png,grew
i_c04-139-05-00.png,will
i_a01-038-03-03.png,Government
i_c03-096e-02-03.png,feels
i_d01-052-01-00.png,written
i_a01-082u-03-02.png,the
i_a04-099-08-06.png,they
i_c03-081b-04-05.png,not
i_a05-029-01-01.png,from
i_c04-028-01-06.png,some
i_a01-020-07-02.png,to
i_a05-013-01-00.png,approval
i_e04-008-00-00.png,All
i_b01-132-02-09.png,people
i_c03-081a-00-00.png,Arguably
i_a04-054-00-02.png,did
i_c02-035-00-02.png,most
i_c02-089-05-01.png,rolling
i_e07-012-06-05.png,firm
i_e01-102-08-07.png,the
i_c04-160-06-03.png,than
i_c04-150-04-00.png,craggy
i_c03-016a-05-00.png,sordid
i_c06-103-03-00.png,certificate
i_b04-134-02-05.png,the
i_a05-080-08-04.png,rather
i_d04-089-01-02.png,we
i_e06-049-06-05.png,same
i_b05-038-05-00.png,in
i_c02-059-05-05.png,awards
i_e06-033-02-01.png,you
i_c04-139-06-00.png,of
i_b04-128-01-00.png,Then
i_a06-157-03-02.png,overflow
i_b02-045-03-03.png,is
i_d06-041-06-00.png,journey
i_b04-116-00-00.png,And
i_a02-042-01-08.png,measures
i_c03-087b-00-01.png,went
i_d04-075-01-07.png,lesson
i_d06-072-09-00.png,and
i_c03-000a-01-00.png,play
i_b05-058-04-04.png,to
i_c01-066-00-07.png,after
i_a05-104-05-06.png,It
i_a04-089-07-04.png,protests
i_e04-124-04-10.png,put
i_a06-036-07-08.png,hours
i_c02-059-09-00.png,acting
i_d05-008-01-00.png,the
i_d04-125-03-00.png,freedoms
i_e06-053-02-00.png,happen
i_a05-069-05-04.png,He
i_c04-160-05-02.png,of
i_d06-091-02-01.png,say
i_c04-028-00-02.png,Todd
i_b06-036-05-09.png,her
i_a05-084-06-03.png,sub-normality
i_c03-084a-07-03.png,ambition
i_e04-004-00-08.png,1
i_c03-081a-07-03.png,the
i_a02-020-03-04.png,enough
i_b04-147-03-02.png,appointed
i_d06-086-06-03.png,more
i_c03-003a-07-08.png,create
i_c02-017-09-01.png,miracle
i_a04-096-07-00.png,as
i_c06-091-02-10.png,home
i_c06-080-08-01.png,Dolce
i_b04-181-06-08.png,fight
i_a02-027-02-03.png,of
i_c01-066-04-04.png,Moore
i_b05-071-04-00.png,selves
i_c03-003e-02-06.png,the
i_c03-000c-04-08.png,and
i_a01-132-07-07.png,welfare
i_b06-032-03-00.png,by
i_c01-066-05-00.png,to
i_a02-086-01-03.png,that
i_e01-119-01-06.png,thread
i_e01-113-04-03.png,Fig.
i_c03-016d-06-08.png,clumsily
i_a05-039-03-00.png,appearance
i_e04-022-00-01.png,on
i_a01-107u-03-05.png,and
i_a05-004-01-07.png,and
i_b04-121-00-06.png,that
i_a01-020u-05-01.png,the
i_a01-117-04-01.png,Mr.
i_b01-027-03-04.png,in
i_e02-086-07-09.png,have
i_a02-053-02-07.png,Ambassador
i_a06-075-01-04.png,to
i_c03-081d-07-03.png,in
i_a03-071-03-05.png,that
i_a06-036-04-01.png,were
i_e04-099-01-03.png,leave
i_c03-081e-06-00.png,makes
i_c03-021b-06-01.png,of
i_a05-044-07-00.png,Villiers
i_a01-063-05-00.png,due
i_b01-014-01-02.png,she
i_e04-011-02-07.png,timber
i_a05-084-00-07.png,The
i_a02-020-00-05.png,reviewed
i_e02-091-01-06.png,which
i_d04-047-02-00.png,summons
i_d05-008-03-09.png,for
i_b04-060-06-01.png,back
i_d04-121-00-12.png,the
i_d03-117-05-02.png,lines
i_a01-113-02-04.png,service
i_d07-082-04-00.png,not
i_d04-111-10-05.png,which
i_e07-061-02-00.png,first
i_c04-098-00-04.png,his
i_b01-113-05-03.png,apartheid
i_d04-047-05-03.png,the
i_b02-013-03-07.png,)
i_b05-083-03-01.png,Eichmann
i_a01-072x-00-05.png,big
i_c02-078-05-08.png,story
i_b05-062-00-11.png,been
i_a06-134-00-04.png,Big
i_b05-098-06-03.png,strict
i_a04-085-03-05.png,examination
i_e07-007-07-05.png,mantis
i_a01-091-05-04.png,those
i_a01-026-08-03.png,the
i_a02-017-05-01.png,goes
i_c03-003f-01-05.png,the
i_e04-124-01-11.png,seats
i_a01-128-04-06.png,making
i_a05-094-09-00.png,golf-course
i_a03-050-02-04.png,as
i_a06-070-01-10.png,British
i_c03-007c-00-02.png,Taste
i_a03-030-05-01.png,on
i_b03-114-02-03.png,to
i_c03-016a-03-00.png,her
i_b06-075-03-06.png,basis
i_c02-049-08-04.png,to
i_c06-058-03-07.png,fragment
i_b06-064-02-00.png,were
i_c03-084d-01-07.png,formal
i_a06-025-06-00.png,and
i_e04-011-00-08.png,and
i_d06-091-08-05.png,you
i_c03-000e-04-05.png,of
i_d04-021-00-00.png,The
i_b01-062-07-05.png,MRA
i_e04-019-03-00.png,from
i_e06-026-04-02.png,known
i_b04-010-05-05.png,It
i_a02-053-03-08.png,the
i_a01-014u-07-04.png,talks
i_a05-009-06-04.png,process
i_b02-102-01-00.png,millstone
i_a05-039-10-04.png,a
i_d03-117-03-02.png,become
i_a02-120-09-02.png,final
i_c06-047-05-02.png,for
i_b06-056-00-02.png,every
i_e04-034-06-09.png,decorated
i_c04-056-05-07.png,by
i_a03-027-00-03.png,travelled
i_a05-073-02-00.png,some
i_b06-012-01-06.png,of
i_a01-117u-01-05.png,than
i_e01-119-04-02.png,directions
i_c06-128-07-03.png,FEW
i_e04-052-01-09.png,over
i_b06-056-00-00.png,They
i_c03-094b-01-01.png,pushing
i_b03-109-07-02.png,convenience
i_c06-095-02-05.png,jeans-and-
i_d04-005-03-07.png,charge
i_b06-053-10-03.png,years
i_a04-003-06-01.png,down
i_b06-019-00-03.png,been
i_a01-014x-00-00.png,Sir
i_a04-103-06-04.png,war
i_d06-037-02-00.png,which
i_a01-087u-05-07.png,dealt
i_b04-128-02-06.png,is
i_b04-047-01-02.png,England
i_b01-023-01-08.png,a
i_a01-058x-00-04.png,to
i_e01-025-02-02.png,standards
i_a03-030-09-03.png,expectancy
i_e06-015-03-04.png,still
i_a02-086-01-02.png,statements
i_b02-097-04-01.png,for
i_a02-111-10-04.png,the
i_a01-049-06-05.png,in
i_a01-091u-08-05.png,ranks
i_a03-034-06-05.png,in
i_a01-053-03-02.png,rushed
i_c03-021c-02-00.png,from
i_a05-084-05-09.png,a
i_e01-014-05-08.png,willing
i_e06-026-02-04.png,or
i_a04-019-03-08.png,given
i_b05-017-03-04.png,stand
i_a01-082u-08-04.png,are
i_a01-091u-02-03.png,defeat
i_c03-016d-04-02.png,learns
i_e06-053-05-07.png,the
i_a04-006-01-03.png,apply
i_c03-081a-04-06.png,seen
i_e01-119-06-05.png,Loop
i_b06-097-04-01.png,open
i_d04-071-01-07.png,the
i_a05-053-04-03.png,step
i_a05-084-00-02.png,now
i_c03-087f-03-02.png,its
i_d06-046-06-05.png,Many
i_a05-084-03-04.png,brought
i_b01-113-05-06.png,be
i_d03-112-06-03.png,Adam
i_a01-063x-04-02.png,Minister
i_d04-066-04-02.png,to
i_c03-081d-02-07.png,clearer
i_c02-000-02-00.png,Film
i_e06-049-04-04.png,footrope
i_a03-073-08-04.png,Knight
i_c04-023-02-01.png,to
i_d07-093-00-03.png,answer
i_a05-094-00-01.png,trouble
i_a01-011x-08-00.png,Macleod
i_e06-049-03-01.png,evidence
i_a06-057-01-05.png,Prime
i_a01-087u-05-06.png,One
i_b03-104-07-05.png,the
i_a06-039-05-05.png,countries
i_c03-000f-00-00.png,The
i_a01-117-06-02.png,it
i_a02-067-06-02.png,affairs
i_a05-116-01-00.png,and
i_a06-110-08-00.png,on
i_d07-089-10-09.png,Levi
i_c04-000-00-07.png,Frankie
i_e07-061-04-01.png,Spanish
i_a01-063u-05-00.png,next
i_c03-021b-06-03.png,and
i_c06-076-04-07.png,one
i_d01-118-00-04.png,codex
i_d06-003-03-09.png,Not
i_a01-107-04-07.png,nothing
i_d05-008-00-03.png,opened
i_d04-111-10-07.png,dip-in
i_e06-021-00-03.png,of
i_a06-020-03-11.png,to
i_c03-016e-05-05.png,experiences
i_a05-073-05-03.png,wanted
i_b05-062-00-05.png,the
i_c03-094c-01-09.png,palely
i_d04-121-00-08.png,His
i_d06-003-00-12.png,a
i_b05-045-01-03.png,a
i_b02-097-02-03.png,meeting
i_c03-021e-07-07.png,com-
i_c03-003d-01-04.png,the
i_b04-089-04-00.png,find
i_b06-071-07-00.png,a
i_a06-114-05-05.png,holiday
i_e04-011-02-00.png,by
i_a01-011-03-06.png,action
i_c03-021a-03-03.png,to
i_c06-039-06-04.png,stamp
i_a03-063-02-08.png,on
i_b02-097-05-01.png,not
i_a03-043-06-07.png,Many
i_e02-018-02-01.png,been
i_c03-016a-06-02.png,herself
i_c06-000-05-02.png,devotion
i_d04-047-01-02.png,we
i_a04-027-00-02.png,headquarters
i_c03-081f-02-04.png,would
i_e01-092-02-04.png,importance
i_a01-117u-02-04.png,1950
i_d06-107-05-01.png,kept
i_d01-024-04-02.png,that
i_a01-087-02-02.png,Mr.
i_a02-053-06-02.png,It
i_a01-003-00-02.png,may
i_a05-094-04-00.png,take
i_d06-100-04-08.png,a
i_d01-118-06-07.png,be
i_d04-021-01-02.png,readable
i_e01-035-03-09.png,little
i_d06-056-03-07.png,advice
i_d06-000-08-03.png,upon
i_c04-013-02-04.png,Martha
i_a03-020-03-03.png,addressed
i_a03-009-07-01.png,the
i_a03-040-00-02.png,were
i_e02-086-04-07.png,good
i_c06-027-01-00.png,the
i_c03-003c-02-02.png,again
i_b05-032-08-06.png,then
i_d06-050-05-01.png,fatigue
i_a04-035-04-03.png,President
i_b01-118-07-07.png,national
i_e02-018-00-02.png,at
i_e04-004-03-08.png,by
i_a02-102-03-02.png,his
i_d05-008-00-05.png,James
i_d06-060-02-05.png,longer
i_d04-071-05-00.png,as
i_b04-121-03-01.png,safeguard
i_d06-046-02-06.png,of
i_b01-004-03-04.png,year
i_a05-025-10-00.png,Watkinson
i_c03-016c-09-01.png,to
i_e04-030-01-00.png,inside
i_c03-081a-05-04.png,Miss
i_c03-081a-01-04.png,Irene
i_b01-122-08-05.png,alone
i_e01-018-04-02.png,effects
i_b01-127-08-04.png,ever
i_a02-106-04-08.png,Uganda
i_c04-000-03-10.png,him
i_e01-102-03-00.png,tablecloths
i_a01-102-09-06.png,about
i_a04-103-05-06.png,effective
i_c03-000d-05-06.png,great
i_b04-147-04-05.png,outside
i_d07-085-02-05.png,material
i_a01-087u-03-03.png,replied
i_c02-082-08-04.png,critics
i_e07-007-03-01.png,being
i_b04-121-03-03.png,against
i_a02-111-10-05.png,anti-nuclear
i_b01-122-05-01.png,Africa
i_b06-071-06-00.png,have
i_d06-076-00-06.png,rules
i_e01-102-02-03.png,for
i_d06-063-04-05.png,office
i_a03-034-04-07.png,is
i_a02-124-02-01.png,reserves
i_a01-096u-00-00.png,The
i_a01-014-03-08.png,if
i_a01-026-09-01.png,Macmillan
i_c03-096e-05-03.png,us
i_c03-000e-04-00.png,also
i_d07-093-07-01.png,longer
i_d04-008-03-08.png,that
i_c03-087e-07-02.png,the
i_d06-041-04-07.png,that
i_d04-032-10-04.png,to
i_b06-079-06-05.png,Power
i_b06-079-03-02.png,but
i_b06-045-05-04.png,conducted
i_b06-075-07-00.png,any
i_e04-011-04-03.png,also
i_d04-008-04-05.png,Moses
i_c03-016e-02-04.png,single
i_c03-007f-05-03.png,canals
i_c03-016d-08-01.png,the
i_a01-020u-02-00.png,which
i_b05-074-08-05.png,me
i_e06-053-08-00.png,indeed
i_a04-027-00-07.png,see
i_d01-123-00-01.png,verso
i_a01-014u-03-08.png,what
i_b05-074-08-11.png,we
i_a01-014-07-03.png,Mr.
i_c02-089-01-00.png,dazzling
i_c03-081c-02-07.png,minds
i_d06-100-01-02.png,predetermined
i_c02-078-05-03.png,story
i_c02-007-06-08.png,the
i_a05-113-08-04.png,that
i_d04-028-00-06.png,out
i_b06-032-01-03.png,But
i_a01-030u-07-00.png,Mr.
i_b04-169-02-06.png,spend
i_a01-014x-08-02.png,a
i_c04-035-07-01.png,familiar
i_a06-114-03-01.png,mean
i_a02-024-03-03.png,held
i_d04-053-06-09.png,to
i_a02-046-06-07.png,less
i_a04-019-01-00.png,agreement
i_a04-085-06-06.png,of
i_c03-096f-01-01.png,from
i_a01-011x-08-04.png,on
i_e04-095-01-02.png,is
i_a01-091u-05-05.png,bear
i_b03-114-01-05.png,not
i_a06-051-07-07.png,Macmillan
i_c03-021f-07-01.png,shares
i_e06-033-07-02.png,mouth
i_a04-043-08-03.png,them
i_a01-030-00-04.png,member
i_c06-076-06-05.png,add
i_e04-043-01-01.png,dinghy
i_b01-027-07-02.png,tiger
i_a04-066-06-02.png,away
i_c04-098-05-09.png,success
i_d01-024-06-03.png,is
i_c02-035-00-09.png,a
i_b01-094-01-00.png,they
i_c04-066-04-06.png,charts
i_d05-008-04-04.png,in
i_a04-000-04-06.png,discussion
i_d06-056-05-09.png,seated
i_d04-062-00-06.png,the
i_a01-128u-01-06.png,and
i_c06-039-05-04.png,ball
i_e04-022-03-06.png,cut
i_b06-049-04-04.png,anti-bomb
i_c03-084a-01-06.png,the
i_a06-095-08-10.png,idea
i_b01-127-08-03.png,applied
i_c03-094f-07-05.png,with
i_c03-084e-03-06.png,the
i_a02-053-06-03.png,said
i_a05-094-01-06.png,remind
i_c03-087f-00-03.png,perhaps
i_a05-094-04-01.png,part
i_d04-016-04-06.png,acid
i_a01-026u-06-05.png,the
i_e06-021-09-01.png,ensuring
i_b06-004-04-00.png,pattern
i_a06-057-04-06.png,that
i_b04-040-04-00.png,often
i_c06-116-07-00.png,IL
i_b04-075-03-07.png,will
i_d01-104-02-07.png,of
i_a02-027-06-04.png,to
i_e06-046-04-02.png,disturbance
i_d04-012-05-05.png,am
i_a01-003x-01-01.png,majority
i_a01-026x-01-07.png,have
i_a02-050-05-06.png,meet
i_a04-043-05-01.png,were
i_d04-071-00-05.png,Divine
i_c03-081d-00-05.png,committed
i_d06-015-04-05.png,he
i_e04-127-00-02.png,my
i_a01-043-09-00.png,and
i_e07-072-06-07.png,were
i_d06-086-02-04.png,one
i_c02-003-08-00.png,new
i_a03-089-02-04.png,German
i_c02-012-02-01.png,the
i_a06-044-03-10.png,do
i_e04-011-04-01.png,3
i_e06-030-03-06.png,effect
i_e02-086-06-07.png,the
i_d04-066-00-06.png,is
i_d05-030-07-03.png,Charles
i_a04-027-00-03.png,Mr.
i_a01-011-02-00.png,National
i_a06-114-04-00.png,BUDGETTE
i_e02-100-02-00.png,better
i_c03-003e-04-03.png,background
i_c03-000f-02-06.png,has
i_e07-007-00-05.png,in
i_c04-023-02-05.png,that
i_d06-020-09-00.png,the
i_e06-030-09-04.png,coastline
i_b01-033-04-10.png,value
i_b01-079-05-05.png,soldiers
i_e04-058-05-05.png,Plywood
i_a04-096-08-01.png,Union
i_a04-103-05-04.png,be
i_b03-109-06-06.png,this
i_e04-058-00-00.png,If
i_c06-052-01-04.png,March
i_c03-096c-02-06.png,author
i_d06-008-05-03.png,or
i_e06-003-00-03.png,see
i_b06-064-09-04.png,for
i_a04-096-01-05.png,the
i_c03-016e-02-03.png,a
i_a03-063-03-02.png,satellite
i_a06-004-08-05.png,deal
i_d04-089-07-02.png,God
i_b04-202-02-03.png,show
i_a01-026-03-05.png,London
i_a01-122-05-01.png,the
i_b01-004-00-08.png,be
i_a01-007u-08-04.png,Roy
i_b01-023-03-00.png,solution
i_c04-170-01-07.png,Sevareid
i_a03-047-01-01.png,the
i_c03-081b-07-04.png,exacting
i_d06-096-00-00.png,I
i_e04-038-03-03.png,be
i_c06-103-07-05.png,visual
i_d04-121-02-10.png,re-
i_b04-116-01-06.png,stepped
i_e06-003-05-04.png,too
i_a04-092-09-06.png,antagonism
i_a01-077-04-02.png,he
i_e02-082-06-00.png,ripping
i_a03-023-10-00.png,north
i_d06-076-03-09.png,save
i_b06-079-09-01.png,in
i_a01-011u-09-03.png,a
i_d06-076-00-02.png,then
i_b04-202-00-03.png,are
i_e04-124-06-02.png,fit
i_c04-056-01-06.png,holes
i_c04-134-06-01.png,C
i_d01-104-07-08.png,as
i_c03-016e-06-03.png,it
i_b05-088-00-05.png,in
i_c03-016b-08-02.png,is
i_a03-073-02-09.png,the
i_a05-069-07-00.png,nuclear
i_c06-076-00-04.png,report
i_c03-007-06-00.png,in
i_a01-087-03-04.png,a
i_a06-124-04-03.png,the
i_c06-000-02-05.png,of
i_a01-087-06-00.png,issue
i_e04-127-01-04.png,roves
i_a05-017-00-02.png,regards
i_d06-020-05-06.png,is
i_a02-057-03-05.png,day
i_c03-000c-06-00.png,unity
i_a01-113u-01-05.png,fundamentally
i_a01-011u-02-04.png,and
i_d06-015-04-03.png,instances
i_c04-075-04-07.png,of
i_c04-170-04-01.png,was
i_e04-132-00-03.png,ultimately
i_a01-072x-00-02.png,costs
i_b06-004-03-01.png,captured
i_a05-125-03-00.png,night
i_b04-040-03-05.png,sympathy
i_e04-083-03-07.png,in
i_d06-020-05-00.png,that
i_d04-111-07-06.png,a
i_a03-059-08-04.png,of
i_b04-169-03-10.png,Post
i_a01-003x-07-02.png,should
i_c03-087a-04-02.png,in
i_a01-030u-10-05.png,table
i_c03-096c-04-07.png,is
i_b03-025-03-01.png,be
i_a01-030u-04-06.png,to
i_c06-031-03-02.png,that
i_a01-030u-03-04.png,secret
i_b04-116-00-05.png,stepped
i_a02-042-02-03.png,effect
i_a04-010-02-01.png,of
i_b01-089-05-06.png,turned
i_c03-081b-01-06.png,speak
i_a05-039-05-03.png,Nationalists
i_c04-150-02-02.png,him
i_b01-122-01-02.png,his
i_e04-058-03-04.png,for
i_b01-038-04-04.png,the
i_d01-085-01-02.png,of
i_e01-029-00-02.png,be
i_a01-000u-06-02.png,P
i_b01-136-06-08.png,both
i_a01-020u-06-02.png,African
i_d07-100-00-06.png,tithe
i_e04-095-00-05.png,will
i_e04-095-06-05.png,the
i_b06-110-05-03.png,There
i_c03-084b-06-04.png,theme
i_a01-003x-04-09.png,they
i_d04-012-04-06.png,the
i_a05-022-02-01.png,require
i_a01-030x-00-04.png,member
i_a01-107u-02-04.png,one
i_b06-071-06-04.png,Tory
i_e06-049-06-03.png,at
i_c03-003e-06-01.png,has
i_b05-074-02-00.png,Czechoslovakia
i_d01-060-05-00.png,for
i_b02-013-03-06.png,mean
i_a03-043-00-04.png,poll
i_d01-049-01-06.png,with
i_c03-081f-09-01.png,of
i_c03-087f-02-02.png,a
i_b03-025-05-01.png,across
i_c06-111-03-10.png,of
i_c03-007e-01-00.png,taken
i_a03-027-03-06.png,in
i_e01-113-02-02.png,thread
i_c03-003d-01-00.png,throughout
i_e04-038-03-00.png,material
i_a06-147-05-01.png,would
i_d04-125-00-05.png,the
i_a02-000-02-08.png,de
i_e02-091-01-01.png,a
i_d06-020-00-02.png,He
i_a05-017-06-01.png,agree
i_e01-081-00-06.png,to
i_e01-092-01-03.png,qualities
i_b03-087-02-07.png,it
i_b04-116-03-06.png,that
i_b05-071-03-04.png,the
i_d05-025-02-06.png,and
i_c02-017-02-05.png,prays
i_a01-132-04-03.png,which
i_a01-072x-04-01.png,German
i_a03-030-07-02.png,spite
i_e02-086-05-03.png,can
i_a05-039-01-04.png,of
i_a06-128-03-01.png,another
i_a05-108-05-01.png,by
i_d03-112-04-03.png,Qoheleth
i_a02-042-05-03.png,armoured
i_b06-036-01-10.png,in
i_a01-063u-03-05.png,the
i_d06-091-00-01.png,may
i_e04-058-02-03.png,The
i_c06-128-00-05.png,1932
i_d04-125-00-09.png,gave
i_a02-067-02-06.png,breach
i_e02-074-05-06.png,fairly
i_e06-026-02-07.png,the
i_b04-162-00-02.png,firm
i_a01-077-00-03.png,this
i_b04-107-00-08.png,folly
i_a03-071-02-00.png,convinced
i_a02-093-07-00.png,new
i_d04-032-05-06.png,God
i_a02-067-02-05.png,a
i_c03-096f-07-03.png,act
i_b01-044-02-05.png,she
i_b04-034-02-06.png,sisters
i_a01-014x-02-06.png,night
i_a06-000-01-01.png,catch
i_c04-075-04-08.png,the
i_a01-113u-04-02.png,but
i_c03-081f-06-00.png,makes
i_c04-139-03-03.png,Malcolm
i_d04-071-00-07.png,on
i_c04-160-05-03.png,fog
i_d06-027-03-06.png,to
i_c06-080-06-01.png,shot
i_a04-089-02-01.png,notice
i_d04-081-01-06.png,the
i_a04-103-06-01.png,preventing
i_c03-087e-05-07.png,say
i_a01-014x-07-04.png,Julius
i_a03-063-04-03.png,principle
i_c03-021e-01-10.png,homo-
i_a05-048-08-03.png,recess
i_a01-014-00-06.png,boycotting
i_b06-019-07-02.png,11
i_b03-087-05-04.png,Molony
i_c01-014-08-02.png,than
i_c02-012-04-01.png,instant
i_c04-122-02-06.png,Earl
i_a01-000u-02-04.png,at
i_d06-050-02-11.png,to
i_a04-023-01-03.png,Dorothy
i_a06-008-01-00.png,offer
i_a05-062-02-01.png,Earl
i_d07-082-02-08.png,examination
i_a05-099-08-00.png,and
i_c03-094d-00-02.png,Lucas
i_e06-021-02-01.png,accidental
i_d06-015-05-00.png,on
i_b04-169-06-07.png,girls
i_a01-000x-05-01.png,for
i_b01-014-00-07.png,put
i_e01-050-03-00.png,nuns
i_b01-073-04-02.png,taken
i_b05-098-03-04.png,be
i_c01-009-09-01.png,a
i_c03-081d-08-03.png,that
i_a02-012-08-02.png,and
i_d04-047-02-07.png,economic
i_a01-113-06-06.png,was
i_e01-050-06-00.png,the
i_d06-008-05-04.png,fifty
i_d01-049-03-01.png,this
i_a05-080-06-03.png,a
i_e06-037-06-02.png,of
i_a01-058x-01-04.png,cash
i_e04-079-02-04.png,you
i_a01-091-03-01.png,motion
i_b04-162-04-02.png,an
i_c03-096b-03-04.png,spite
i_c02-082-07-02.png,Moreau
i_c04-150-03-00.png,Northern
i_c03-084f-02-02.png,of
i_c03-000d-02-02.png,tomorrow
i_a02-053-07-01.png,and
i_a05-121-06-04.png,Nuclear
i_a01-087u-05-01.png,Ps
i_a04-081-03-02.png,regrouping
i_a01-122-05-06.png,It
i_a01-020u-04-07.png,the
i_e01-050-03-02.png,carried
i_d03-117-03-04.png,or
i_b04-040-05-08.png,Scotsman
i_c06-091-01-01.png,think
i_a04-096-06-02.png,a
i_b04-040-03-00.png,Crabb
i_e07-061-05-06.png,brown
i_b06-056-01-03.png,while
i_a01-063-00-06.png,a
i_c03-007a-05-04.png,in
i_c02-012-02-06.png,photograph
i_e01-029-03-06.png,things
i_a03-014-03-06.png,Min-
i_a02-042-06-06.png,in
i_d04-101-05-08.png,want
i_c06-116-06-00.png,her
i_a04-027-03-09.png,Chancellor
i_a01-000x-00-05.png,Gaitskell
i_a04-066-08-02.png,Polaris
i_b01-122-01-01.png,in
i_c03-007f-07-05.png,are
i_d03-112-05-02.png,his
i_e06-026-02-05.png,west
i_e07-012-05-00.png,the
i_b05-083-03-07.png,as
i_d06-104-01-06.png,first
i_b01-027-06-06.png,and
i_c01-009-09-06.png,contemporary
i_a06-039-02-02.png,sight
i_e04-109-04-07.png,very
i_c06-100-00-04.png,you
i_c03-000a-01-05.png,opens
i_e06-046-02-07.png,of
i_d04-047-01-01.png,together
i_a06-057-04-09.png,thinks
i_a01-020u-00-05.png,the
i_d06-100-06-02.png,hear
i_a03-027-04-07.png,grass
i_c04-004-05-05.png,Herbert
i_c04-035-00-05.png,of
i_b06-036-05-10.png,tell
i_b01-027-07-06.png,were
i_e02-025-02-02.png,well
i_d07-100-07-04.png,verse
i_b05-032-00-06.png,who
i_c02-056-06-10.png,which
i_b06-068-00-01.png,recent
i_e01-029-02-01.png,in
i_a01-049u-07-07.png,to
i_a01-043-02-03.png,of
i_d01-118-03-07.png,were
i_b04-047-01-04.png,The
i_d06-025-05-00.png,dwells
i_e04-103-05-04.png,covering
i_b03-109-05-00.png,public
i_d01-019-03-05.png,roll
i_d04-121-05-04.png,opinion
i_d03-117-00-04.png,gardens
i_a06-075-05-09.png,Paul
i_d06-076-05-01.png,or
i_e07-003-01-01.png,the
i_e06-021-07-05.png,against
i_b05-038-01-03.png,methods
i_b04-154-01-05.png,Federation
i_a02-090-00-06.png,a
i_a01-082u-05-02.png,development
i_b01-132-02-07.png,to
i_a01-128u-01-01.png,for
i_b06-075-01-07.png,by
i_d04-117-03-08.png,were
i_a04-027-00-04.png,Rusk
i_a04-089-00-06.png,Committee
i_b05-074-08-06.png,only
i_e02-000-00-01.png,great
i_d01-060-01-01.png,and
i_c03-003a-05-07.png,In
i_a05-053-06-06.png,Macmillan
i_a06-039-00-01.png,The
i_d06-076-01-10.png,by
i_b04-175-02-03.png,most
i_b01-057-00-02.png,advertisement
i_a04-035-09-06.png,tarmac
i_d06-060-01-02.png,century
i_c03-087b-00-05.png,some
i_d06-096-03-02.png,of
i_d06-056-01-01.png,burden
i_c06-083-06-00.png,after
i_b04-026-00-04.png,the
i_c06-020-07-01.png,do
i_d04-111-04-01.png,literal
i_c02-003-01-01.png,added
i_d04-053-07-01.png,your
i_c02-078-09-07.png,American
i_c04-116-00-17.png,to
i_e01-086-00-08.png,crochet
i_a06-064-02-01.png,apparently
i_c02-007-01-02.png,Germany
i_c03-094e-06-02.png,not
i_d01-016-03-07.png,of
i_c03-094a-04-03.png,Mr.
i_c03-081a-05-08.png,her
i_a01-000u-01-02.png,more
i_d01-052-06-08.png,any
i_a03-006-04-01.png,so
i_d06-015-01-09.png,to
i_a01-000u-06-05.png,Exchange
i_a01-113-05-03.png,spending
i_a01-011u-08-00.png,Colonial
i_d03-117-08-04.png,the
i_c03-096c-05-03.png,believe
i_b03-114-05-02.png,Then
i_b06-082-02-02.png,American
i_e07-000-04-06.png,literally
i_c02-026-00-07.png,almost
i_d04-053-02-04.png,Help
i_a05-058-04-03.png,Government
i_c04-089-02-10.png,he
i_a06-070-05-05.png,Association
i_c02-007-06-06.png,colours
i_c03-000e-04-01.png,part-author
i_b06-087-02-02.png,at
i_a04-019-01-02.png,Vienna
i_b06-079-03-09.png,and
i_c01-009-06-04.png,canon
i_a05-029-02-03.png,delayed
i_a01-014x-02-00.png,future
i_c03-087c-06-07.png,which
i_d06-100-01-01.png,a
i_e04-015-06-02.png,framework
i_c04-139-06-02.png,and
i_b05-083-03-02.png,would
i_a03-037-00-07.png,Conservative
i_b06-012-00-03.png,to
i_c03-016c-09-05.png,and
i_a01-003x-07-00.png,that
i_c03-003f-00-10.png,concei-
i_d06-060-06-00.png,no
i_c06-027-00-08.png,in
i_d06-072-07-11.png,life
i_e06-070-08-01.png,to
i_b06-053-00-00.png,For
i_b04-066-05-08.png,have
i_b03-087-01-12.png,The
i_d04-062-01-00.png,your
i_d04-131-01-06.png,will
i_c06-043-07-02.png,often
i_e06-037-03-06.png,daylight
i_a01-049u-09-06.png,a
i_a01-003u-06-03.png,they
i_d04-012-06-05.png,a
i_a04-006-05-01.png,Mr.
i_e04-091-02-01.png,them
i_a01-003u-10-00.png,which
i_a04-010-03-05.png,Prime
i_a01-117u-10-04.png,by
i_b01-057-09-00.png,instruments
i_e02-018-02-02.png,removed
i_a06-014-05-07.png,but
i_c01-014-05-01.png,his
i_b04-026-01-06.png,colour
i_e04-114-05-04.png,prefer
i_e04-004-04-02.png,up
i_b01-038-02-01.png,now
i_a04-019-04-00.png,nuclear
i_e04-062-07-08.png,for
i_a03-009-06-00.png,Tito
i_d06-091-06-06.png,day
i_a01-132x-08-00.png,regular
i_e06-006-07-02.png,the
i_a01-077-00-05.png,election
i_a04-000-04-07.png,is
i_d06-030-02-03.png,Many
i_a04-010-07-03.png,report
i_c03-003d-05-01.png,so
i_a05-116-02-04.png,muttered
i_a05-080-07-00.png,sirable
i_d06-020-06-01.png,defeat
i_b01-004-04-04.png,faced
i_b06-090-06-05.png,for
i_a01-082u-03-01.png,in
i_d06-063-00-04.png,most
i_a05-013-01-02.png,Mr.
i_a06-008-04-07.png,call
i_b02-097-06-02.png,election
i_c02-026-05-03.png,the
i_b04-169-06-00.png,the
i_a01-091-09-02.png,beyond
i_c03-003b-03-05.png,characters
i_b01-057-04-00.png,of
i_c02-026-05-04.png,island
i_e04-095-04-08.png,transoms
i_b04-060-04-06.png,terms
i_a05-029-08-04.png,and
i_e07-007-00-02.png,control
i_c04-075-06-09.png,done
i_d06-000-03-03.png,together
i_c03-094a-00-01.png,William
i_a04-043-05-05.png,Britain
i_d06-000-09-00.png,irrational
i_a01-053u-08-00.png,has
i_d03-112-01-02.png,1
i_a04-015-03-02.png,and
i_a06-141-03-07.png,conceive
i_e06-037-10-01.png,is
i_c03-021d-03-03.png,to
i_a01-132x-04-05.png,the
i_e02-117-08-03.png,this
i_a01-128u-10-00.png,over
i_c03-081e-01-05.png,to
i_a06-134-05-03.png,danger
i_e04-004-03-02.png,plane
i_a02-082-07-00.png,Northern
i_b04-162-03-01.png,practice
i_a02-090-05-01.png,make
i_a06-036-04-05.png,that
i_e07-003-02-07.png,by
i_c03-081f-09-03.png,intelligence
i_a05-004-00-05.png,uniform
i_c03-096e-06-00.png,their
i_a04-089-07-05.png,but
i_d03-117-07-06.png,I
i_c04-080-01-06.png,flat
i_c04-075-05-12.png,home
i_d06-082-00-10.png,and
i_b06-012-04-01.png,council
i_d01-024-05-06.png,The
i_a06-025-07-01.png,to
i_c03-003e-08-03.png,of
i_a04-092-00-03.png,kinds
i_c06-106-06-03.png,)
i_e01-102-08-08.png,smallest
i_c03-021d-04-01.png,much
i_b06-075-05-00.png,conference
i_c03-007b-03-00.png,the
i_a01-128u-01-07.png,even
i_d07-093-04-05.png,both
i_c06-039-01-06.png,a
i_d04-125-02-09.png,God
i_c03-084a-06-04.png,theme
i_c06-100-06-06.png,Tuesday
i_a06-020-00-07.png,the
i_d04-008-05-06.png,very
i_a06-147-04-12.png,such
i_b01-089-09-03.png,will
i_b06-064-10-01.png,policy
i_d04-081-03-01.png,Berochoth
i_b04-202-00-05.png,accused
i_b01-044-04-08.png,imports
i_e06-010-06-05.png,roughs
i_a02-106-08-05.png,a
i_b04-169-03-07.png,survey
i_e07-007-07-01.png,or
i_a03-014-01-02.png,Boun
i_a01-011-06-07.png,a
i_d06-072-06-03.png,so
i_a03-073-08-08.png,second
i_e01-022-04-03.png,generation
i_c03-021d-07-03.png,gift
i_d03-117-08-01.png,for
i_a05-062-08-03.png,to
i_a03-011-01-00.png,situation
i_a05-069-04-00.png,tone
i_c03-084a-04-03.png,on
i_a02-090-00-07.png,point
i_e01-102-05-05.png,etc.
i_a01-077u-04-06.png,was
i_c02-022-04-00.png,given
i_b03-025-00-07.png,con-
i_e01-113-03-06.png,between
i_b04-202-06-05.png,date
i_a05-004-01-08.png,Royal
i_e04-026-03-08.png,with
i_a06-124-01-05.png,or
i_a01-122-07-03.png,it
i_a01-128-08-04.png,per
i_e04-058-01-08.png,lumber
i_b05-058-03-11.png,of
i_b04-004-10-00.png,is
i_a05-017-01-04.png,encouraging
i_c02-000-05-00.png,Miracle
i_b05-055-01-09.png,batsman
i_a04-089-06-05.png,pointed
i_d01-049-01-05.png,common
i_b06-068-08-04.png,Britain
i_b04-202-06-03.png,has
i_b06-042-07-02.png,for
i_e07-066-05-00.png,sent
i_d06-003-02-06.png,indeed
i_a06-014-04-05.png,genuine
i_a03-063-04-08.png,but
i_d01-049-03-05.png,nor
i_c03-000c-02-07.png,and
i_b04-020-02-03.png,housewives
i_a06-124-00-05.png,means
i_d06-015-01-00.png,too
i_a02-032-02-05.png,and
i_a05-048-03-00.png,The
i_d04-071-00-03.png,nail
i_c03-081a-00-05.png,committed
i_e04-038-06-03.png,project
i_a03-006-01-00.png,nesia
i_e04-095-03-01.png,outside
i_c04-017-04-07.png,approach
i_b04-103-02-03.png,gardening
i_e04-103-04-06.png,it
i_a04-092-02-09.png,The
i_b06-087-04-05.png,decided
i_c06-020-06-08.png,in
i_c03-021f-00-04.png,girl
i_e01-113-07-03.png,of
i_b01-023-00-03.png,wider
i_b06-090-00-05.png,the
i_e06-010-01-08.png,light
i_a02-086-04-02.png,accept
i_c06-005-08-00.png,I.R.A.
i_a06-147-02-03.png,Russia
i_c06-083-02-06.png,of
i_c02-012-05-02.png,is
i_c06-080-08-07.png,in
i_e02-100-05-05.png,when
i_c03-087a-05-10.png,attempt
i_c06-111-05-05.png,to
i_e04-030-00-09.png,the
i_b04-147-05-00.png,front
i_b06-000-00-09.png,of
i_e01-102-08-04.png,number
i_c06-027-03-06.png,past
i_d06-003-00-10.png,done
i_d04-086-01-00.png,just
i_a02-050-04-08.png,that
i_e04-114-06-01.png,bottom
i_a05-004-08-03.png,on
i_d06-104-00-01.png,only
i_b06-068-03-00.png,speeded-up
i_b03-025-02-05.png,and
i_e01-086-00-04.png,used
i_a01-128u-02-05.png,in
i_c03-096f-05-00.png,them
i_a01-030u-08-08.png,to
i_b05-079-09-00.png,to
i_a06-004-00-02.png,Boyle
i_a05-104-02-02.png,unaligned
i_e07-061-08-04.png,of
i_d04-071-03-00.png,days
i_a05-048-10-04.png,Rhine
i_b04-075-01-10.png,a
i_c06-080-04-00.png,than-average
i_a06-064-02-00.png,This
i_c04-017-01-11.png,to
i_c03-087d-07-00.png,of
i_d01-056-03-00.png,printed
i_d06-096-00-05.png,of
i_c03-081d-04-06.png,seen
i_a01-020x-01-01.png,House
i_d06-072-01-03.png,work
i_c03-000d-05-00.png,of
i_d06-100-02-01.png,like
i_a04-103-02-00.png,West
i_b04-116-05-09.png,the
i_d06-050-01-03.png,got
i_c06-111-06-02.png,is
i_e01-018-01-01.png,of
i_e04-015-00-06.png,that
i_a01-058x-09-01.png,Chancellor
i_d01-024-08-01.png,Spreng
i_b02-045-02-04.png,Formula
i_a05-125-03-05.png,stretching
i_d01-060-07-03.png,and
i_b04-107-01-06.png,this
i_b06-012-03-11.png,a
i_a04-010-03-01.png,many
i_d07-089-09-04.png,here
i_a02-093-04-03.png,for
i_c06-039-02-00.png,person
i_c03-021d-08-07.png,love
i_c06-128-07-05.png,later
i_a01-087-02-03.png,Powell
i_a03-050-05-07.png,has
i_c06-116-06-04.png,help
i_d06-037-04-06.png,when
i_a04-000-04-05.png,of
i_e02-025-00-03.png,lines
i_b01-057-04-07.png,away
i_a02-116-04-02.png,Earl
i_b05-058-02-05.png,with
i_c03-003c-02-04.png,is
i_e01-107-06-06.png,learn
i_e06-041-06-00.png,footrope
i_c03-021f-02-06.png,yet
i_c04-139-05-05.png,Welensky
i_b04-175-02-04.png,prosperous
i_a02-093-03-09.png,Sandys
i_b01-132-02-00.png,way
i_c03-094d-00-03.png,(
i_c04-080-01-07.png,and
i_d07-085-05-09.png,the
i_e01-014-03-08.png,much
i_c02-059-06-00.png,enthusiastic
i_c03-096f-03-06.png,of
i_b03-025-06-05.png,world
i_e06-000-03-02.png,during
i_b04-010-07-00.png,desert
i_e04-000-07-01.png,a
i_a06-114-04-05.png,are
i_c03-007f-01-03.png,in
i_b01-044-01-05.png,rising
i_d07-100-05-00.png,a
i_b05-098-08-02.png,the
i_c06-080-00-02.png,of
i_b04-096-00-03.png,Government
i_c03-094d-08-02.png,with
i_e01-059-06-07.png,handkerchief
i_a01-003-07-01.png,the
i_d01-060-02-04.png,British
i_b04-175-07-07.png,seem
i_a06-075-02-06.png,for
i_a01-072x-04-09.png,pay
i_e04-062-07-02.png,which
i_b02-013-02-06.png,change
i_d01-080-04-09.png,of
i_e06-026-09-00.png,and
i_c03-081b-07-09.png,the
i_c03-087e-06-05.png,had
i_b01-094-04-04.png,are
i_a06-000-06-07.png,with
i_b05-071-03-05.png,Germans
i_c04-013-00-02.png,the
i_b04-010-01-03.png,have
i_e04-103-00-00.png,Having
i_b06-023-06-00.png,36
i_b06-075-10-00.png,same
i_d06-020-09-03.png,become
i_d01-052-06-05.png,possible
i_a02-102-07-07.png,of
i_e04-109-00-04.png,4
i_a05-000-04-03.png,forces
i_d04-081-07-04.png,its
i_c04-050-05-00.png,form
i_c06-111-00-04.png,calls
i_a02-057-03-04.png,of
i_b06-110-05-01.png,board
i_b05-045-00-06.png,aircraft
i_c03-081a-08-05.png,gives
i_c03-094f-09-00.png,with
i_b06-023-02-04.png,fighters
i_c02-030-02-05.png,for
i_e07-066-08-03.png,still
i_a01-122u-03-07.png,have
i_c02-082-05-03.png,Festival
i_c02-049-10-00.png,Aznavour
i_a04-089-09-00.png,be
i_a01-014-02-06.png,night
i_a03-047-03-04.png,last
i_a06-095-05-04.png,The
i_b05-050-06-02.png,engineers
i_c03-000f-01-04.png,Honey
i_c03-016d-04-01.png,she
i_a04-069-01-03.png,begin
i_a02-072-01-10.png,very
i_b03-092-04-06.png,the
i_b01-084-00-03.png,first
i_a01-117-03-05.png,to
i_c06-076-04-01.png,timing
i_d01-019-00-03.png,whole
i_a01-011u-02-06.png,Harry
i_b06-027-09-03.png,last
i_c02-049-05-00.png,worst
i_c06-027-04-03.png,great
i_a01-038-07-05.png,was
i_a03-040-02-02.png,came
i_d07-082-01-04.png,explains
i_a02-086-06-05.png,he
i_a03-027-04-05.png,in
i_a05-009-03-02.png,with
i_e04-008-00-05.png,halving
i_b04-000-06-02.png,a
i_a01-117u-03-01.png,social
i_c03-081a-01-01.png,error
i_c01-014-00-01.png,libretto
i_a04-054-01-01.png,long
i_c03-087f-08-00.png,Ferris
i_d04-071-02-04.png,may
i_a01-113-07-00.png,done
i_d06-100-05-01.png,I
i_b01-079-05-06.png,have
i_b06-097-01-06.png,school
i_b04-208-00-03.png,of
i_a01-000x-04-00.png,and
i_a03-063-10-06.png,in
i_b06-093-10-05.png,apprenticeships
i_b06-049-00-00.png,When
i_a02-008-07-06.png,advise
i_a02-098-02-07.png,any
i_e04-043-05-04.png,but
i_b06-110-07-01.png,last
i_a01-058u-06-07.png,more
i_e02-018-05-06.png,used
i_e01-032-07-03.png,lace-making
i_a01-113-00-06.png,of
i_a01-072x-04-07.png,have
i_a06-036-04-03.png,now
i_e01-102-05-02.png,luncheon
i_b06-042-00-02.png,which
i_d04-028-00-01.png,For
i_a03-014-04-04.png,to
i_a02-053-01-00.png,Minister
i_d06-011-01-03.png,of
i_c03-094f-03-03.png,always
i_a03-047-00-06.png,see
i_b01-136-06-03.png,or
i_a05-048-07-03.png,he
i_d04-071-03-08.png,which
i_d06-100-02-02.png,to
i_b06-082-07-01.png,who
i_c06-087-02-02.png,and
i_e06-049-07-05.png,time
i_b04-140-08-03.png,if
i_b04-128-00-10.png,the
i_d04-111-04-00.png,the
i_a01-096u-06-00.png,Conservative
i_e07-012-03-05.png,blowflies
i_b04-116-02-06.png,rash
i_e01-113-07-04.png,hook
i_c04-080-04-00.png,days
i_d04-047-06-04.png,their
i_a01-049-06-00.png,of
i_b04-187-06-05.png,have
i_a01-011u-05-01.png,of
i_c03-081e-03-03.png,about
i_b03-087-02-00.png,short
i_a01-020-02-04.png,has
i_c03-021f-00-05.png,is
i_c06-106-03-02.png,mind
i_c02-030-07-02.png,personal
i_b06-015-05-01.png,the
i_c03-021c-01-01.png,man
i_a02-086-06-06.png,had
i_e07-061-00-05.png,me
i_d04-111-04-05.png,which
i_c06-027-05-00.png,Seventh
i_a05-017-01-00.png,of
i_d06-003-04-03.png,be
i_a01-014x-06-01.png,be
i_a03-063-00-01.png,Database
i_a04-003-05-05.png,were
i_c03-021f-04-04.png,much
i_b01-044-01-02.png,means
i_b03-114-06-03.png,The
i_c04-008-02-01.png,Yves
i_b02-013-07-06.png,question
i_b01-053-04-01.png,optimism
i_c03-094f-07-06.png,proper
i_c06-043-02-03.png,diabetic
i_c04-105-04-04.png,faith
i_b04-040-03-06.png,and
i_e06-046-02-02.png,or
i_c03-003f-03-08.png,the
i_a04-081-06-03.png,Cooper
i_a05-104-02-00.png,rebuked
i_e01-086-00-09.png,to
i_d04-075-08-04.png,said
i_c03-081e-00-00.png,Arguably
i_c04-056-02-06.png,the
i_b01-027-08-00.png,dropped
i_d04-131-01-11.png,under
i_e04-034-05-05.png,using
i_b03-087-03-05.png,will
i_c06-047-02-07.png,was
i_c04-056-03-03.png,time
i_a01-007-03-01.png,the
i_a01-058-08-04.png,Dr.
i_e04-079-08-04.png,base
i_a01-091-02-06.png,defeat
i_a01-058x-02-04.png,payments
i_c03-000f-04-02.png,who
i_a05-094-01-07.png,one
i_e04-109-05-09.png,Remember
i_b04-175-07-00.png,They
i_b06-110-06-04.png,Admiralty
i_a01-049-08-02.png,disclosed
i_a04-031-06-04.png,Pravda
i_e06-053-07-01.png,actually
i_a01-063u-04-01.png,Minister
i_e01-119-07-05.png,(
i_b04-147-04-06.png,their
i_c04-080-00-01.png,he
i_d01-104-03-02.png,was
i_c04-105-03-03.png,in
i_e04-052-07-04.png,later
i_e04-114-04-02.png,be
i_e06-037-05-03.png,caught
i_a04-039-00-05.png,off
i_e01-113-05-07.png,would
i_b04-208-00-01.png,the
i_a03-006-02-08.png,has
i_a02-120-03-04.png,or
i_d04-005-05-06.png,Eden
i_b01-118-00-01.png,good
i_d07-082-00-04.png,Mishnah
i_c03-003b-05-07.png,premiere
i_c03-087a-03-03.png,character
i_a03-047-07-08.png,necessary
i_a05-017-06-06.png,been
i_a04-050-00-08.png,alliance
i_a04-054-04-05.png,sea
i_a05-089-07-01.png,on
i_c03-003a-05-10.png,which
i_a05-004-06-01.png,structure
i_a01-117-09-00.png,per
i_b03-109-07-06.png,to
i_e04-008-00-02.png,joints
i_e01-113-00-02.png,Grasp
i_b01-044-03-07.png,a
i_a01-026-08-05.png,for
i_e02-094-07-00.png,Do
i_a02-000-06-03.png,friendly
i_d06-113-00-09.png,what
i_d01-104-05-00.png,information
i_c03-081d-01-03.png,allowing
i_b04-128-05-08.png,right
i_d01-098-05-00.png,was
i_a05-073-09-03.png,be
i_d06-086-07-06.png,only
i_e01-113-03-02.png,Hold
i_b01-038-09-02.png,to
i_a01-096u-08-02.png,of
i_a03-063-10-03.png,be
i_b01-079-05-07.png,every
i_e02-074-06-06.png,than
i_d06-063-00-01.png,the
i_b05-038-00-04.png,automation
i_d04-086-01-05.png,message
i_b02-102-05-01.png,they
i_a01-020u-00-02.png,went
i_a05-039-02-07.png,dis-
i_b06-042-00-03.png,breaks
i_e07-007-00-06.png,the
i_c03-016e-00-02.png,is
i_a03-011-03-02.png,ripe
i_b06-000-01-06.png,dictating
i_a04-081-03-00.png,to
i_b04-026-00-02.png,table
i_c01-009-05-06.png,be
i_b01-079-01-02.png,the
i_e06-010-03-04.png,the
i_c03-003f-04-02.png,to
i_c02-035-05-07.png,life
i_a06-064-04-06.png,maximised
i_d07-085-04-01.png,sugya
i_e06-010-06-03.png,these
i_a03-063-08-07.png,last
i_a01-113u-10-02.png,the
i_d04-125-00-06.png,Lord
i_a01-113-03-02.png,but
i_b05-098-03-05.png,that
i_b04-154-02-09.png,calls
i_d04-012-05-12.png,he
i_d04-066-06-08.png,teach
i_a03-014-07-04.png,asking
i_b04-075-00-10.png,It
i_a03-009-02-08.png,idea
i_d07-082-04-03.png,because
i_b04-060-04-00.png,prepared
i_c03-096c-03-04.png,which
i_b04-181-01-05.png,is
i_b02-102-02-07.png,dealing
i_e04-000-05-00.png,timber
i_b01-084-06-00.png,simply
i_c03-081b-05-05.png,few
i_a02-082-01-03.png,or
i_e06-000-05-04.png,as
i_e01-035-01-07.png,and
i_c04-139-01-10.png,is
i_a06-114-00-02.png,joined
i_a06-152-06-05.png,to
i_c06-005-00-01.png,the
i_e01-018-07-07.png,place
i_d06-020-02-00.png,the
i_c02-035-01-12.png,deeply
i_a06-070-06-10.png,a
i_c02-056-07-00.png,tries
i_a04-089-03-00.png,growing
i_e01-035-03-04.png,young
i_d06-020-05-07.png,nothing
i_b04-089-04-08.png,it
i_b04-089-03-05.png,are
i_e04-026-01-06.png,The
i_e01-062-00-01.png,the
i_c03-021c-06-05.png,her
i_d07-093-06-04.png,sugya
i_b05-042-01-04.png,high-speed
i_b06-004-00-04.png,German
i_b04-147-02-00.png,mile
i_a05-062-06-02.png,to
i_d01-118-06-03.png,a
i_b04-154-06-04.png,so
i_a01-043-03-00.png,his
i_b04-075-00-01.png,intend
i_c04-089-06-05.png,his
i_e04-034-05-03.png,shade
i_b01-122-06-00.png,Commonwealth
i_c06-005-02-00.png,full
i_b06-015-08-04.png,bargaining
i_a06-124-05-04.png,with
i_a03-030-05-06.png,next
i_b06-036-01-00.png,and
i_a06-114-00-04.png,Common
i_d01-052-06-09.png,one
i_a01-014x-00-03.png,Federal
i_a05-099-06-03.png,production
i_b04-004-05-00.png,pastime
i_a04-035-02-09.png,the
i_e04-011-02-05.png,14
i_b04-004-04-01.png,has
i_a04-015-07-00.png,of
i_c02-056-01-01.png,his
i_b04-103-03-02.png,the
i_a02-017-02-09.png,Bell
i_c02-000-08-07.png,25
i_b04-026-06-09.png,years
i_b03-092-02-10.png,run
i_a05-089-04-02.png,Healey
i_c03-007f-00-05.png,Mr.
i_b06-071-03-05.png,policy
i_e04-091-03-00.png,slots
i_b04-081-00-05.png,lead
i_a06-090-05-07.png,Fell
i_c04-023-01-09.png,cast
i_a06-070-00-01.png,Mr.
i_a04-092-04-04.png,relations
i_c06-091-01-09.png,is
i_a01-087-02-06.png,and
i_a05-029-02-04.png,because
i_d01-049-05-03.png,changes
i_b06-004-03-05.png,the
i_b04-107-00-05.png,its
i_a03-020-05-03.png,of
i_a05-099-02-05.png,Lab.
i_d07-089-09-06.png,the
i_c06-128-07-07.png,father
i_c03-096d-08-02.png,tradition
i_c03-094d-10-03.png,colour
i_c03-016b-09-02.png,and
i_b04-187-03-05.png,what
i_e06-033-03-06.png,a
i_c04-017-01-04.png,song
i_e02-086-02-05.png,the
i_a01-091-00-01.png,result
i_d04-012-00-00.png,The
i_b06-100-08-06.png,possibly
i_a04-103-01-07.png,and
i_a01-087-08-02.png,first
i_a01-003-08-00.png,and
i_d06-020-03-03.png,yet
i_a03-011-08-00.png,leaders
i_a01-030x-04-00.png,said
i_c06-058-03-02.png,The
i_e04-019-08-00.png,frame
i_d07-096-06-03.png,have
i_e06-015-07-01.png,to
i_a03-080-01-00.png,today
i_a01-020x-04-05.png,Africans
i_a06-100-02-03.png,Board
i_a04-092-03-01.png,of
i_a02-024-00-04.png,strikes
i_b01-127-04-06.png,to
i_b01-127-04-05.png,comfort
i_c04-075-05-02.png,strings
i_e06-033-03-04.png,of
i_b04-140-06-06.png,should
i_a03-063-01-04.png,Minister
i_e06-033-04-04.png,every
i_d06-003-03-12.png,am
i_e04-000-05-03.png,used
i_c03-087f-02-01.png,generate
i_c06-027-06-05.png,even
i_d01-024-01-02.png,it
i_a04-059-07-02.png,the
i_a04-006-04-03.png,questions
i_b06-019-07-05.png,in
i_a03-043-04-07.png,far
i_b06-082-05-01.png,their
i_b02-102-03-04.png,It
i_a05-080-06-04.png,thoroughly
i_b01-014-04-04.png,feel
i_b01-033-01-01.png,visit
i_b04-154-05-05.png,Some
i_e07-061-09-08.png,mantis
i_a04-096-06-05.png,that
i_a03-047-05-00.png,is
i_d01-123-02-00.png,sending
i_a04-010-02-06.png,Labour
i_a02-004-05-04.png,Mr.
i_a01-053-03-00.png,Mr.
i_e06-026-09-02.png,beaches
i_d04-066-04-00.png,bind
i_c02-030-02-08.png,epilogue
i_c03-003e-07-02.png,Logan
i_b05-067-00-05.png,solace
i_b06-049-05-04.png,rose
i_e02-018-03-01.png,stop
i_a01-091-06-05.png,Mr.
i_a05-017-00-04.png,recent
i_e07-000-02-07.png,million
i_c03-016c-09-06.png,sails
i_c04-056-05-00.png,speed
i_b05-058-01-06.png,extraordinary
i_d01-118-03-00.png,a
i_a02-012-03-04.png,since
i_a05-094-00-05.png,is
i_a05-094-10-00.png,described
i_a03-037-02-06.png,October
i_a01-007x-02-03.png,the
i_d04-101-01-02.png,the
i_d03-112-01-04.png,4.25
i_b05-088-01-02.png,out-of-date
i_b06-090-03-07.png,in
i_e04-043-03-00.png,construction
i_e01-014-03-04.png,prepared
i_e02-082-06-01.png,out
i_a01-053x-06-03.png,his
i_a05-009-01-05.png,had
i_e04-030-01-09.png,from
i_c02-049-09-01.png,(
i_a02-000-02-01.png,he
i_b06-079-09-03.png,even
i_a06-014-03-03.png,already
i_a05-069-00-06.png,rather
i_a01-000x-04-05.png,backed
i_a02-020-00-01.png,of
i_d07-089-01-07.png,by
i_c06-000-02-02.png,Mass
i_d04-047-01-03.png,cannot
i_c04-170-03-05.png,the
i_a03-043-04-02.png,per
i_a04-059-02-00.png,city
i_d04-071-00-02.png,will
i_c03-021b-05-01.png,need
i_a02-037-01-04.png,after
i_b05-098-00-08.png,the
i_c06-020-02-02.png,a
i_a04-069-05-06.png,in
i_e06-010-00-04.png,the
i_e02-086-05-01.png,other
i_d06-000-06-03.png,deal
i_b04-054-03-02.png,and
i_a02-072-03-06.png,some
i_e06-030-03-03.png,needed
i_c03-084b-00-01.png,Bryan
i_d07-085-03-02.png,the
i_c03-021b-02-01.png,but
i_a06-070-03-06.png,view
i_c04-017-01-01.png,a
i_a03-063-08-04.png,which
i_c03-003e-00-09.png,been
i_d06-091-02-09.png,Save
i_c06-095-00-07.png,all
i_d06-008-04-01.png,harvest
i_a04-069-04-08.png,hope
i_c04-128-04-03.png,Chris
i_a06-014-08-01.png,the
i_d06-107-05-02.png,everybody
i_b06-071-08-02.png,for
i_a06-134-03-03.png,causes
i_b03-109-00-06.png,one
i_b05-032-03-06.png,you
i_d05-030-02-01.png,us
i_e04-062-01-05.png,line
i_e04-083-01-00.png,correspond
i_d04-037-03-05.png,love
i_e06-033-05-04.png,explanation
i_d04-021-05-06.png,become
i_b02-105-04-06.png,be
i_a01-107u-04-03.png,for
i_b01-127-07-03.png,Nationalists
i_b01-049-03-05.png,than
i_a01-091u-00-04.png,vote
i_e04-079-07-02.png,or
i_b01-033-00-05.png,Duke
i_b01-094-03-06.png,efforts
i_a01-011-05-07.png,Secretary
i_a05-062-08-00.png,the
i_b01-027-07-05.png,hunts
i_c03-016d-02-06.png,room
i_b04-000-04-00.png,the
i_a03-080-01-02.png,however
i_d07-082-06-01.png,Joshua
i_e04-124-02-09.png,Make
i_c03-021d-08-03.png,you
i_e01-035-03-05.png,girls
i_c03-016d-05-03.png,when
i_a05-053-03-06.png,situation
i_b06-032-05-04.png,old
i_b04-066-02-06.png,The
i_d04-062-00-11.png,all
i_c03-016d-09-02.png,her
i_e04-099-02-07.png,Use
i_c03-000d-00-04.png,Miss
i_a04-092-10-05.png,United
i_e06-021-08-03.png,it
i_e06-003-10-04.png,the
i_b01-127-04-02.png,bring
i_d07-089-05-02.png,Name
i_e06-046-04-08.png,without
i_a04-047-06-04.png,disarmament
i_c06-087-05-05.png,de
i_c03-007c-06-07.png,of
i_e04-099-04-00.png,purpose
i_b05-067-03-00.png,of
i_c04-056-01-00.png,comics
i_e01-035-05-03.png,and
i_a02-072-01-09.png,is
i_a06-095-03-03.png,isolation
i_a05-048-00-05.png,8
i_a04-027-03-07.png,DUESSELDORF
i_c04-156-04-01.png,performance
i_c03-016a-07-06.png,the
i_a04-103-08-01.png,accepted
i_c03-021c-02-06.png,a
i_a02-000-06-06.png,Whitehall
i_b06-090-02-01.png,Tory
i_a03-014-03-04.png,former
i_c06-100-06-11.png,bad
i_e02-086-00-03.png,the
i_a03-080-01-05.png,the
i_c03-000f-01-07.png,the
i_a01-113u-08-02.png,the
i_e07-072-08-05.png,that
i_b06-049-03-06.png,a
i_b04-175-08-01.png,the
i_d06-063-05-03.png,than
i_a02-116-08-03.png,month
i_c04-075-01-07.png,he
i_e01-029-06-01.png,avoid
i_a01-020x-02-00.png,blown
i_c03-016e-07-02.png,but
i_a05-108-05-02.png,his
i_b05-074-07-08.png,or
i_c03-000d-01-07.png,the
i_c03-007d-05-01.png,rubbish
i_e04-068-04-06.png,rowlock
i_c02-012-08-02.png,the
i_e02-117-06-03.png,here
i_a06-014-04-00.png,the
i_a01-128u-04-01.png,of
i_c03-094c-07-00.png,ciency
i_c03-087f-07-04.png,the
i_a04-099-07-00.png,add
i_e04-052-03-08.png,expensive
i_a03-073-10-04.png,they
i_c01-066-01-04.png,even
i_c06-047-05-01.png,due
i_c03-007-00-04.png,Honey
i_d07-089-10-02.png,support
i_b01-079-00-02.png,unjust
i_b01-038-09-07.png,goods
i_c03-016b-07-05.png,the
i_a06-119-04-01.png,a
i_d01-060-09-06.png,rather
i_a04-019-07-02.png,the
i_c03-021f-03-06.png,to
i_b02-045-01-04.png,Two
i_d03-117-01-00.png,orchards
i_e02-082-00-04.png,certainly
i_e01-086-00-07.png,the
i_d06-063-04-02.png,high
i_d03-117-08-05.png,town
i_d06-027-07-02.png,with
i_a02-124-02-03.png,with
i_a01-063x-01-01.png,than
i_a03-011-00-01.png,he
i_a02-106-06-01.png,settle
i_a01-030-07-04.png,the
i_a02-102-07-09.png,William
i_a06-134-05-02.png,war
i_e07-072-00-02.png,steady
i_e02-082-07-03.png,a
i_e02-094-03-02.png,workshop
i_b04-040-01-13.png,Crabb
i_a04-039-09-06.png,early
i_a04-103-06-03.png,nuclear
i_e02-117-05-06.png,bench
i_d01-098-03-04.png,centuries
i_a04-050-02-08.png,negotiate
i_e04-119-03-03.png,out
i_a01-068u-02-06.png,The
i_d04-012-02-00.png,word
i_e07-066-01-06.png,to
i_b06-087-07-04.png,being
i_c04-156-01-03.png,rest
i_b05-045-07-01.png,ball
i_e07-012-05-02.png,adult
i_b06-056-09-02.png,other
i_c03-007f-05-07.png,worn
i_e07-012-00-05.png,in
i_b01-073-03-06.png,in
i_d06-091-07-03.png,are
i_a04-089-04-00.png,the
i_e02-000-00-02.png,deal
i_a01-053-01-01.png,association
i_b06-097-03-03.png,needs
i_a01-011-04-04.png,getting
i_e02-082-03-03.png,drudgery
i_d06-000-01-06.png,as
i_b06-090-06-02.png,base
i_a01-122u-07-04.png,was
i_b06-042-03-07.png,Shipbuilding
i_b06-004-03-00.png,were
i_e04-119-01-07.png,to
i_d07-102-02-07.png,three
i_a05-084-00-03.png,realised
i_b04-020-06-02.png,of
i_d05-021-00-04.png,in
i_b06-056-09-05.png,have
i_c03-007c-01-05.png,North
i_b06-045-04-06.png,time
i_a01-132-01-04.png,an
i_a01-020x-05-03.png,seeking
i_d01-019-03-00.png,original
i_c03-016c-09-07.png,away
i_a05-048-02-05.png,electorate
i_a05-121-04-02.png,letter
i_c02-035-00-05.png,call
i_c02-049-00-03.png,the
i_a02-000-05-00.png,to
i_b01-018-06-01.png,Africa
i_b01-057-10-00.png,and
i_a04-043-07-02.png,nuclear
i_e01-102-03-06.png,accessories
i_a01-007u-08-05.png,Welensky
i_a05-069-04-03.png,his
i_a01-038-07-07.png,Che-
i_b06-079-02-03.png,only
i_d06-003-05-05.png,to
i_c03-007b-06-07.png,an
i_c06-106-09-03.png,friend
i_a05-022-04-04.png,that
i_a06-020-05-00.png,I
i_c03-021e-05-07.png,to
i_c03-081b-01-03.png,allowing
i_c06-000-01-02.png,sunny
i_b04-034-02-00.png,by
i_c03-084d-06-08.png,unfamiliar
i_b06-064-01-04.png,central
i_b05-083-04-03.png,THE
i_a01-058-08-01.png,personal
i_e06-010-05-02.png,depth
i_a06-100-06-04.png,he
i_a01-026-01-08.png,been
i_a01-058-09-03.png,West
i_d06-096-04-01.png,may
i_a05-121-08-04.png,also
i_a02-093-01-02.png,the
i_d01-080-03-08.png,ending
i_a01-113-01-05.png,that
i_b04-047-04-02.png,Newton
i_c06-011-08-00.png,offering
i_a05-089-07-04.png,damaging
i_e04-000-01-00.png,family
i_d05-008-03-07.png,hopes
i_e02-021-05-04.png,vertical
i_c03-007e-07-02.png,of
i_d01-052-04-05.png,out
i_a03-059-02-02.png,dynamic
i_a02-098-03-06.png,concessions
i_d01-024-02-02.png,by
i_e01-025-00-06.png,a
i_a06-000-07-02.png,which
i_b06-059-00-03.png,easy
i_a03-037-03-04.png,are
i_a02-082-02-00.png,charges
i_a01-030u-06-00.png,decision
i_a04-054-01-03.png,the
i_d01-118-00-03.png,the
i_a02-067-08-03.png,secretary
i_c03-003b-00-05.png,play
i_b01-136-02-00.png,His
i_d06-008-00-01.png,ridicule
i_a01-007x-04-05.png,members
i_b04-004-03-01.png,to
i_d04-021-06-05.png,(
i_d06-067-01-00.png,individual
i_c03-081a-03-07.png,remained
i_d01-060-07-00.png,of
i_c03-007c-00-05.png,Mr.
i_e01-029-03-03.png,individuality
i_d07-089-05-07.png,Mishnah
i_e01-062-03-02.png,The
i_a06-064-09-00.png,debate
i_c02-030-03-06.png,of
i_a05-058-02-05.png,Mr.
i_e04-022-03-00.png,pieces
i_c01-014-00-03.png,by
i_c04-144-01-06.png,of
i_d06-063-08-06.png,could
i_d01-085-02-08.png,a
i_c06-052-01-09.png,Still
i_e07-003-01-08.png,pests
i_c06-011-04-02.png,is
i_e01-025-00-05.png,means
i_a04-089-05-06.png,on
i_c06-106-05-02.png,than
i_a01-107-04-02.png,jackals
i_a06-119-03-02.png,And
i_c06-000-06-03.png,bottle
i_e06-006-00-01.png,effect
i_b04-202-00-00.png,The
i_a05-116-02-00.png,part
i_a05-053-09-01.png,party
i_c03-081f-02-05.png,be
i_b04-096-00-04.png,18.1
i_a02-004-07-08.png,same
i_c04-004-05-01.png,that
i_b05-017-04-04.png,in
i_b01-073-09-03.png,send
i_a02-098-00-00.png,Its
i_a03-027-05-00.png,160
i_a01-003x-05-01.png,not
i_a01-113-04-10.png,put
i_a01-058u-04-05.png,was
i_d07-093-07-05.png,with
i_c06-100-00-10.png,the
i_e06-006-02-03.png,the
i_b06-045-00-05.png,had
i_c03-007-01-06.png,of
i_b06-075-01-06.png,or
i_e04-062-00-07.png,to
i_d04-008-00-02.png,describes
i_b06-049-00-06.png,view
i_b02-013-09-07.png,and
i_a01-117u-08-04.png,take
i_d01-016-02-09.png,or
i_b03-087-02-08.png,is
i_a03-040-03-08.png,in
i_c03-081e-05-03.png,However
i_d07-085-02-01.png,has
i_e07-072-04-01.png,made
i_a01-063u-01-01.png,than
i_c03-021b-00-08.png,an
i_c03-016b-01-06.png,young
i_d04-071-00-06.png,Law
i_b06-045-04-00.png,movement
i_a05-048-07-02.png,that
i_c06-027-03-00.png,much
i_a06-124-01-01.png,to
i_a01-117-05-01.png,Mr.
i_a06-147-04-04.png,war
i_a06-020-02-08.png,not
i_a04-010-00-02.png,to
i_e04-103-01-00.png,to
i_a02-000-02-06.png,visit
i_d06-104-09-05.png,at
i_b06-082-05-07.png,control
i_b05-042-01-07.png,recorded
i_c03-016b-01-08.png,lives
i_a02-004-01-05.png,was
i_c04-160-06-05.png,viewers
i_e06-046-03-01.png,or
i_a01-107-00-10.png,the
i_d06-027-03-07.png,know
i_b01-057-02-01.png,who
i_d01-098-04-08.png,It
i_e04-132-01-09.png,may
i_b02-035-06-04.png,is
i_a04-023-01-05.png,with
i_c01-014-08-06.png,is
i_b06-079-01-02.png,unite
i_d01-019-00-07.png,which
i_c04-105-01-01.png,Daniels
i_a01-007-00-07.png,and
i_a02-093-06-04.png,open
i_e07-003-01-04.png,nature
i_a02-098-06-01.png,leader
i_a05-094-06-03.png,visible
i_a02-032-04-05.png,supreme
i_b03-104-01-01.png,the
i_a05-022-03-02.png,least
i_a03-023-03-00.png,of
i_d06-030-04-07.png,quality
i_a02-004-07-00.png,of
i_c03-003e-06-07.png,director
i_a05-017-02-01.png,is
i_c03-000d-05-02.png,script
i_b02-035-05-02.png,Rhodesia
i_a06-075-07-05.png,Williams
i_d01-123-02-05.png,the
i_b04-187-03-00.png,cinema
i_e06-046-03-03.png,the
i_d04-021-01-01.png,are
i_c03-094b-02-02.png,always
i_a03-071-03-09.png,would
i_a02-012-07-00.png,tary
i_a04-092-09-03.png,has
i_e04-132-00-08.png,picture
i_e01-022-03-04.png,lace-trimmed
i_b01-079-00-08.png,Mr.
i_a01-043u-06-06.png,of
i_a05-044-08-04.png,86
i_a03-023-02-04.png,military
i_e06-000-02-07.png,crowding
i_d05-008-04-03.png,up
i_a03-066-07-04.png,election
i_d04-125-01-00.png,without
i_c03-096f-03-01.png,by
i_b01-094-08-02.png,government
i_e04-019-00-05.png,tilt
i_a06-044-02-00.png,Minister
i_a05-025-00-00.png,Criticisms
i_e02-094-05-02.png,man
i_c04-122-05-00.png,with
i_c01-009-08-02.png,modern
i_b01-044-02-07.png,been
i_a02-000-00-02.png,has
i_a04-027-04-09.png,of
i_a02-042-01-07.png,stern
i_c03-021f-07-05.png,gives
i_c06-095-01-01.png,He
i_a03-059-01-00.png,Mr.
i_a06-008-04-05.png,You
i_c04-156-04-00.png,first-class
i_e02-082-07-02.png,use
i_c04-165-04-06.png,Professor
i_a05-104-08-02.png,of
i_c04-008-07-05.png,neck
i_a01-043x-05-04.png,York
i_b06-087-08-01.png,Holy
i_a05-022-00-04.png,would
i_d06-104-09-02.png,on
i_d01-118-06-09.png,on
i_b05-083-02-04.png,is
i_d04-037-06-02.png,deficient
i_d06-086-08-04.png,necessary
i_b06-064-07-05.png,basis
i_a01-026-01-00.png,in
i_b01-018-06-04.png,this
i_a02-111-03-03.png,the
i_c02-089-06-01.png,East
i_c03-021b-02-08.png,instinct
i_a03-071-07-07.png,in
i_a01-043x-05-08.png,his
i_a01-030x-07-04.png,progress
i_c03-087e-04-06.png,de-
i_b01-127-02-02.png,means
i_d06-091-07-05.png,to
i_b01-027-00-00.png,THE
i_c06-020-06-03.png,I
i_c06-083-03-08.png,each
i_a05-073-07-04.png,a
i_a02-090-05-08.png,seem
i_b04-004-02-01.png,in
i_c01-009-06-00.png,admitted
i_c04-098-04-08.png,Elvis
i_a06-152-01-04.png,to
i_c06-020-03-01.png,journalist
i_d07-100-07-02.png,whenever
i_a01-003x-01-08.png,turn
i_d01-049-05-01.png,that
i_e06-006-05-05.png,A
i_c04-004-00-03.png,hunch
i_d01-016-01-03.png,be
i_c06-011-00-01.png,present
i_c02-017-02-04.png,who
i_a01-107u-02-02.png,and
i_b01-118-04-08.png,fleeing
i_a03-006-07-03.png,some
i_d01-085-02-06.png,written
i_b01-122-05-06.png,stay
i_c04-170-02-07.png,said
i_b04-154-00-03.png,Roy
i_b05-079-07-00.png,ruling
i_c04-089-06-03.png,another
i_b06-008-05-03.png,their
i_a03-040-05-07.png,for
i_d06-111-05-02.png,must
i_b05-042-04-00.png,skilled
i_d04-047-06-06.png,power
i_b02-102-03-10.png,a
i_e01-029-06-05.png,these
i_c03-087d-05-00.png,unredeemable
i_a05-069-08-03.png,United
i_c03-096b-06-00.png,because
i_a03-073-04-00.png,have
i_a04-054-05-09.png,it
i_d04-066-00-01.png,the
i_a05-048-01-02.png,voters
i_c03-081b-03-02.png,her
i_c03-000e-01-05.png,opens
i_c04-044-00-04.png,a
i_c04-061-00-04.png,newly-wed
i_c03-094a-08-00.png,the
i_b01-079-04-08.png,not
i_a01-058u-04-07.png,good
i_b01-113-07-03.png,existence
i_d04-089-03-03.png,Education
i_a01-058u-04-00.png,the
i_a01-003u-00-04.png,some
i_c03-087a-03-06.png,world
i_a01-020x-01-02.png,despite
i_a03-071-03-01.png,has
i_a01-091-07-05.png,censure
i_a05-113-05-07.png,defence
i_d05-008-01-07.png,to
i_b01-033-04-01.png,a
i_c02-059-03-07.png,Both
i_b06-000-01-00.png,the
i_c03-003c-08-03.png,of
i_d04-075-03-06.png,land
i_e04-022-01-06.png,seat
i_c06-047-05-05.png,the
i_b06-075-00-04.png,that
i_a04-027-03-04.png,President
i_a06-020-04-03.png,an
i_a06-075-04-00.png,for
i_a05-073-06-00.png,final
i_a01-014-04-04.png,to
i_a02-008-07-03.png,for
i_d04-050-01-02.png,power
i_d04-021-06-11.png,)
i_b02-013-06-01.png,most
i_a02-046-02-08.png,the
i_b04-202-06-04.png,a
i_e04-022-05-01.png,piece
i_b03-087-00-03.png,envisages
i_a02-050-06-01.png,Accra
i_a05-099-05-06.png,be
i_a05-039-10-00.png,Lawrence
i_a06-000-05-05.png,that
i_a02-072-01-00.png,probably
i_e06-053-05-06.png,by
i_b05-042-01-06.png,to
i_e06-026-05-03.png,The
i_b06-019-00-04.png,too
i_a03-017-06-02.png,cost
i_e07-066-01-02.png,Lincs
i_c02-059-04-04.png,took
i_a03-017-05-01.png,1958
i_a01-014x-08-01.png,chief
i_a05-080-07-03.png,panic
i_a02-046-04-07.png,ten
i_a02-037-07-00.png,becomes
i_a03-023-06-06.png,their
i_b05-032-03-09.png,run
i_c02-056-04-05.png,and
i_b06-056-10-02.png,moving
